area_type,prefecture_code,sma_code,prefecture_name,area_name,column,fiscal_year,procedure_code,procedure_name,count
secondary_medical_area,01,0101,,南渡島,6,2022,111014210,初診料（情報通信機器を用いた初診を行った場合）,90.0
secondary_medical_area,01,0102,,南檜山,7,2022,111014210,初診料（情報通信機器を用いた初診を行った場合）,0.0
secondary_medical_area,01,0103,,北渡島檜山,8,2022,111014210,初診料（情報通信機器を用いた初診を行った場合）,0.0
secondary_medical_area,01,0104,,札幌,9,2022,111014210,初診料（情報通信機器を用いた初診を行った場合）,13502.0
secondary_medical_area,01,0105,,後志,10,2022,111014210,初診料（情報通信機器を用いた初診を行った場合）,11.0
secondary_medical_area,01,0106,,南空知,11,2022,111014210,初診料（情報通信機器を用いた初診を行った場合）,
secondary_medical_area,01,0107,,中空知,12,2022,111014210,初診料（情報通信機器を用いた初診を行った場合）,29.0
secondary_medical_area,01,0108,,北空知,13,2022,111014210,初診料（情報通信機器を用いた初診を行った場合）,0.0
secondary_medical_area,01,0109,,西胆振,14,2022,111014210,初診料（情報通信機器を用いた初診を行った場合）,
secondary_medical_area,01,0110,,東胆振,15,2022,111014210,初診料（情報通信機器を用いた初診を行った場合）,0.0
secondary_medical_area,01,0111,,日高,16,2022,111014210,初診料（情報通信機器を用いた初診を行った場合）,0.0
secondary_medical_area,01,0112,,上川中部,17,2022,111014210,初診料（情報通信機器を用いた初診を行った場合）,0.0
secondary_medical_area,01,0113,,上川北部,18,2022,111014210,初診料（情報通信機器を用いた初診を行った場合）,0.0
secondary_medical_area,01,0114,,富良野,19,2022,111014210,初診料（情報通信機器を用いた初診を行った場合）,0.0
secondary_medical_area,01,0115,,留萌,20,2022,111014210,初診料（情報通信機器を用いた初診を行った場合）,
secondary_medical_area,01,0116,,宗谷,21,2022,111014210,初診料（情報通信機器を用いた初診を行った場合）,26.0
secondary_medical_area,01,0117,,北網,22,2022,111014210,初診料（情報通信機器を用いた初診を行った場合）,30.0
secondary_medical_area,01,0118,,遠紋,23,2022,111014210,初診料（情報通信機器を用いた初診を行った場合）,0.0
secondary_medical_area,01,0119,,十勝,24,2022,111014210,初診料（情報通信機器を用いた初診を行った場合）,402.0
secondary_medical_area,01,0120,,釧路,25,2022,111014210,初診料（情報通信機器を用いた初診を行った場合）,141.0
secondary_medical_area,01,0121,,根室,26,2022,111014210,初診料（情報通信機器を用いた初診を行った場合）,0.0
secondary_medical_area,02,0201,,津軽地域,27,2022,111014210,初診料（情報通信機器を用いた初診を行った場合）,
secondary_medical_area,02,0202,,八戸地域,28,2022,111014210,初診料（情報通信機器を用いた初診を行った場合）,323.0
secondary_medical_area,02,0203,,青森地域,29,2022,111014210,初診料（情報通信機器を用いた初診を行った場合）,493.0
secondary_medical_area,02,0204,,西北五地域,30,2022,111014210,初診料（情報通信機器を用いた初診を行った場合）,
secondary_medical_area,02,0205,,上十三地域,31,2022,111014210,初診料（情報通信機器を用いた初診を行った場合）,0.0
secondary_medical_area,02,0206,,下北地域,32,2022,111014210,初診料（情報通信機器を用いた初診を行った場合）,0.0
secondary_medical_area,03,0301,,盛岡,33,2022,111014210,初診料（情報通信機器を用いた初診を行った場合）,63.0
secondary_medical_area,03,0302,,岩手中部,34,2022,111014210,初診料（情報通信機器を用いた初診を行った場合）,
secondary_medical_area,03,0303,,胆江,35,2022,111014210,初診料（情報通信機器を用いた初診を行った場合）,0.0
secondary_medical_area,03,0304,,両磐,36,2022,111014210,初診料（情報通信機器を用いた初診を行った場合）,
secondary_medical_area,03,0305,,気仙,37,2022,111014210,初診料（情報通信機器を用いた初診を行った場合）,108.0
secondary_medical_area,03,0306,,釜石,38,2022,111014210,初診料（情報通信機器を用いた初診を行った場合）,
secondary_medical_area,03,0307,,宮古,39,2022,111014210,初診料（情報通信機器を用いた初診を行った場合）,0.0
secondary_medical_area,03,0308,,久慈,40,2022,111014210,初診料（情報通信機器を用いた初診を行った場合）,0.0
secondary_medical_area,03,0309,,二戸,41,2022,111014210,初診料（情報通信機器を用いた初診を行った場合）,0.0
secondary_medical_area,04,0401,,仙南,42,2022,111014210,初診料（情報通信機器を用いた初診を行った場合）,
secondary_medical_area,04,0403,,仙台,43,2022,111014210,初診料（情報通信機器を用いた初診を行った場合）,500.0
secondary_medical_area,04,0406,,大崎・栗原,44,2022,111014210,初診料（情報通信機器を用いた初診を行った場合）,
secondary_medical_area,04,0409,,石巻・登米・気仙沼,45,2022,111014210,初診料（情報通信機器を用いた初診を行った場合）,28.0
secondary_medical_area,05,0501,,大館・鹿角,46,2022,111014210,初診料（情報通信機器を用いた初診を行った場合）,0.0
secondary_medical_area,05,0502,,北秋田,47,2022,111014210,初診料（情報通信機器を用いた初診を行った場合）,
secondary_medical_area,05,0503,,能代・山本,48,2022,111014210,初診料（情報通信機器を用いた初診を行った場合）,295.0
secondary_medical_area,05,0504,,秋田周辺,49,2022,111014210,初診料（情報通信機器を用いた初診を行った場合）,88.0
secondary_medical_area,05,0505,,由利本荘・にかほ,50,2022,111014210,初診料（情報通信機器を用いた初診を行った場合）,0.0
secondary_medical_area,05,0506,,大仙・仙北,51,2022,111014210,初診料（情報通信機器を用いた初診を行った場合）,0.0
secondary_medical_area,05,0507,,横手,52,2022,111014210,初診料（情報通信機器を用いた初診を行った場合）,
secondary_medical_area,05,0508,,湯沢・雄勝,53,2022,111014210,初診料（情報通信機器を用いた初診を行った場合）,0.0
secondary_medical_area,06,0601,,村山,54,2022,111014210,初診料（情報通信機器を用いた初診を行った場合）,94.0
secondary_medical_area,06,0602,,最上,55,2022,111014210,初診料（情報通信機器を用いた初診を行った場合）,
secondary_medical_area,06,0603,,置賜,56,2022,111014210,初診料（情報通信機器を用いた初診を行った場合）,
secondary_medical_area,06,0604,,庄内,57,2022,111014210,初診料（情報通信機器を用いた初診を行った場合）,14.0
secondary_medical_area,07,0701,,県北,58,2022,111014210,初診料（情報通信機器を用いた初診を行った場合）,
secondary_medical_area,07,0702,,県中,59,2022,111014210,初診料（情報通信機器を用いた初診を行った場合）,783.0
secondary_medical_area,07,0703,,県南,60,2022,111014210,初診料（情報通信機器を用いた初診を行った場合）,0.0
secondary_medical_area,07,0706,,相双,61,2022,111014210,初診料（情報通信機器を用いた初診を行った場合）,0.0
secondary_medical_area,07,0707,,いわき,62,2022,111014210,初診料（情報通信機器を用いた初診を行った場合）,
secondary_medical_area,07,0708,,会津・南会津,63,2022,111014210,初診料（情報通信機器を用いた初診を行った場合）,
secondary_medical_area,08,0801,,水戸,64,2022,111014210,初診料（情報通信機器を用いた初診を行った場合）,
secondary_medical_area,08,0802,,日立,65,2022,111014210,初診料（情報通信機器を用いた初診を行った場合）,
secondary_medical_area,08,0803,,常陸太田・ひたちなか,66,2022,111014210,初診料（情報通信機器を用いた初診を行った場合）,54.0
secondary_medical_area,08,0804,,鹿行,67,2022,111014210,初診料（情報通信機器を用いた初診を行った場合）,21.0
secondary_medical_area,08,0805,,土浦,68,2022,111014210,初診料（情報通信機器を用いた初診を行った場合）,47.0
secondary_medical_area,08,0806,,つくば,69,2022,111014210,初診料（情報通信機器を用いた初診を行った場合）,939.0
secondary_medical_area,08,0807,,取手・竜ヶ崎,70,2022,111014210,初診料（情報通信機器を用いた初診を行った場合）,22.0
secondary_medical_area,08,0808,,筑西・下妻,71,2022,111014210,初診料（情報通信機器を用いた初診を行った場合）,28.0
secondary_medical_area,08,0809,,古河・坂東,72,2022,111014210,初診料（情報通信機器を用いた初診を行った場合）,0.0
secondary_medical_area,09,0901,,県北,73,2022,111014210,初診料（情報通信機器を用いた初診を行った場合）,58.0
secondary_medical_area,09,0902,,県西,74,2022,111014210,初診料（情報通信機器を用いた初診を行った場合）,30.0
secondary_medical_area,09,0903,,宇都宮,75,2022,111014210,初診料（情報通信機器を用いた初診を行った場合）,1617.0
secondary_medical_area,09,0904,,県東,76,2022,111014210,初診料（情報通信機器を用いた初診を行った場合）,10.0
secondary_medical_area,09,0905,,県南,77,2022,111014210,初診料（情報通信機器を用いた初診を行った場合）,48.0
secondary_medical_area,09,0906,,両毛,78,2022,111014210,初診料（情報通信機器を用いた初診を行った場合）,36.0
secondary_medical_area,10,1001,,前橋,79,2022,111014210,初診料（情報通信機器を用いた初診を行った場合）,208.0
secondary_medical_area,10,1002,,渋川,80,2022,111014210,初診料（情報通信機器を用いた初診を行った場合）,
secondary_medical_area,10,1003,,伊勢崎,81,2022,111014210,初診料（情報通信機器を用いた初診を行った場合）,16.0
secondary_medical_area,10,1004,,高崎・安中,82,2022,111014210,初診料（情報通信機器を用いた初診を行った場合）,75.0
secondary_medical_area,10,1005,,藤岡,83,2022,111014210,初診料（情報通信機器を用いた初診を行った場合）,13.0
secondary_medical_area,10,1006,,富岡,84,2022,111014210,初診料（情報通信機器を用いた初診を行った場合）,
secondary_medical_area,10,1007,,吾妻,85,2022,111014210,初診料（情報通信機器を用いた初診を行った場合）,0.0
secondary_medical_area,10,1008,,沼田,86,2022,111014210,初診料（情報通信機器を用いた初診を行った場合）,
secondary_medical_area,10,1009,,桐生,87,2022,111014210,初診料（情報通信機器を用いた初診を行った場合）,27.0
secondary_medical_area,10,1010,,太田・館林,88,2022,111014210,初診料（情報通信機器を用いた初診を行った場合）,703.0
secondary_medical_area,11,1101,,南部,89,2022,111014210,初診料（情報通信機器を用いた初診を行った場合）,5345.0
secondary_medical_area,11,1102,,南西部,90,2022,111014210,初診料（情報通信機器を用いた初診を行った場合）,968.0
secondary_medical_area,11,1103,,東部,91,2022,111014210,初診料（情報通信機器を用いた初診を行った場合）,4417.0
secondary_medical_area,11,1104,,さいたま,92,2022,111014210,初診料（情報通信機器を用いた初診を行った場合）,17456.0
secondary_medical_area,11,1105,,県央,93,2022,111014210,初診料（情報通信機器を用いた初診を行った場合）,492.0
secondary_medical_area,11,1106,,川越比企,94,2022,111014210,初診料（情報通信機器を用いた初診を行った場合）,1008.0
secondary_medical_area,11,1107,,西部,95,2022,111014210,初診料（情報通信機器を用いた初診を行った場合）,851.0
secondary_medical_area,11,1108,,利根,96,2022,111014210,初診料（情報通信機器を用いた初診を行った場合）,392.0
secondary_medical_area,11,1109,,北部,97,2022,111014210,初診料（情報通信機器を用いた初診を行った場合）,
secondary_medical_area,11,1110,,秩父,98,2022,111014210,初診料（情報通信機器を用いた初診を行った場合）,
secondary_medical_area,12,1201,,千葉,99,2022,111014210,初診料（情報通信機器を用いた初診を行った場合）,4373.0
secondary_medical_area,12,1202,,東葛南部,100,2022,111014210,初診料（情報通信機器を用いた初診を行った場合）,4853.0
secondary_medical_area,12,1203,,東葛北部,101,2022,111014210,初診料（情報通信機器を用いた初診を行った場合）,3538.0
secondary_medical_area,12,1204,,印旛,102,2022,111014210,初診料（情報通信機器を用いた初診を行った場合）,959.0
secondary_medical_area,12,1205,,香取海匝,103,2022,111014210,初診料（情報通信機器を用いた初診を行った場合）,84.0
secondary_medical_area,12,1206,,山武長生夷隅,104,2022,111014210,初診料（情報通信機器を用いた初診を行った場合）,52.0
secondary_medical_area,12,1207,,安房,105,2022,111014210,初診料（情報通信機器を用いた初診を行った場合）,372.0
secondary_medical_area,12,1208,,君津,106,2022,111014210,初診料（情報通信機器を用いた初診を行った場合）,348.0
secondary_medical_area,12,1209,,市原,107,2022,111014210,初診料（情報通信機器を用いた初診を行った場合）,33.0
secondary_medical_area,13,1301,,区中央部,108,2022,111014210,初診料（情報通信機器を用いた初診を行った場合）,40815.0
secondary_medical_area,13,1302,,区南部,109,2022,111014210,初診料（情報通信機器を用いた初診を行った場合）,3346.0
secondary_medical_area,13,1303,,区西南部,110,2022,111014210,初診料（情報通信機器を用いた初診を行った場合）,37376.0
secondary_medical_area,13,1304,,区西部,111,2022,111014210,初診料（情報通信機器を用いた初診を行った場合）,96418.0
secondary_medical_area,13,1305,,区西北部,112,2022,111014210,初診料（情報通信機器を用いた初診を行った場合）,10522.0
secondary_medical_area,13,1306,,区東北部,113,2022,111014210,初診料（情報通信機器を用いた初診を行った場合）,14221.0
secondary_medical_area,13,1307,,区東部,114,2022,111014210,初診料（情報通信機器を用いた初診を行った場合）,4798.0
secondary_medical_area,13,1308,,西多摩,115,2022,111014210,初診料（情報通信機器を用いた初診を行った場合）,1580.0
secondary_medical_area,13,1309,,南多摩,116,2022,111014210,初診料（情報通信機器を用いた初診を行った場合）,1611.0
secondary_medical_area,13,1310,,北多摩西部,117,2022,111014210,初診料（情報通信機器を用いた初診を行った場合）,1205.0
secondary_medical_area,13,1311,,北多摩南部,118,2022,111014210,初診料（情報通信機器を用いた初診を行った場合）,1478.0
secondary_medical_area,13,1312,,北多摩北部,119,2022,111014210,初診料（情報通信機器を用いた初診を行った場合）,927.0
secondary_medical_area,13,1313,,島しょ,120,2022,111014210,初診料（情報通信機器を用いた初診を行った場合）,0.0
secondary_medical_area,14,1404,,川崎北部,121,2022,111014210,初診料（情報通信機器を用いた初診を行った場合）,3067.0
secondary_medical_area,14,1405,,川崎南部,122,2022,111014210,初診料（情報通信機器を用いた初診を行った場合）,3153.0
secondary_medical_area,14,1406,,横須賀・三浦,123,2022,111014210,初診料（情報通信機器を用いた初診を行った場合）,2534.0
secondary_medical_area,14,1407,,湘南東部,124,2022,111014210,初診料（情報通信機器を用いた初診を行った場合）,897.0
secondary_medical_area,14,1408,,湘南西部,125,2022,111014210,初診料（情報通信機器を用いた初診を行った場合）,171.0
secondary_medical_area,14,1409,,県央,126,2022,111014210,初診料（情報通信機器を用いた初診を行った場合）,532.0
secondary_medical_area,14,1410,,相模原,127,2022,111014210,初診料（情報通信機器を用いた初診を行った場合）,1130.0
secondary_medical_area,14,1411,,県西,128,2022,111014210,初診料（情報通信機器を用いた初診を行った場合）,290.0
secondary_medical_area,14,1412,,横浜,129,2022,111014210,初診料（情報通信機器を用いた初診を行った場合）,9435.0
secondary_medical_area,15,1501,,下越,130,2022,111014210,初診料（情報通信機器を用いた初診を行った場合）,
secondary_medical_area,15,1502,,新潟,131,2022,111014210,初診料（情報通信機器を用いた初診を行った場合）,2833.0
secondary_medical_area,15,1503,,県央,132,2022,111014210,初診料（情報通信機器を用いた初診を行った場合）,65.0
secondary_medical_area,15,1504,,中越,133,2022,111014210,初診料（情報通信機器を用いた初診を行った場合）,277.0
secondary_medical_area,15,1505,,魚沼,134,2022,111014210,初診料（情報通信機器を用いた初診を行った場合）,161.0
secondary_medical_area,15,1506,,上越,135,2022,111014210,初診料（情報通信機器を用いた初診を行った場合）,82.0
secondary_medical_area,15,1507,,佐渡,136,2022,111014210,初診料（情報通信機器を用いた初診を行った場合）,
secondary_medical_area,16,1601,,新川,137,2022,111014210,初診料（情報通信機器を用いた初診を行った場合）,
secondary_medical_area,16,1602,,富山,138,2022,111014210,初診料（情報通信機器を用いた初診を行った場合）,166.0
secondary_medical_area,16,1603,,高岡,139,2022,111014210,初診料（情報通信機器を用いた初診を行った場合）,
secondary_medical_area,16,1604,,砺波,140,2022,111014210,初診料（情報通信機器を用いた初診を行った場合）,0.0
secondary_medical_area,17,1701,,南加賀,141,2022,111014210,初診料（情報通信機器を用いた初診を行った場合）,
secondary_medical_area,17,1702,,石川中央,142,2022,111014210,初診料（情報通信機器を用いた初診を行った場合）,162.0
secondary_medical_area,17,1703,,能登中部,143,2022,111014210,初診料（情報通信機器を用いた初診を行った場合）,24.0
secondary_medical_area,17,1704,,能登北部,144,2022,111014210,初診料（情報通信機器を用いた初診を行った場合）,
secondary_medical_area,18,1801,,福井・坂井,145,2022,111014210,初診料（情報通信機器を用いた初診を行った場合）,1046.0
secondary_medical_area,18,1802,,奥越,146,2022,111014210,初診料（情報通信機器を用いた初診を行った場合）,54.0
secondary_medical_area,18,1803,,丹南,147,2022,111014210,初診料（情報通信機器を用いた初診を行った場合）,10.0
secondary_medical_area,18,1804,,嶺南,148,2022,111014210,初診料（情報通信機器を用いた初診を行った場合）,521.0
secondary_medical_area,19,1901,,中北,149,2022,111014210,初診料（情報通信機器を用いた初診を行った場合）,580.0
secondary_medical_area,19,1902,,峡東,150,2022,111014210,初診料（情報通信機器を用いた初診を行った場合）,364.0
secondary_medical_area,19,1903,,峡南,151,2022,111014210,初診料（情報通信機器を用いた初診を行った場合）,0.0
secondary_medical_area,19,1904,,富士・東部,152,2022,111014210,初診料（情報通信機器を用いた初診を行った場合）,297.0
secondary_medical_area,20,2001,,佐久,153,2022,111014210,初診料（情報通信機器を用いた初診を行った場合）,111.0
secondary_medical_area,20,2002,,上小,154,2022,111014210,初診料（情報通信機器を用いた初診を行った場合）,
secondary_medical_area,20,2003,,諏訪,155,2022,111014210,初診料（情報通信機器を用いた初診を行った場合）,40.0
secondary_medical_area,20,2004,,上伊那,156,2022,111014210,初診料（情報通信機器を用いた初診を行った場合）,
secondary_medical_area,20,2005,,飯伊,157,2022,111014210,初診料（情報通信機器を用いた初診を行った場合）,33.0
secondary_medical_area,20,2006,,木曽,158,2022,111014210,初診料（情報通信機器を用いた初診を行った場合）,0.0
secondary_medical_area,20,2007,,松本,159,2022,111014210,初診料（情報通信機器を用いた初診を行った場合）,148.0
secondary_medical_area,20,2008,,大北,160,2022,111014210,初診料（情報通信機器を用いた初診を行った場合）,54.0
secondary_medical_area,20,2009,,長野,161,2022,111014210,初診料（情報通信機器を用いた初診を行った場合）,185.0
secondary_medical_area,20,2010,,北信,162,2022,111014210,初診料（情報通信機器を用いた初診を行った場合）,0.0
secondary_medical_area,21,2101,,岐阜,163,2022,111014210,初診料（情報通信機器を用いた初診を行った場合）,1105.0
secondary_medical_area,21,2102,,西濃,164,2022,111014210,初診料（情報通信機器を用いた初診を行った場合）,13.0
secondary_medical_area,21,2103,,中濃,165,2022,111014210,初診料（情報通信機器を用いた初診を行った場合）,62.0
secondary_medical_area,21,2104,,東濃,166,2022,111014210,初診料（情報通信機器を用いた初診を行った場合）,
secondary_medical_area,21,2105,,飛騨,167,2022,111014210,初診料（情報通信機器を用いた初診を行った場合）,
secondary_medical_area,22,2201,,賀茂,168,2022,111014210,初診料（情報通信機器を用いた初診を行った場合）,0.0
secondary_medical_area,22,2202,,熱海伊東,169,2022,111014210,初診料（情報通信機器を用いた初診を行った場合）,
secondary_medical_area,22,2203,,駿東田方,170,2022,111014210,初診料（情報通信機器を用いた初診を行った場合）,274.0
secondary_medical_area,22,2204,,富士,171,2022,111014210,初診料（情報通信機器を用いた初診を行った場合）,
secondary_medical_area,22,2205,,静岡,172,2022,111014210,初診料（情報通信機器を用いた初診を行った場合）,147.0
secondary_medical_area,22,2206,,志太榛原,173,2022,111014210,初診料（情報通信機器を用いた初診を行った場合）,248.0
secondary_medical_area,22,2207,,中東遠,174,2022,111014210,初診料（情報通信機器を用いた初診を行った場合）,31.0
secondary_medical_area,22,2208,,西部,175,2022,111014210,初診料（情報通信機器を用いた初診を行った場合）,255.0
secondary_medical_area,23,2302,,海部,176,2022,111014210,初診料（情報通信機器を用いた初診を行った場合）,70.0
secondary_medical_area,23,2304,,尾張東部,177,2022,111014210,初診料（情報通信機器を用いた初診を行った場合）,20.0
secondary_medical_area,23,2305,,尾張西部,178,2022,111014210,初診料（情報通信機器を用いた初診を行った場合）,
secondary_medical_area,23,2306,,尾張北部,179,2022,111014210,初診料（情報通信機器を用いた初診を行った場合）,139.0
secondary_medical_area,23,2307,,知多半島,180,2022,111014210,初診料（情報通信機器を用いた初診を行った場合）,557.0
secondary_medical_area,23,2308,,西三河北部,181,2022,111014210,初診料（情報通信機器を用いた初診を行った場合）,247.0
secondary_medical_area,23,2309,,西三河南部西,182,2022,111014210,初診料（情報通信機器を用いた初診を行った場合）,30.0
secondary_medical_area,23,2310,,西三河南部東,183,2022,111014210,初診料（情報通信機器を用いた初診を行った場合）,193.0
secondary_medical_area,23,2311,,東三河北部,184,2022,111014210,初診料（情報通信機器を用いた初診を行った場合）,
secondary_medical_area,23,2312,,東三河南部,185,2022,111014210,初診料（情報通信機器を用いた初診を行った場合）,71.0
secondary_medical_area,23,2313,,名古屋・尾張中部,186,2022,111014210,初診料（情報通信機器を用いた初診を行った場合）,9989.0
secondary_medical_area,24,2401,,北勢,187,2022,111014210,初診料（情報通信機器を用いた初診を行った場合）,133.0
secondary_medical_area,24,2402,,中勢伊賀,188,2022,111014210,初診料（情報通信機器を用いた初診を行った場合）,45.0
secondary_medical_area,24,2403,,南勢志摩,189,2022,111014210,初診料（情報通信機器を用いた初診を行った場合）,820.0
secondary_medical_area,24,2404,,東紀州,190,2022,111014210,初診料（情報通信機器を用いた初診を行った場合）,0.0
secondary_medical_area,25,2501,,大津,191,2022,111014210,初診料（情報通信機器を用いた初診を行った場合）,20.0
secondary_medical_area,25,2502,,湖南,192,2022,111014210,初診料（情報通信機器を用いた初診を行った場合）,197.0
secondary_medical_area,25,2503,,甲賀,193,2022,111014210,初診料（情報通信機器を用いた初診を行った場合）,
secondary_medical_area,25,2504,,東近江,194,2022,111014210,初診料（情報通信機器を用いた初診を行った場合）,15.0
secondary_medical_area,25,2505,,湖東,195,2022,111014210,初診料（情報通信機器を用いた初診を行った場合）,22.0
secondary_medical_area,25,2506,,湖北,196,2022,111014210,初診料（情報通信機器を用いた初診を行った場合）,
secondary_medical_area,25,2507,,湖西,197,2022,111014210,初診料（情報通信機器を用いた初診を行った場合）,0.0
secondary_medical_area,26,2601,,丹後,198,2022,111014210,初診料（情報通信機器を用いた初診を行った場合）,433.0
secondary_medical_area,26,2602,,中丹,199,2022,111014210,初診料（情報通信機器を用いた初診を行った場合）,100.0
secondary_medical_area,26,2603,,南丹,200,2022,111014210,初診料（情報通信機器を用いた初診を行った場合）,0.0
secondary_medical_area,26,2604,,京都・乙訓,201,2022,111014210,初診料（情報通信機器を用いた初診を行った場合）,1910.0
secondary_medical_area,26,2605,,山城北,202,2022,111014210,初診料（情報通信機器を用いた初診を行った場合）,58.0
secondary_medical_area,26,2606,,山城南,203,2022,111014210,初診料（情報通信機器を用いた初診を行った場合）,146.0
secondary_medical_area,27,2701,,豊能,204,2022,111014210,初診料（情報通信機器を用いた初診を行った場合）,1149.0
secondary_medical_area,27,2702,,三島,205,2022,111014210,初診料（情報通信機器を用いた初診を行った場合）,1075.0
secondary_medical_area,27,2703,,北河内,206,2022,111014210,初診料（情報通信機器を用いた初診を行った場合）,9769.0
secondary_medical_area,27,2704,,中河内,207,2022,111014210,初診料（情報通信機器を用いた初診を行った場合）,537.0
secondary_medical_area,27,2705,,南河内,208,2022,111014210,初診料（情報通信機器を用いた初診を行った場合）,4628.0
secondary_medical_area,27,2706,,堺市,209,2022,111014210,初診料（情報通信機器を用いた初診を行った場合）,1060.0
secondary_medical_area,27,2707,,泉州,210,2022,111014210,初診料（情報通信機器を用いた初診を行った場合）,287.0
secondary_medical_area,27,2708,,大阪市,211,2022,111014210,初診料（情報通信機器を用いた初診を行った場合）,16867.0
secondary_medical_area,28,2801,,神戸,212,2022,111014210,初診料（情報通信機器を用いた初診を行った場合）,3015.0
secondary_medical_area,28,2804,,東播磨,213,2022,111014210,初診料（情報通信機器を用いた初診を行った場合）,825.0
secondary_medical_area,28,2805,,北播磨,214,2022,111014210,初診料（情報通信機器を用いた初診を行った場合）,
secondary_medical_area,28,2808,,但馬,215,2022,111014210,初診料（情報通信機器を用いた初診を行った場合）,
secondary_medical_area,28,2809,,丹波,216,2022,111014210,初診料（情報通信機器を用いた初診を行った場合）,0.0
secondary_medical_area,28,2810,,淡路,217,2022,111014210,初診料（情報通信機器を用いた初診を行った場合）,0.0
secondary_medical_area,28,2811,,阪神,218,2022,111014210,初診料（情報通信機器を用いた初診を行った場合）,4342.0
secondary_medical_area,28,2812,,播磨姫路,219,2022,111014210,初診料（情報通信機器を用いた初診を行った場合）,134.0
secondary_medical_area,29,2901,,奈良,220,2022,111014210,初診料（情報通信機器を用いた初診を行った場合）,156.0
secondary_medical_area,29,2902,,東和,221,2022,111014210,初診料（情報通信機器を用いた初診を行った場合）,23.0
secondary_medical_area,29,2903,,西和,222,2022,111014210,初診料（情報通信機器を用いた初診を行った場合）,189.0
secondary_medical_area,29,2904,,中和,223,2022,111014210,初診料（情報通信機器を用いた初診を行った場合）,23.0
secondary_medical_area,29,2905,,南和,224,2022,111014210,初診料（情報通信機器を用いた初診を行った場合）,0.0
secondary_medical_area,30,3001,,和歌山,225,2022,111014210,初診料（情報通信機器を用いた初診を行った場合）,349.0
secondary_medical_area,30,3002,,那賀,226,2022,111014210,初診料（情報通信機器を用いた初診を行った場合）,99.0
secondary_medical_area,30,3003,,橋本,227,2022,111014210,初診料（情報通信機器を用いた初診を行った場合）,0.0
secondary_medical_area,30,3004,,有田,228,2022,111014210,初診料（情報通信機器を用いた初診を行った場合）,
secondary_medical_area,30,3005,,御坊,229,2022,111014210,初診料（情報通信機器を用いた初診を行った場合）,
secondary_medical_area,30,3006,,田辺,230,2022,111014210,初診料（情報通信機器を用いた初診を行った場合）,14.0
secondary_medical_area,30,3007,,新宮,231,2022,111014210,初診料（情報通信機器を用いた初診を行った場合）,20.0
secondary_medical_area,31,3101,,東部,232,2022,111014210,初診料（情報通信機器を用いた初診を行った場合）,25.0
secondary_medical_area,31,3102,,中部,233,2022,111014210,初診料（情報通信機器を用いた初診を行った場合）,283.0
secondary_medical_area,31,3103,,西部,234,2022,111014210,初診料（情報通信機器を用いた初診を行った場合）,12.0
secondary_medical_area,32,3201,,松江,235,2022,111014210,初診料（情報通信機器を用いた初診を行った場合）,1154.0
secondary_medical_area,32,3202,,雲南,236,2022,111014210,初診料（情報通信機器を用いた初診を行った場合）,0.0
secondary_medical_area,32,3203,,出雲,237,2022,111014210,初診料（情報通信機器を用いた初診を行った場合）,672.0
secondary_medical_area,32,3204,,大田,238,2022,111014210,初診料（情報通信機器を用いた初診を行った場合）,97.0
secondary_medical_area,32,3205,,浜田,239,2022,111014210,初診料（情報通信機器を用いた初診を行った場合）,
secondary_medical_area,32,3206,,益田,240,2022,111014210,初診料（情報通信機器を用いた初診を行った場合）,
secondary_medical_area,32,3207,,隠岐,241,2022,111014210,初診料（情報通信機器を用いた初診を行った場合）,0.0
secondary_medical_area,33,3301,,県南東部,242,2022,111014210,初診料（情報通信機器を用いた初診を行った場合）,221.0
secondary_medical_area,33,3302,,県南西部,243,2022,111014210,初診料（情報通信機器を用いた初診を行った場合）,633.0
secondary_medical_area,33,3303,,高梁・新見,244,2022,111014210,初診料（情報通信機器を用いた初診を行った場合）,0.0
secondary_medical_area,33,3304,,真庭,245,2022,111014210,初診料（情報通信機器を用いた初診を行った場合）,
secondary_medical_area,33,3305,,津山・英田,246,2022,111014210,初診料（情報通信機器を用いた初診を行った場合）,
secondary_medical_area,34,3401,,広島,247,2022,111014210,初診料（情報通信機器を用いた初診を行った場合）,1393.0
secondary_medical_area,34,3402,,広島西,248,2022,111014210,初診料（情報通信機器を用いた初診を行った場合）,25.0
secondary_medical_area,34,3403,,呉,249,2022,111014210,初診料（情報通信機器を用いた初診を行った場合）,77.0
secondary_medical_area,34,3404,,広島中央,250,2022,111014210,初診料（情報通信機器を用いた初診を行った場合）,
secondary_medical_area,34,3405,,尾三,251,2022,111014210,初診料（情報通信機器を用いた初診を行った場合）,
secondary_medical_area,34,3406,,福山・府中,252,2022,111014210,初診料（情報通信機器を用いた初診を行った場合）,208.0
secondary_medical_area,34,3407,,備北,253,2022,111014210,初診料（情報通信機器を用いた初診を行った場合）,25.0
secondary_medical_area,35,3501,,岩国,254,2022,111014210,初診料（情報通信機器を用いた初診を行った場合）,279.0
secondary_medical_area,35,3502,,柳井,255,2022,111014210,初診料（情報通信機器を用いた初診を行った場合）,0.0
secondary_medical_area,35,3503,,周南,256,2022,111014210,初診料（情報通信機器を用いた初診を行った場合）,34.0
secondary_medical_area,35,3504,,山口・防府,257,2022,111014210,初診料（情報通信機器を用いた初診を行った場合）,154.0
secondary_medical_area,35,3505,,宇部・小野田,258,2022,111014210,初診料（情報通信機器を用いた初診を行った場合）,16.0
secondary_medical_area,35,3506,,下関,259,2022,111014210,初診料（情報通信機器を用いた初診を行った場合）,359.0
secondary_medical_area,35,3507,,長門,260,2022,111014210,初診料（情報通信機器を用いた初診を行った場合）,0.0
secondary_medical_area,35,3508,,萩,261,2022,111014210,初診料（情報通信機器を用いた初診を行った場合）,0.0
secondary_medical_area,36,3601,,東部,262,2022,111014210,初診料（情報通信機器を用いた初診を行った場合）,
secondary_medical_area,36,3603,,南部,263,2022,111014210,初診料（情報通信機器を用いた初診を行った場合）,0.0
secondary_medical_area,36,3605,,西部,264,2022,111014210,初診料（情報通信機器を用いた初診を行った場合）,
secondary_medical_area,37,3702,,小豆,265,2022,111014210,初診料（情報通信機器を用いた初診を行った場合）,0.0
secondary_medical_area,37,3706,,東部,266,2022,111014210,初診料（情報通信機器を用いた初診を行った場合）,
secondary_medical_area,37,3707,,西部,267,2022,111014210,初診料（情報通信機器を用いた初診を行った場合）,
secondary_medical_area,38,3801,,宇摩,268,2022,111014210,初診料（情報通信機器を用いた初診を行った場合）,53.0
secondary_medical_area,38,3802,,新居浜・西条,269,2022,111014210,初診料（情報通信機器を用いた初診を行った場合）,18.0
secondary_medical_area,38,3803,,今治,270,2022,111014210,初診料（情報通信機器を用いた初診を行った場合）,
secondary_medical_area,38,3804,,松山,271,2022,111014210,初診料（情報通信機器を用いた初診を行った場合）,273.0
secondary_medical_area,38,3805,,八幡浜・大洲,272,2022,111014210,初診料（情報通信機器を用いた初診を行った場合）,
secondary_medical_area,38,3806,,宇和島,273,2022,111014210,初診料（情報通信機器を用いた初診を行った場合）,0.0
secondary_medical_area,39,3901,,安芸,274,2022,111014210,初診料（情報通信機器を用いた初診を行った場合）,0.0
secondary_medical_area,39,3902,,中央,275,2022,111014210,初診料（情報通信機器を用いた初診を行った場合）,310.0
secondary_medical_area,39,3903,,高幡,276,2022,111014210,初診料（情報通信機器を用いた初診を行った場合）,0.0
secondary_medical_area,39,3904,,幡多,277,2022,111014210,初診料（情報通信機器を用いた初診を行った場合）,207.0
secondary_medical_area,40,4001,,福岡・糸島,278,2022,111014210,初診料（情報通信機器を用いた初診を行った場合）,1571.0
secondary_medical_area,40,4002,,粕屋,279,2022,111014210,初診料（情報通信機器を用いた初診を行った場合）,14.0
secondary_medical_area,40,4003,,宗像,280,2022,111014210,初診料（情報通信機器を用いた初診を行った場合）,
secondary_medical_area,40,4004,,筑紫,281,2022,111014210,初診料（情報通信機器を用いた初診を行った場合）,66.0
secondary_medical_area,40,4005,,朝倉,282,2022,111014210,初診料（情報通信機器を用いた初診を行った場合）,
secondary_medical_area,40,4006,,久留米,283,2022,111014210,初診料（情報通信機器を用いた初診を行った場合）,51.0
secondary_medical_area,40,4007,,八女・筑後,284,2022,111014210,初診料（情報通信機器を用いた初診を行った場合）,0.0
secondary_medical_area,40,4008,,有明,285,2022,111014210,初診料（情報通信機器を用いた初診を行った場合）,
secondary_medical_area,40,4009,,飯塚,286,2022,111014210,初診料（情報通信機器を用いた初診を行った場合）,0.0
secondary_medical_area,40,4010,,直方・鞍手,287,2022,111014210,初診料（情報通信機器を用いた初診を行った場合）,0.0
secondary_medical_area,40,4011,,田川,288,2022,111014210,初診料（情報通信機器を用いた初診を行った場合）,0.0
secondary_medical_area,40,4012,,北九州,289,2022,111014210,初診料（情報通信機器を用いた初診を行った場合）,250.0
secondary_medical_area,40,4013,,京築,290,2022,111014210,初診料（情報通信機器を用いた初診を行った場合）,0.0
secondary_medical_area,41,4101,,中部,291,2022,111014210,初診料（情報通信機器を用いた初診を行った場合）,
secondary_medical_area,41,4102,,東部,292,2022,111014210,初診料（情報通信機器を用いた初診を行った場合）,50.0
secondary_medical_area,41,4103,,北部,293,2022,111014210,初診料（情報通信機器を用いた初診を行った場合）,0.0
secondary_medical_area,41,4104,,西部,294,2022,111014210,初診料（情報通信機器を用いた初診を行った場合）,0.0
secondary_medical_area,41,4105,,南部,295,2022,111014210,初診料（情報通信機器を用いた初診を行った場合）,
secondary_medical_area,42,4201,,長崎,296,2022,111014210,初診料（情報通信機器を用いた初診を行った場合）,237.0
secondary_medical_area,42,4202,,佐世保県北,297,2022,111014210,初診料（情報通信機器を用いた初診を行った場合）,28.0
secondary_medical_area,42,4203,,県央,298,2022,111014210,初診料（情報通信機器を用いた初診を行った場合）,0.0
secondary_medical_area,42,4204,,県南,299,2022,111014210,初診料（情報通信機器を用いた初診を行った場合）,
secondary_medical_area,42,4206,,五島,300,2022,111014210,初診料（情報通信機器を用いた初診を行った場合）,
secondary_medical_area,42,4207,,上五島,301,2022,111014210,初診料（情報通信機器を用いた初診を行った場合）,0.0
secondary_medical_area,42,4208,,壱岐,302,2022,111014210,初診料（情報通信機器を用いた初診を行った場合）,0.0
secondary_medical_area,42,4209,,対馬,303,2022,111014210,初診料（情報通信機器を用いた初診を行った場合）,0.0
secondary_medical_area,43,4302,,宇城,304,2022,111014210,初診料（情報通信機器を用いた初診を行った場合）,
secondary_medical_area,43,4303,,有明,305,2022,111014210,初診料（情報通信機器を用いた初診を行った場合）,347.0
secondary_medical_area,43,4304,,鹿本,306,2022,111014210,初診料（情報通信機器を用いた初診を行った場合）,
secondary_medical_area,43,4305,,菊池,307,2022,111014210,初診料（情報通信機器を用いた初診を行った場合）,0.0
secondary_medical_area,43,4306,,阿蘇,308,2022,111014210,初診料（情報通信機器を用いた初診を行った場合）,0.0
secondary_medical_area,43,4308,,八代,309,2022,111014210,初診料（情報通信機器を用いた初診を行った場合）,0.0
secondary_medical_area,43,4309,,芦北,310,2022,111014210,初診料（情報通信機器を用いた初診を行った場合）,
secondary_medical_area,43,4310,,球磨,311,2022,111014210,初診料（情報通信機器を用いた初診を行った場合）,
secondary_medical_area,43,4311,,天草,312,2022,111014210,初診料（情報通信機器を用いた初診を行った場合）,82.0
secondary_medical_area,43,4312,,熊本・上益城,313,2022,111014210,初診料（情報通信機器を用いた初診を行った場合）,1561.0
secondary_medical_area,44,4401,,東部,314,2022,111014210,初診料（情報通信機器を用いた初診を行った場合）,42.0
secondary_medical_area,44,4403,,中部,315,2022,111014210,初診料（情報通信機器を用いた初診を行った場合）,696.0
secondary_medical_area,44,4405,,南部,316,2022,111014210,初診料（情報通信機器を用いた初診を行った場合）,0.0
secondary_medical_area,44,4406,,豊肥,317,2022,111014210,初診料（情報通信機器を用いた初診を行った場合）,0.0
secondary_medical_area,44,4408,,西部,318,2022,111014210,初診料（情報通信機器を用いた初診を行った場合）,0.0
secondary_medical_area,44,4409,,北部,319,2022,111014210,初診料（情報通信機器を用いた初診を行った場合）,0.0
secondary_medical_area,45,4501,,宮崎東諸県,320,2022,111014210,初診料（情報通信機器を用いた初診を行った場合）,608.0
secondary_medical_area,45,4502,,都城北諸県,321,2022,111014210,初診料（情報通信機器を用いた初診を行った場合）,157.0
secondary_medical_area,45,4503,,延岡西臼杵,322,2022,111014210,初診料（情報通信機器を用いた初診を行った場合）,
secondary_medical_area,45,4504,,日南串間,323,2022,111014210,初診料（情報通信機器を用いた初診を行った場合）,0.0
secondary_medical_area,45,4505,,西諸,324,2022,111014210,初診料（情報通信機器を用いた初診を行った場合）,
secondary_medical_area,45,4506,,西都児湯,325,2022,111014210,初診料（情報通信機器を用いた初診を行った場合）,0.0
secondary_medical_area,45,4507,,日向入郷,326,2022,111014210,初診料（情報通信機器を用いた初診を行った場合）,0.0
secondary_medical_area,46,4601,,鹿児島,327,2022,111014210,初診料（情報通信機器を用いた初診を行った場合）,419.0
secondary_medical_area,46,4603,,南薩,328,2022,111014210,初診料（情報通信機器を用いた初診を行った場合）,40.0
secondary_medical_area,46,4605,,川薩,329,2022,111014210,初診料（情報通信機器を用いた初診を行った場合）,
secondary_medical_area,46,4606,,出水,330,2022,111014210,初診料（情報通信機器を用いた初診を行った場合）,0.0
secondary_medical_area,46,4607,,姶良・伊佐,331,2022,111014210,初診料（情報通信機器を用いた初診を行った場合）,
secondary_medical_area,46,4609,,曽於,332,2022,111014210,初診料（情報通信機器を用いた初診を行った場合）,1276.0
secondary_medical_area,46,4610,,肝属,333,2022,111014210,初診料（情報通信機器を用いた初診を行った場合）,198.0
secondary_medical_area,46,4611,,熊毛,334,2022,111014210,初診料（情報通信機器を用いた初診を行った場合）,0.0
secondary_medical_area,46,4612,,奄美,335,2022,111014210,初診料（情報通信機器を用いた初診を行った場合）,86.0
secondary_medical_area,47,4701,,北部,336,2022,111014210,初診料（情報通信機器を用いた初診を行った場合）,0.0
secondary_medical_area,47,4702,,中部,337,2022,111014210,初診料（情報通信機器を用いた初診を行った場合）,471.0
secondary_medical_area,47,4703,,南部,338,2022,111014210,初診料（情報通信機器を用いた初診を行った場合）,1184.0
secondary_medical_area,47,4704,,宮古,339,2022,111014210,初診料（情報通信機器を用いた初診を行った場合）,15.0
secondary_medical_area,47,4705,,八重山,340,2022,111014210,初診料（情報通信機器を用いた初診を行った場合）,0.0
secondary_medical_area,01,0101,,南渡島,6,2022,112024210,再診料（一般病床２００床以上の病院を除く）（情報通信機器を用いた再診を行った場合）,831.0
secondary_medical_area,01,0102,,南檜山,7,2022,112024210,再診料（一般病床２００床以上の病院を除く）（情報通信機器を用いた再診を行った場合）,0.0
secondary_medical_area,01,0103,,北渡島檜山,8,2022,112024210,再診料（一般病床２００床以上の病院を除く）（情報通信機器を用いた再診を行った場合）,0.0
secondary_medical_area,01,0104,,札幌,9,2022,112024210,再診料（一般病床２００床以上の病院を除く）（情報通信機器を用いた再診を行った場合）,13319.0
secondary_medical_area,01,0105,,後志,10,2022,112024210,再診料（一般病床２００床以上の病院を除く）（情報通信機器を用いた再診を行った場合）,304.0
secondary_medical_area,01,0106,,南空知,11,2022,112024210,再診料（一般病床２００床以上の病院を除く）（情報通信機器を用いた再診を行った場合）,53.0
secondary_medical_area,01,0107,,中空知,12,2022,112024210,再診料（一般病床２００床以上の病院を除く）（情報通信機器を用いた再診を行った場合）,20.0
secondary_medical_area,01,0108,,北空知,13,2022,112024210,再診料（一般病床２００床以上の病院を除く）（情報通信機器を用いた再診を行った場合）,81.0
secondary_medical_area,01,0109,,西胆振,14,2022,112024210,再診料（一般病床２００床以上の病院を除く）（情報通信機器を用いた再診を行った場合）,12.0
secondary_medical_area,01,0110,,東胆振,15,2022,112024210,再診料（一般病床２００床以上の病院を除く）（情報通信機器を用いた再診を行った場合）,
secondary_medical_area,01,0111,,日高,16,2022,112024210,再診料（一般病床２００床以上の病院を除く）（情報通信機器を用いた再診を行った場合）,33.0
secondary_medical_area,01,0112,,上川中部,17,2022,112024210,再診料（一般病床２００床以上の病院を除く）（情報通信機器を用いた再診を行った場合）,66.0
secondary_medical_area,01,0113,,上川北部,18,2022,112024210,再診料（一般病床２００床以上の病院を除く）（情報通信機器を用いた再診を行った場合）,
secondary_medical_area,01,0114,,富良野,19,2022,112024210,再診料（一般病床２００床以上の病院を除く）（情報通信機器を用いた再診を行った場合）,0.0
secondary_medical_area,01,0115,,留萌,20,2022,112024210,再診料（一般病床２００床以上の病院を除く）（情報通信機器を用いた再診を行った場合）,23.0
secondary_medical_area,01,0116,,宗谷,21,2022,112024210,再診料（一般病床２００床以上の病院を除く）（情報通信機器を用いた再診を行った場合）,28.0
secondary_medical_area,01,0117,,北網,22,2022,112024210,再診料（一般病床２００床以上の病院を除く）（情報通信機器を用いた再診を行った場合）,342.0
secondary_medical_area,01,0118,,遠紋,23,2022,112024210,再診料（一般病床２００床以上の病院を除く）（情報通信機器を用いた再診を行った場合）,0.0
secondary_medical_area,01,0119,,十勝,24,2022,112024210,再診料（一般病床２００床以上の病院を除く）（情報通信機器を用いた再診を行った場合）,103.0
secondary_medical_area,01,0120,,釧路,25,2022,112024210,再診料（一般病床２００床以上の病院を除く）（情報通信機器を用いた再診を行った場合）,376.0
secondary_medical_area,01,0121,,根室,26,2022,112024210,再診料（一般病床２００床以上の病院を除く）（情報通信機器を用いた再診を行った場合）,0.0
secondary_medical_area,02,0201,,津軽地域,27,2022,112024210,再診料（一般病床２００床以上の病院を除く）（情報通信機器を用いた再診を行った場合）,240.0
secondary_medical_area,02,0202,,八戸地域,28,2022,112024210,再診料（一般病床２００床以上の病院を除く）（情報通信機器を用いた再診を行った場合）,638.0
secondary_medical_area,02,0203,,青森地域,29,2022,112024210,再診料（一般病床２００床以上の病院を除く）（情報通信機器を用いた再診を行った場合）,606.0
secondary_medical_area,02,0204,,西北五地域,30,2022,112024210,再診料（一般病床２００床以上の病院を除く）（情報通信機器を用いた再診を行った場合）,70.0
secondary_medical_area,02,0205,,上十三地域,31,2022,112024210,再診料（一般病床２００床以上の病院を除く）（情報通信機器を用いた再診を行った場合）,0.0
secondary_medical_area,02,0206,,下北地域,32,2022,112024210,再診料（一般病床２００床以上の病院を除く）（情報通信機器を用いた再診を行った場合）,0.0
secondary_medical_area,03,0301,,盛岡,33,2022,112024210,再診料（一般病床２００床以上の病院を除く）（情報通信機器を用いた再診を行った場合）,566.0
secondary_medical_area,03,0302,,岩手中部,34,2022,112024210,再診料（一般病床２００床以上の病院を除く）（情報通信機器を用いた再診を行った場合）,276.0
secondary_medical_area,03,0303,,胆江,35,2022,112024210,再診料（一般病床２００床以上の病院を除く）（情報通信機器を用いた再診を行った場合）,
secondary_medical_area,03,0304,,両磐,36,2022,112024210,再診料（一般病床２００床以上の病院を除く）（情報通信機器を用いた再診を行った場合）,25.0
secondary_medical_area,03,0305,,気仙,37,2022,112024210,再診料（一般病床２００床以上の病院を除く）（情報通信機器を用いた再診を行った場合）,59.0
secondary_medical_area,03,0306,,釜石,38,2022,112024210,再診料（一般病床２００床以上の病院を除く）（情報通信機器を用いた再診を行った場合）,
secondary_medical_area,03,0307,,宮古,39,2022,112024210,再診料（一般病床２００床以上の病院を除く）（情報通信機器を用いた再診を行った場合）,
secondary_medical_area,03,0308,,久慈,40,2022,112024210,再診料（一般病床２００床以上の病院を除く）（情報通信機器を用いた再診を行った場合）,0.0
secondary_medical_area,03,0309,,二戸,41,2022,112024210,再診料（一般病床２００床以上の病院を除く）（情報通信機器を用いた再診を行った場合）,0.0
secondary_medical_area,04,0401,,仙南,42,2022,112024210,再診料（一般病床２００床以上の病院を除く）（情報通信機器を用いた再診を行った場合）,38.0
secondary_medical_area,04,0403,,仙台,43,2022,112024210,再診料（一般病床２００床以上の病院を除く）（情報通信機器を用いた再診を行った場合）,1766.0
secondary_medical_area,04,0406,,大崎・栗原,44,2022,112024210,再診料（一般病床２００床以上の病院を除く）（情報通信機器を用いた再診を行った場合）,24.0
secondary_medical_area,04,0409,,石巻・登米・気仙沼,45,2022,112024210,再診料（一般病床２００床以上の病院を除く）（情報通信機器を用いた再診を行った場合）,96.0
secondary_medical_area,05,0501,,大館・鹿角,46,2022,112024210,再診料（一般病床２００床以上の病院を除く）（情報通信機器を用いた再診を行った場合）,
secondary_medical_area,05,0502,,北秋田,47,2022,112024210,再診料（一般病床２００床以上の病院を除く）（情報通信機器を用いた再診を行った場合）,97.0
secondary_medical_area,05,0503,,能代・山本,48,2022,112024210,再診料（一般病床２００床以上の病院を除く）（情報通信機器を用いた再診を行った場合）,281.0
secondary_medical_area,05,0504,,秋田周辺,49,2022,112024210,再診料（一般病床２００床以上の病院を除く）（情報通信機器を用いた再診を行った場合）,733.0
secondary_medical_area,05,0505,,由利本荘・にかほ,50,2022,112024210,再診料（一般病床２００床以上の病院を除く）（情報通信機器を用いた再診を行った場合）,
secondary_medical_area,05,0506,,大仙・仙北,51,2022,112024210,再診料（一般病床２００床以上の病院を除く）（情報通信機器を用いた再診を行った場合）,0.0
secondary_medical_area,05,0507,,横手,52,2022,112024210,再診料（一般病床２００床以上の病院を除く）（情報通信機器を用いた再診を行った場合）,0.0
secondary_medical_area,05,0508,,湯沢・雄勝,53,2022,112024210,再診料（一般病床２００床以上の病院を除く）（情報通信機器を用いた再診を行った場合）,0.0
secondary_medical_area,06,0601,,村山,54,2022,112024210,再診料（一般病床２００床以上の病院を除く）（情報通信機器を用いた再診を行った場合）,2253.0
secondary_medical_area,06,0602,,最上,55,2022,112024210,再診料（一般病床２００床以上の病院を除く）（情報通信機器を用いた再診を行った場合）,15.0
secondary_medical_area,06,0603,,置賜,56,2022,112024210,再診料（一般病床２００床以上の病院を除く）（情報通信機器を用いた再診を行った場合）,114.0
secondary_medical_area,06,0604,,庄内,57,2022,112024210,再診料（一般病床２００床以上の病院を除く）（情報通信機器を用いた再診を行った場合）,21.0
secondary_medical_area,07,0701,,県北,58,2022,112024210,再診料（一般病床２００床以上の病院を除く）（情報通信機器を用いた再診を行った場合）,146.0
secondary_medical_area,07,0702,,県中,59,2022,112024210,再診料（一般病床２００床以上の病院を除く）（情報通信機器を用いた再診を行った場合）,477.0
secondary_medical_area,07,0703,,県南,60,2022,112024210,再診料（一般病床２００床以上の病院を除く）（情報通信機器を用いた再診を行った場合）,0.0
secondary_medical_area,07,0706,,相双,61,2022,112024210,再診料（一般病床２００床以上の病院を除く）（情報通信機器を用いた再診を行った場合）,
secondary_medical_area,07,0707,,いわき,62,2022,112024210,再診料（一般病床２００床以上の病院を除く）（情報通信機器を用いた再診を行った場合）,316.0
secondary_medical_area,07,0708,,会津・南会津,63,2022,112024210,再診料（一般病床２００床以上の病院を除く）（情報通信機器を用いた再診を行った場合）,
secondary_medical_area,08,0801,,水戸,64,2022,112024210,再診料（一般病床２００床以上の病院を除く）（情報通信機器を用いた再診を行った場合）,17.0
secondary_medical_area,08,0802,,日立,65,2022,112024210,再診料（一般病床２００床以上の病院を除く）（情報通信機器を用いた再診を行った場合）,152.0
secondary_medical_area,08,0803,,常陸太田・ひたちなか,66,2022,112024210,再診料（一般病床２００床以上の病院を除く）（情報通信機器を用いた再診を行った場合）,155.0
secondary_medical_area,08,0804,,鹿行,67,2022,112024210,再診料（一般病床２００床以上の病院を除く）（情報通信機器を用いた再診を行った場合）,89.0
secondary_medical_area,08,0805,,土浦,68,2022,112024210,再診料（一般病床２００床以上の病院を除く）（情報通信機器を用いた再診を行った場合）,413.0
secondary_medical_area,08,0806,,つくば,69,2022,112024210,再診料（一般病床２００床以上の病院を除く）（情報通信機器を用いた再診を行った場合）,1283.0
secondary_medical_area,08,0807,,取手・竜ヶ崎,70,2022,112024210,再診料（一般病床２００床以上の病院を除く）（情報通信機器を用いた再診を行った場合）,271.0
secondary_medical_area,08,0808,,筑西・下妻,71,2022,112024210,再診料（一般病床２００床以上の病院を除く）（情報通信機器を用いた再診を行った場合）,33.0
secondary_medical_area,08,0809,,古河・坂東,72,2022,112024210,再診料（一般病床２００床以上の病院を除く）（情報通信機器を用いた再診を行った場合）,0.0
secondary_medical_area,09,0901,,県北,73,2022,112024210,再診料（一般病床２００床以上の病院を除く）（情報通信機器を用いた再診を行った場合）,112.0
secondary_medical_area,09,0902,,県西,74,2022,112024210,再診料（一般病床２００床以上の病院を除く）（情報通信機器を用いた再診を行った場合）,192.0
secondary_medical_area,09,0903,,宇都宮,75,2022,112024210,再診料（一般病床２００床以上の病院を除く）（情報通信機器を用いた再診を行った場合）,6401.0
secondary_medical_area,09,0904,,県東,76,2022,112024210,再診料（一般病床２００床以上の病院を除く）（情報通信機器を用いた再診を行った場合）,15.0
secondary_medical_area,09,0905,,県南,77,2022,112024210,再診料（一般病床２００床以上の病院を除く）（情報通信機器を用いた再診を行った場合）,259.0
secondary_medical_area,09,0906,,両毛,78,2022,112024210,再診料（一般病床２００床以上の病院を除く）（情報通信機器を用いた再診を行った場合）,154.0
secondary_medical_area,10,1001,,前橋,79,2022,112024210,再診料（一般病床２００床以上の病院を除く）（情報通信機器を用いた再診を行った場合）,318.0
secondary_medical_area,10,1002,,渋川,80,2022,112024210,再診料（一般病床２００床以上の病院を除く）（情報通信機器を用いた再診を行った場合）,17.0
secondary_medical_area,10,1003,,伊勢崎,81,2022,112024210,再診料（一般病床２００床以上の病院を除く）（情報通信機器を用いた再診を行った場合）,182.0
secondary_medical_area,10,1004,,高崎・安中,82,2022,112024210,再診料（一般病床２００床以上の病院を除く）（情報通信機器を用いた再診を行った場合）,659.0
secondary_medical_area,10,1005,,藤岡,83,2022,112024210,再診料（一般病床２００床以上の病院を除く）（情報通信機器を用いた再診を行った場合）,
secondary_medical_area,10,1006,,富岡,84,2022,112024210,再診料（一般病床２００床以上の病院を除く）（情報通信機器を用いた再診を行った場合）,
secondary_medical_area,10,1007,,吾妻,85,2022,112024210,再診料（一般病床２００床以上の病院を除く）（情報通信機器を用いた再診を行った場合）,0.0
secondary_medical_area,10,1008,,沼田,86,2022,112024210,再診料（一般病床２００床以上の病院を除く）（情報通信機器を用いた再診を行った場合）,
secondary_medical_area,10,1009,,桐生,87,2022,112024210,再診料（一般病床２００床以上の病院を除く）（情報通信機器を用いた再診を行った場合）,20.0
secondary_medical_area,10,1010,,太田・館林,88,2022,112024210,再診料（一般病床２００床以上の病院を除く）（情報通信機器を用いた再診を行った場合）,3417.0
secondary_medical_area,11,1101,,南部,89,2022,112024210,再診料（一般病床２００床以上の病院を除く）（情報通信機器を用いた再診を行った場合）,6771.0
secondary_medical_area,11,1102,,南西部,90,2022,112024210,再診料（一般病床２００床以上の病院を除く）（情報通信機器を用いた再診を行った場合）,1482.0
secondary_medical_area,11,1103,,東部,91,2022,112024210,再診料（一般病床２００床以上の病院を除く）（情報通信機器を用いた再診を行った場合）,8895.0
secondary_medical_area,11,1104,,さいたま,92,2022,112024210,再診料（一般病床２００床以上の病院を除く）（情報通信機器を用いた再診を行った場合）,9044.0
secondary_medical_area,11,1105,,県央,93,2022,112024210,再診料（一般病床２００床以上の病院を除く）（情報通信機器を用いた再診を行った場合）,625.0
secondary_medical_area,11,1106,,川越比企,94,2022,112024210,再診料（一般病床２００床以上の病院を除く）（情報通信機器を用いた再診を行った場合）,1126.0
secondary_medical_area,11,1107,,西部,95,2022,112024210,再診料（一般病床２００床以上の病院を除く）（情報通信機器を用いた再診を行った場合）,1359.0
secondary_medical_area,11,1108,,利根,96,2022,112024210,再診料（一般病床２００床以上の病院を除く）（情報通信機器を用いた再診を行った場合）,353.0
secondary_medical_area,11,1109,,北部,97,2022,112024210,再診料（一般病床２００床以上の病院を除く）（情報通信機器を用いた再診を行った場合）,550.0
secondary_medical_area,11,1110,,秩父,98,2022,112024210,再診料（一般病床２００床以上の病院を除く）（情報通信機器を用いた再診を行った場合）,0.0
secondary_medical_area,12,1201,,千葉,99,2022,112024210,再診料（一般病床２００床以上の病院を除く）（情報通信機器を用いた再診を行った場合）,13260.0
secondary_medical_area,12,1202,,東葛南部,100,2022,112024210,再診料（一般病床２００床以上の病院を除く）（情報通信機器を用いた再診を行った場合）,5114.0
secondary_medical_area,12,1203,,東葛北部,101,2022,112024210,再診料（一般病床２００床以上の病院を除く）（情報通信機器を用いた再診を行った場合）,4869.0
secondary_medical_area,12,1204,,印旛,102,2022,112024210,再診料（一般病床２００床以上の病院を除く）（情報通信機器を用いた再診を行った場合）,1442.0
secondary_medical_area,12,1205,,香取海匝,103,2022,112024210,再診料（一般病床２００床以上の病院を除く）（情報通信機器を用いた再診を行った場合）,543.0
secondary_medical_area,12,1206,,山武長生夷隅,104,2022,112024210,再診料（一般病床２００床以上の病院を除く）（情報通信機器を用いた再診を行った場合）,56.0
secondary_medical_area,12,1207,,安房,105,2022,112024210,再診料（一般病床２００床以上の病院を除く）（情報通信機器を用いた再診を行った場合）,152.0
secondary_medical_area,12,1208,,君津,106,2022,112024210,再診料（一般病床２００床以上の病院を除く）（情報通信機器を用いた再診を行った場合）,90.0
secondary_medical_area,12,1209,,市原,107,2022,112024210,再診料（一般病床２００床以上の病院を除く）（情報通信機器を用いた再診を行った場合）,109.0
secondary_medical_area,13,1301,,区中央部,108,2022,112024210,再診料（一般病床２００床以上の病院を除く）（情報通信機器を用いた再診を行った場合）,64760.0
secondary_medical_area,13,1302,,区南部,109,2022,112024210,再診料（一般病床２００床以上の病院を除く）（情報通信機器を用いた再診を行った場合）,11335.0
secondary_medical_area,13,1303,,区西南部,110,2022,112024210,再診料（一般病床２００床以上の病院を除く）（情報通信機器を用いた再診を行った場合）,18716.0
secondary_medical_area,13,1304,,区西部,111,2022,112024210,再診料（一般病床２００床以上の病院を除く）（情報通信機器を用いた再診を行った場合）,15944.0
secondary_medical_area,13,1305,,区西北部,112,2022,112024210,再診料（一般病床２００床以上の病院を除く）（情報通信機器を用いた再診を行った場合）,17153.0
secondary_medical_area,13,1306,,区東北部,113,2022,112024210,再診料（一般病床２００床以上の病院を除く）（情報通信機器を用いた再診を行った場合）,12557.0
secondary_medical_area,13,1307,,区東部,114,2022,112024210,再診料（一般病床２００床以上の病院を除く）（情報通信機器を用いた再診を行った場合）,9455.0
secondary_medical_area,13,1308,,西多摩,115,2022,112024210,再診料（一般病床２００床以上の病院を除く）（情報通信機器を用いた再診を行った場合）,1051.0
secondary_medical_area,13,1309,,南多摩,116,2022,112024210,再診料（一般病床２００床以上の病院を除く）（情報通信機器を用いた再診を行った場合）,4280.0
secondary_medical_area,13,1310,,北多摩西部,117,2022,112024210,再診料（一般病床２００床以上の病院を除く）（情報通信機器を用いた再診を行った場合）,1028.0
secondary_medical_area,13,1311,,北多摩南部,118,2022,112024210,再診料（一般病床２００床以上の病院を除く）（情報通信機器を用いた再診を行った場合）,2958.0
secondary_medical_area,13,1312,,北多摩北部,119,2022,112024210,再診料（一般病床２００床以上の病院を除く）（情報通信機器を用いた再診を行った場合）,8194.0
secondary_medical_area,13,1313,,島しょ,120,2022,112024210,再診料（一般病床２００床以上の病院を除く）（情報通信機器を用いた再診を行った場合）,0.0
secondary_medical_area,14,1404,,川崎北部,121,2022,112024210,再診料（一般病床２００床以上の病院を除く）（情報通信機器を用いた再診を行った場合）,1774.0
secondary_medical_area,14,1405,,川崎南部,122,2022,112024210,再診料（一般病床２００床以上の病院を除く）（情報通信機器を用いた再診を行った場合）,2314.0
secondary_medical_area,14,1406,,横須賀・三浦,123,2022,112024210,再診料（一般病床２００床以上の病院を除く）（情報通信機器を用いた再診を行った場合）,1939.0
secondary_medical_area,14,1407,,湘南東部,124,2022,112024210,再診料（一般病床２００床以上の病院を除く）（情報通信機器を用いた再診を行った場合）,1783.0
secondary_medical_area,14,1408,,湘南西部,125,2022,112024210,再診料（一般病床２００床以上の病院を除く）（情報通信機器を用いた再診を行った場合）,1738.0
secondary_medical_area,14,1409,,県央,126,2022,112024210,再診料（一般病床２００床以上の病院を除く）（情報通信機器を用いた再診を行った場合）,455.0
secondary_medical_area,14,1410,,相模原,127,2022,112024210,再診料（一般病床２００床以上の病院を除く）（情報通信機器を用いた再診を行った場合）,7952.0
secondary_medical_area,14,1411,,県西,128,2022,112024210,再診料（一般病床２００床以上の病院を除く）（情報通信機器を用いた再診を行った場合）,755.0
secondary_medical_area,14,1412,,横浜,129,2022,112024210,再診料（一般病床２００床以上の病院を除く）（情報通信機器を用いた再診を行った場合）,15747.0
secondary_medical_area,15,1501,,下越,130,2022,112024210,再診料（一般病床２００床以上の病院を除く）（情報通信機器を用いた再診を行った場合）,85.0
secondary_medical_area,15,1502,,新潟,131,2022,112024210,再診料（一般病床２００床以上の病院を除く）（情報通信機器を用いた再診を行った場合）,3632.0
secondary_medical_area,15,1503,,県央,132,2022,112024210,再診料（一般病床２００床以上の病院を除く）（情報通信機器を用いた再診を行った場合）,
secondary_medical_area,15,1504,,中越,133,2022,112024210,再診料（一般病床２００床以上の病院を除く）（情報通信機器を用いた再診を行った場合）,906.0
secondary_medical_area,15,1505,,魚沼,134,2022,112024210,再診料（一般病床２００床以上の病院を除く）（情報通信機器を用いた再診を行った場合）,220.0
secondary_medical_area,15,1506,,上越,135,2022,112024210,再診料（一般病床２００床以上の病院を除く）（情報通信機器を用いた再診を行った場合）,204.0
secondary_medical_area,15,1507,,佐渡,136,2022,112024210,再診料（一般病床２００床以上の病院を除く）（情報通信機器を用いた再診を行った場合）,
secondary_medical_area,16,1601,,新川,137,2022,112024210,再診料（一般病床２００床以上の病院を除く）（情報通信機器を用いた再診を行った場合）,
secondary_medical_area,16,1602,,富山,138,2022,112024210,再診料（一般病床２００床以上の病院を除く）（情報通信機器を用いた再診を行った場合）,1132.0
secondary_medical_area,16,1603,,高岡,139,2022,112024210,再診料（一般病床２００床以上の病院を除く）（情報通信機器を用いた再診を行った場合）,502.0
secondary_medical_area,16,1604,,砺波,140,2022,112024210,再診料（一般病床２００床以上の病院を除く）（情報通信機器を用いた再診を行った場合）,
secondary_medical_area,17,1701,,南加賀,141,2022,112024210,再診料（一般病床２００床以上の病院を除く）（情報通信機器を用いた再診を行った場合）,218.0
secondary_medical_area,17,1702,,石川中央,142,2022,112024210,再診料（一般病床２００床以上の病院を除く）（情報通信機器を用いた再診を行った場合）,2554.0
secondary_medical_area,17,1703,,能登中部,143,2022,112024210,再診料（一般病床２００床以上の病院を除く）（情報通信機器を用いた再診を行った場合）,113.0
secondary_medical_area,17,1704,,能登北部,144,2022,112024210,再診料（一般病床２００床以上の病院を除く）（情報通信機器を用いた再診を行った場合）,22.0
secondary_medical_area,18,1801,,福井・坂井,145,2022,112024210,再診料（一般病床２００床以上の病院を除く）（情報通信機器を用いた再診を行った場合）,2937.0
secondary_medical_area,18,1802,,奥越,146,2022,112024210,再診料（一般病床２００床以上の病院を除く）（情報通信機器を用いた再診を行った場合）,
secondary_medical_area,18,1803,,丹南,147,2022,112024210,再診料（一般病床２００床以上の病院を除く）（情報通信機器を用いた再診を行った場合）,
secondary_medical_area,18,1804,,嶺南,148,2022,112024210,再診料（一般病床２００床以上の病院を除く）（情報通信機器を用いた再診を行った場合）,441.0
secondary_medical_area,19,1901,,中北,149,2022,112024210,再診料（一般病床２００床以上の病院を除く）（情報通信機器を用いた再診を行った場合）,22.0
secondary_medical_area,19,1902,,峡東,150,2022,112024210,再診料（一般病床２００床以上の病院を除く）（情報通信機器を用いた再診を行った場合）,340.0
secondary_medical_area,19,1903,,峡南,151,2022,112024210,再診料（一般病床２００床以上の病院を除く）（情報通信機器を用いた再診を行った場合）,0.0
secondary_medical_area,19,1904,,富士・東部,152,2022,112024210,再診料（一般病床２００床以上の病院を除く）（情報通信機器を用いた再診を行った場合）,537.0
secondary_medical_area,20,2001,,佐久,153,2022,112024210,再診料（一般病床２００床以上の病院を除く）（情報通信機器を用いた再診を行った場合）,606.0
secondary_medical_area,20,2002,,上小,154,2022,112024210,再診料（一般病床２００床以上の病院を除く）（情報通信機器を用いた再診を行った場合）,106.0
secondary_medical_area,20,2003,,諏訪,155,2022,112024210,再診料（一般病床２００床以上の病院を除く）（情報通信機器を用いた再診を行った場合）,
secondary_medical_area,20,2004,,上伊那,156,2022,112024210,再診料（一般病床２００床以上の病院を除く）（情報通信機器を用いた再診を行った場合）,110.0
secondary_medical_area,20,2005,,飯伊,157,2022,112024210,再診料（一般病床２００床以上の病院を除く）（情報通信機器を用いた再診を行った場合）,226.0
secondary_medical_area,20,2006,,木曽,158,2022,112024210,再診料（一般病床２００床以上の病院を除く）（情報通信機器を用いた再診を行った場合）,0.0
secondary_medical_area,20,2007,,松本,159,2022,112024210,再診料（一般病床２００床以上の病院を除く）（情報通信機器を用いた再診を行った場合）,494.0
secondary_medical_area,20,2008,,大北,160,2022,112024210,再診料（一般病床２００床以上の病院を除く）（情報通信機器を用いた再診を行った場合）,156.0
secondary_medical_area,20,2009,,長野,161,2022,112024210,再診料（一般病床２００床以上の病院を除く）（情報通信機器を用いた再診を行った場合）,1512.0
secondary_medical_area,20,2010,,北信,162,2022,112024210,再診料（一般病床２００床以上の病院を除く）（情報通信機器を用いた再診を行った場合）,
secondary_medical_area,21,2101,,岐阜,163,2022,112024210,再診料（一般病床２００床以上の病院を除く）（情報通信機器を用いた再診を行った場合）,2051.0
secondary_medical_area,21,2102,,西濃,164,2022,112024210,再診料（一般病床２００床以上の病院を除く）（情報通信機器を用いた再診を行った場合）,198.0
secondary_medical_area,21,2103,,中濃,165,2022,112024210,再診料（一般病床２００床以上の病院を除く）（情報通信機器を用いた再診を行った場合）,433.0
secondary_medical_area,21,2104,,東濃,166,2022,112024210,再診料（一般病床２００床以上の病院を除く）（情報通信機器を用いた再診を行った場合）,38.0
secondary_medical_area,21,2105,,飛騨,167,2022,112024210,再診料（一般病床２００床以上の病院を除く）（情報通信機器を用いた再診を行った場合）,36.0
secondary_medical_area,22,2201,,賀茂,168,2022,112024210,再診料（一般病床２００床以上の病院を除く）（情報通信機器を用いた再診を行った場合）,0.0
secondary_medical_area,22,2202,,熱海伊東,169,2022,112024210,再診料（一般病床２００床以上の病院を除く）（情報通信機器を用いた再診を行った場合）,81.0
secondary_medical_area,22,2203,,駿東田方,170,2022,112024210,再診料（一般病床２００床以上の病院を除く）（情報通信機器を用いた再診を行った場合）,1309.0
secondary_medical_area,22,2204,,富士,171,2022,112024210,再診料（一般病床２００床以上の病院を除く）（情報通信機器を用いた再診を行った場合）,71.0
secondary_medical_area,22,2205,,静岡,172,2022,112024210,再診料（一般病床２００床以上の病院を除く）（情報通信機器を用いた再診を行った場合）,6248.0
secondary_medical_area,22,2206,,志太榛原,173,2022,112024210,再診料（一般病床２００床以上の病院を除く）（情報通信機器を用いた再診を行った場合）,485.0
secondary_medical_area,22,2207,,中東遠,174,2022,112024210,再診料（一般病床２００床以上の病院を除く）（情報通信機器を用いた再診を行った場合）,1845.0
secondary_medical_area,22,2208,,西部,175,2022,112024210,再診料（一般病床２００床以上の病院を除く）（情報通信機器を用いた再診を行った場合）,576.0
secondary_medical_area,23,2302,,海部,176,2022,112024210,再診料（一般病床２００床以上の病院を除く）（情報通信機器を用いた再診を行った場合）,191.0
secondary_medical_area,23,2304,,尾張東部,177,2022,112024210,再診料（一般病床２００床以上の病院を除く）（情報通信機器を用いた再診を行った場合）,191.0
secondary_medical_area,23,2305,,尾張西部,178,2022,112024210,再診料（一般病床２００床以上の病院を除く）（情報通信機器を用いた再診を行った場合）,189.0
secondary_medical_area,23,2306,,尾張北部,179,2022,112024210,再診料（一般病床２００床以上の病院を除く）（情報通信機器を用いた再診を行った場合）,127.0
secondary_medical_area,23,2307,,知多半島,180,2022,112024210,再診料（一般病床２００床以上の病院を除く）（情報通信機器を用いた再診を行った場合）,809.0
secondary_medical_area,23,2308,,西三河北部,181,2022,112024210,再診料（一般病床２００床以上の病院を除く）（情報通信機器を用いた再診を行った場合）,427.0
secondary_medical_area,23,2309,,西三河南部西,182,2022,112024210,再診料（一般病床２００床以上の病院を除く）（情報通信機器を用いた再診を行った場合）,155.0
secondary_medical_area,23,2310,,西三河南部東,183,2022,112024210,再診料（一般病床２００床以上の病院を除く）（情報通信機器を用いた再診を行った場合）,1338.0
secondary_medical_area,23,2311,,東三河北部,184,2022,112024210,再診料（一般病床２００床以上の病院を除く）（情報通信機器を用いた再診を行った場合）,266.0
secondary_medical_area,23,2312,,東三河南部,185,2022,112024210,再診料（一般病床２００床以上の病院を除く）（情報通信機器を用いた再診を行った場合）,1085.0
secondary_medical_area,23,2313,,名古屋・尾張中部,186,2022,112024210,再診料（一般病床２００床以上の病院を除く）（情報通信機器を用いた再診を行った場合）,15610.0
secondary_medical_area,24,2401,,北勢,187,2022,112024210,再診料（一般病床２００床以上の病院を除く）（情報通信機器を用いた再診を行った場合）,5182.0
secondary_medical_area,24,2402,,中勢伊賀,188,2022,112024210,再診料（一般病床２００床以上の病院を除く）（情報通信機器を用いた再診を行った場合）,827.0
secondary_medical_area,24,2403,,南勢志摩,189,2022,112024210,再診料（一般病床２００床以上の病院を除く）（情報通信機器を用いた再診を行った場合）,599.0
secondary_medical_area,24,2404,,東紀州,190,2022,112024210,再診料（一般病床２００床以上の病院を除く）（情報通信機器を用いた再診を行った場合）,0.0
secondary_medical_area,25,2501,,大津,191,2022,112024210,再診料（一般病床２００床以上の病院を除く）（情報通信機器を用いた再診を行った場合）,42.0
secondary_medical_area,25,2502,,湖南,192,2022,112024210,再診料（一般病床２００床以上の病院を除く）（情報通信機器を用いた再診を行った場合）,1706.0
secondary_medical_area,25,2503,,甲賀,193,2022,112024210,再診料（一般病床２００床以上の病院を除く）（情報通信機器を用いた再診を行った場合）,146.0
secondary_medical_area,25,2504,,東近江,194,2022,112024210,再診料（一般病床２００床以上の病院を除く）（情報通信機器を用いた再診を行った場合）,202.0
secondary_medical_area,25,2505,,湖東,195,2022,112024210,再診料（一般病床２００床以上の病院を除く）（情報通信機器を用いた再診を行った場合）,40.0
secondary_medical_area,25,2506,,湖北,196,2022,112024210,再診料（一般病床２００床以上の病院を除く）（情報通信機器を用いた再診を行った場合）,0.0
secondary_medical_area,25,2507,,湖西,197,2022,112024210,再診料（一般病床２００床以上の病院を除く）（情報通信機器を用いた再診を行った場合）,10.0
secondary_medical_area,26,2601,,丹後,198,2022,112024210,再診料（一般病床２００床以上の病院を除く）（情報通信機器を用いた再診を行った場合）,
secondary_medical_area,26,2602,,中丹,199,2022,112024210,再診料（一般病床２００床以上の病院を除く）（情報通信機器を用いた再診を行った場合）,211.0
secondary_medical_area,26,2603,,南丹,200,2022,112024210,再診料（一般病床２００床以上の病院を除く）（情報通信機器を用いた再診を行った場合）,
secondary_medical_area,26,2604,,京都・乙訓,201,2022,112024210,再診料（一般病床２００床以上の病院を除く）（情報通信機器を用いた再診を行った場合）,5537.0
secondary_medical_area,26,2605,,山城北,202,2022,112024210,再診料（一般病床２００床以上の病院を除く）（情報通信機器を用いた再診を行った場合）,660.0
secondary_medical_area,26,2606,,山城南,203,2022,112024210,再診料（一般病床２００床以上の病院を除く）（情報通信機器を用いた再診を行った場合）,4021.0
secondary_medical_area,27,2701,,豊能,204,2022,112024210,再診料（一般病床２００床以上の病院を除く）（情報通信機器を用いた再診を行った場合）,3258.0
secondary_medical_area,27,2702,,三島,205,2022,112024210,再診料（一般病床２００床以上の病院を除く）（情報通信機器を用いた再診を行った場合）,3692.0
secondary_medical_area,27,2703,,北河内,206,2022,112024210,再診料（一般病床２００床以上の病院を除く）（情報通信機器を用いた再診を行った場合）,4539.0
secondary_medical_area,27,2704,,中河内,207,2022,112024210,再診料（一般病床２００床以上の病院を除く）（情報通信機器を用いた再診を行った場合）,2582.0
secondary_medical_area,27,2705,,南河内,208,2022,112024210,再診料（一般病床２００床以上の病院を除く）（情報通信機器を用いた再診を行った場合）,928.0
secondary_medical_area,27,2706,,堺市,209,2022,112024210,再診料（一般病床２００床以上の病院を除く）（情報通信機器を用いた再診を行った場合）,3703.0
secondary_medical_area,27,2707,,泉州,210,2022,112024210,再診料（一般病床２００床以上の病院を除く）（情報通信機器を用いた再診を行った場合）,2091.0
secondary_medical_area,27,2708,,大阪市,211,2022,112024210,再診料（一般病床２００床以上の病院を除く）（情報通信機器を用いた再診を行った場合）,24111.0
secondary_medical_area,28,2801,,神戸,212,2022,112024210,再診料（一般病床２００床以上の病院を除く）（情報通信機器を用いた再診を行った場合）,10278.0
secondary_medical_area,28,2804,,東播磨,213,2022,112024210,再診料（一般病床２００床以上の病院を除く）（情報通信機器を用いた再診を行った場合）,1205.0
secondary_medical_area,28,2805,,北播磨,214,2022,112024210,再診料（一般病床２００床以上の病院を除く）（情報通信機器を用いた再診を行った場合）,37.0
secondary_medical_area,28,2808,,但馬,215,2022,112024210,再診料（一般病床２００床以上の病院を除く）（情報通信機器を用いた再診を行った場合）,308.0
secondary_medical_area,28,2809,,丹波,216,2022,112024210,再診料（一般病床２００床以上の病院を除く）（情報通信機器を用いた再診を行った場合）,0.0
secondary_medical_area,28,2810,,淡路,217,2022,112024210,再診料（一般病床２００床以上の病院を除く）（情報通信機器を用いた再診を行った場合）,24.0
secondary_medical_area,28,2811,,阪神,218,2022,112024210,再診料（一般病床２００床以上の病院を除く）（情報通信機器を用いた再診を行った場合）,8489.0
secondary_medical_area,28,2812,,播磨姫路,219,2022,112024210,再診料（一般病床２００床以上の病院を除く）（情報通信機器を用いた再診を行った場合）,351.0
secondary_medical_area,29,2901,,奈良,220,2022,112024210,再診料（一般病床２００床以上の病院を除く）（情報通信機器を用いた再診を行った場合）,428.0
secondary_medical_area,29,2902,,東和,221,2022,112024210,再診料（一般病床２００床以上の病院を除く）（情報通信機器を用いた再診を行った場合）,14.0
secondary_medical_area,29,2903,,西和,222,2022,112024210,再診料（一般病床２００床以上の病院を除く）（情報通信機器を用いた再診を行った場合）,36.0
secondary_medical_area,29,2904,,中和,223,2022,112024210,再診料（一般病床２００床以上の病院を除く）（情報通信機器を用いた再診を行った場合）,373.0
secondary_medical_area,29,2905,,南和,224,2022,112024210,再診料（一般病床２００床以上の病院を除く）（情報通信機器を用いた再診を行った場合）,0.0
secondary_medical_area,30,3001,,和歌山,225,2022,112024210,再診料（一般病床２００床以上の病院を除く）（情報通信機器を用いた再診を行った場合）,552.0
secondary_medical_area,30,3002,,那賀,226,2022,112024210,再診料（一般病床２００床以上の病院を除く）（情報通信機器を用いた再診を行った場合）,98.0
secondary_medical_area,30,3003,,橋本,227,2022,112024210,再診料（一般病床２００床以上の病院を除く）（情報通信機器を用いた再診を行った場合）,0.0
secondary_medical_area,30,3004,,有田,228,2022,112024210,再診料（一般病床２００床以上の病院を除く）（情報通信機器を用いた再診を行った場合）,118.0
secondary_medical_area,30,3005,,御坊,229,2022,112024210,再診料（一般病床２００床以上の病院を除く）（情報通信機器を用いた再診を行った場合）,95.0
secondary_medical_area,30,3006,,田辺,230,2022,112024210,再診料（一般病床２００床以上の病院を除く）（情報通信機器を用いた再診を行った場合）,
secondary_medical_area,30,3007,,新宮,231,2022,112024210,再診料（一般病床２００床以上の病院を除く）（情報通信機器を用いた再診を行った場合）,
secondary_medical_area,31,3101,,東部,232,2022,112024210,再診料（一般病床２００床以上の病院を除く）（情報通信機器を用いた再診を行った場合）,148.0
secondary_medical_area,31,3102,,中部,233,2022,112024210,再診料（一般病床２００床以上の病院を除く）（情報通信機器を用いた再診を行った場合）,579.0
secondary_medical_area,31,3103,,西部,234,2022,112024210,再診料（一般病床２００床以上の病院を除く）（情報通信機器を用いた再診を行った場合）,27.0
secondary_medical_area,32,3201,,松江,235,2022,112024210,再診料（一般病床２００床以上の病院を除く）（情報通信機器を用いた再診を行った場合）,665.0
secondary_medical_area,32,3202,,雲南,236,2022,112024210,再診料（一般病床２００床以上の病院を除く）（情報通信機器を用いた再診を行った場合）,0.0
secondary_medical_area,32,3203,,出雲,237,2022,112024210,再診料（一般病床２００床以上の病院を除く）（情報通信機器を用いた再診を行った場合）,2909.0
secondary_medical_area,32,3204,,大田,238,2022,112024210,再診料（一般病床２００床以上の病院を除く）（情報通信機器を用いた再診を行った場合）,870.0
secondary_medical_area,32,3205,,浜田,239,2022,112024210,再診料（一般病床２００床以上の病院を除く）（情報通信機器を用いた再診を行った場合）,
secondary_medical_area,32,3206,,益田,240,2022,112024210,再診料（一般病床２００床以上の病院を除く）（情報通信機器を用いた再診を行った場合）,165.0
secondary_medical_area,32,3207,,隠岐,241,2022,112024210,再診料（一般病床２００床以上の病院を除く）（情報通信機器を用いた再診を行った場合）,
secondary_medical_area,33,3301,,県南東部,242,2022,112024210,再診料（一般病床２００床以上の病院を除く）（情報通信機器を用いた再診を行った場合）,1414.0
secondary_medical_area,33,3302,,県南西部,243,2022,112024210,再診料（一般病床２００床以上の病院を除く）（情報通信機器を用いた再診を行った場合）,888.0
secondary_medical_area,33,3303,,高梁・新見,244,2022,112024210,再診料（一般病床２００床以上の病院を除く）（情報通信機器を用いた再診を行った場合）,0.0
secondary_medical_area,33,3304,,真庭,245,2022,112024210,再診料（一般病床２００床以上の病院を除く）（情報通信機器を用いた再診を行った場合）,
secondary_medical_area,33,3305,,津山・英田,246,2022,112024210,再診料（一般病床２００床以上の病院を除く）（情報通信機器を用いた再診を行った場合）,
secondary_medical_area,34,3401,,広島,247,2022,112024210,再診料（一般病床２００床以上の病院を除く）（情報通信機器を用いた再診を行った場合）,3889.0
secondary_medical_area,34,3402,,広島西,248,2022,112024210,再診料（一般病床２００床以上の病院を除く）（情報通信機器を用いた再診を行った場合）,1570.0
secondary_medical_area,34,3403,,呉,249,2022,112024210,再診料（一般病床２００床以上の病院を除く）（情報通信機器を用いた再診を行った場合）,158.0
secondary_medical_area,34,3404,,広島中央,250,2022,112024210,再診料（一般病床２００床以上の病院を除く）（情報通信機器を用いた再診を行った場合）,196.0
secondary_medical_area,34,3405,,尾三,251,2022,112024210,再診料（一般病床２００床以上の病院を除く）（情報通信機器を用いた再診を行った場合）,
secondary_medical_area,34,3406,,福山・府中,252,2022,112024210,再診料（一般病床２００床以上の病院を除く）（情報通信機器を用いた再診を行った場合）,245.0
secondary_medical_area,34,3407,,備北,253,2022,112024210,再診料（一般病床２００床以上の病院を除く）（情報通信機器を用いた再診を行った場合）,
secondary_medical_area,35,3501,,岩国,254,2022,112024210,再診料（一般病床２００床以上の病院を除く）（情報通信機器を用いた再診を行った場合）,338.0
secondary_medical_area,35,3502,,柳井,255,2022,112024210,再診料（一般病床２００床以上の病院を除く）（情報通信機器を用いた再診を行った場合）,45.0
secondary_medical_area,35,3503,,周南,256,2022,112024210,再診料（一般病床２００床以上の病院を除く）（情報通信機器を用いた再診を行った場合）,180.0
secondary_medical_area,35,3504,,山口・防府,257,2022,112024210,再診料（一般病床２００床以上の病院を除く）（情報通信機器を用いた再診を行った場合）,155.0
secondary_medical_area,35,3505,,宇部・小野田,258,2022,112024210,再診料（一般病床２００床以上の病院を除く）（情報通信機器を用いた再診を行った場合）,124.0
secondary_medical_area,35,3506,,下関,259,2022,112024210,再診料（一般病床２００床以上の病院を除く）（情報通信機器を用いた再診を行った場合）,173.0
secondary_medical_area,35,3507,,長門,260,2022,112024210,再診料（一般病床２００床以上の病院を除く）（情報通信機器を用いた再診を行った場合）,
secondary_medical_area,35,3508,,萩,261,2022,112024210,再診料（一般病床２００床以上の病院を除く）（情報通信機器を用いた再診を行った場合）,
secondary_medical_area,36,3601,,東部,262,2022,112024210,再診料（一般病床２００床以上の病院を除く）（情報通信機器を用いた再診を行った場合）,468.0
secondary_medical_area,36,3603,,南部,263,2022,112024210,再診料（一般病床２００床以上の病院を除く）（情報通信機器を用いた再診を行った場合）,128.0
secondary_medical_area,36,3605,,西部,264,2022,112024210,再診料（一般病床２００床以上の病院を除く）（情報通信機器を用いた再診を行った場合）,15.0
secondary_medical_area,37,3702,,小豆,265,2022,112024210,再診料（一般病床２００床以上の病院を除く）（情報通信機器を用いた再診を行った場合）,0.0
secondary_medical_area,37,3706,,東部,266,2022,112024210,再診料（一般病床２００床以上の病院を除く）（情報通信機器を用いた再診を行った場合）,218.0
secondary_medical_area,37,3707,,西部,267,2022,112024210,再診料（一般病床２００床以上の病院を除く）（情報通信機器を用いた再診を行った場合）,203.0
secondary_medical_area,38,3801,,宇摩,268,2022,112024210,再診料（一般病床２００床以上の病院を除く）（情報通信機器を用いた再診を行った場合）,17.0
secondary_medical_area,38,3802,,新居浜・西条,269,2022,112024210,再診料（一般病床２００床以上の病院を除く）（情報通信機器を用いた再診を行った場合）,97.0
secondary_medical_area,38,3803,,今治,270,2022,112024210,再診料（一般病床２００床以上の病院を除く）（情報通信機器を用いた再診を行った場合）,561.0
secondary_medical_area,38,3804,,松山,271,2022,112024210,再診料（一般病床２００床以上の病院を除く）（情報通信機器を用いた再診を行った場合）,2517.0
secondary_medical_area,38,3805,,八幡浜・大洲,272,2022,112024210,再診料（一般病床２００床以上の病院を除く）（情報通信機器を用いた再診を行った場合）,24.0
secondary_medical_area,38,3806,,宇和島,273,2022,112024210,再診料（一般病床２００床以上の病院を除く）（情報通信機器を用いた再診を行った場合）,10.0
secondary_medical_area,39,3901,,安芸,274,2022,112024210,再診料（一般病床２００床以上の病院を除く）（情報通信機器を用いた再診を行った場合）,0.0
secondary_medical_area,39,3902,,中央,275,2022,112024210,再診料（一般病床２００床以上の病院を除く）（情報通信機器を用いた再診を行った場合）,531.0
secondary_medical_area,39,3903,,高幡,276,2022,112024210,再診料（一般病床２００床以上の病院を除く）（情報通信機器を用いた再診を行った場合）,0.0
secondary_medical_area,39,3904,,幡多,277,2022,112024210,再診料（一般病床２００床以上の病院を除く）（情報通信機器を用いた再診を行った場合）,136.0
secondary_medical_area,40,4001,,福岡・糸島,278,2022,112024210,再診料（一般病床２００床以上の病院を除く）（情報通信機器を用いた再診を行った場合）,5828.0
secondary_medical_area,40,4002,,粕屋,279,2022,112024210,再診料（一般病床２００床以上の病院を除く）（情報通信機器を用いた再診を行った場合）,346.0
secondary_medical_area,40,4003,,宗像,280,2022,112024210,再診料（一般病床２００床以上の病院を除く）（情報通信機器を用いた再診を行った場合）,129.0
secondary_medical_area,40,4004,,筑紫,281,2022,112024210,再診料（一般病床２００床以上の病院を除く）（情報通信機器を用いた再診を行った場合）,334.0
secondary_medical_area,40,4005,,朝倉,282,2022,112024210,再診料（一般病床２００床以上の病院を除く）（情報通信機器を用いた再診を行った場合）,
secondary_medical_area,40,4006,,久留米,283,2022,112024210,再診料（一般病床２００床以上の病院を除く）（情報通信機器を用いた再診を行った場合）,399.0
secondary_medical_area,40,4007,,八女・筑後,284,2022,112024210,再診料（一般病床２００床以上の病院を除く）（情報通信機器を用いた再診を行った場合）,23.0
secondary_medical_area,40,4008,,有明,285,2022,112024210,再診料（一般病床２００床以上の病院を除く）（情報通信機器を用いた再診を行った場合）,157.0
secondary_medical_area,40,4009,,飯塚,286,2022,112024210,再診料（一般病床２００床以上の病院を除く）（情報通信機器を用いた再診を行った場合）,31.0
secondary_medical_area,40,4010,,直方・鞍手,287,2022,112024210,再診料（一般病床２００床以上の病院を除く）（情報通信機器を用いた再診を行った場合）,0.0
secondary_medical_area,40,4011,,田川,288,2022,112024210,再診料（一般病床２００床以上の病院を除く）（情報通信機器を用いた再診を行った場合）,
secondary_medical_area,40,4012,,北九州,289,2022,112024210,再診料（一般病床２００床以上の病院を除く）（情報通信機器を用いた再診を行った場合）,1364.0
secondary_medical_area,40,4013,,京築,290,2022,112024210,再診料（一般病床２００床以上の病院を除く）（情報通信機器を用いた再診を行った場合）,0.0
secondary_medical_area,41,4101,,中部,291,2022,112024210,再診料（一般病床２００床以上の病院を除く）（情報通信機器を用いた再診を行った場合）,283.0
secondary_medical_area,41,4102,,東部,292,2022,112024210,再診料（一般病床２００床以上の病院を除く）（情報通信機器を用いた再診を行った場合）,
secondary_medical_area,41,4103,,北部,293,2022,112024210,再診料（一般病床２００床以上の病院を除く）（情報通信機器を用いた再診を行った場合）,236.0
secondary_medical_area,41,4104,,西部,294,2022,112024210,再診料（一般病床２００床以上の病院を除く）（情報通信機器を用いた再診を行った場合）,
secondary_medical_area,41,4105,,南部,295,2022,112024210,再診料（一般病床２００床以上の病院を除く）（情報通信機器を用いた再診を行った場合）,1884.0
secondary_medical_area,42,4201,,長崎,296,2022,112024210,再診料（一般病床２００床以上の病院を除く）（情報通信機器を用いた再診を行った場合）,855.0
secondary_medical_area,42,4202,,佐世保県北,297,2022,112024210,再診料（一般病床２００床以上の病院を除く）（情報通信機器を用いた再診を行った場合）,44.0
secondary_medical_area,42,4203,,県央,298,2022,112024210,再診料（一般病床２００床以上の病院を除く）（情報通信機器を用いた再診を行った場合）,33.0
secondary_medical_area,42,4204,,県南,299,2022,112024210,再診料（一般病床２００床以上の病院を除く）（情報通信機器を用いた再診を行った場合）,0.0
secondary_medical_area,42,4206,,五島,300,2022,112024210,再診料（一般病床２００床以上の病院を除く）（情報通信機器を用いた再診を行った場合）,115.0
secondary_medical_area,42,4207,,上五島,301,2022,112024210,再診料（一般病床２００床以上の病院を除く）（情報通信機器を用いた再診を行った場合）,0.0
secondary_medical_area,42,4208,,壱岐,302,2022,112024210,再診料（一般病床２００床以上の病院を除く）（情報通信機器を用いた再診を行った場合）,15.0
secondary_medical_area,42,4209,,対馬,303,2022,112024210,再診料（一般病床２００床以上の病院を除く）（情報通信機器を用いた再診を行った場合）,0.0
secondary_medical_area,43,4302,,宇城,304,2022,112024210,再診料（一般病床２００床以上の病院を除く）（情報通信機器を用いた再診を行った場合）,187.0
secondary_medical_area,43,4303,,有明,305,2022,112024210,再診料（一般病床２００床以上の病院を除く）（情報通信機器を用いた再診を行った場合）,36.0
secondary_medical_area,43,4304,,鹿本,306,2022,112024210,再診料（一般病床２００床以上の病院を除く）（情報通信機器を用いた再診を行った場合）,
secondary_medical_area,43,4305,,菊池,307,2022,112024210,再診料（一般病床２００床以上の病院を除く）（情報通信機器を用いた再診を行った場合）,0.0
secondary_medical_area,43,4306,,阿蘇,308,2022,112024210,再診料（一般病床２００床以上の病院を除く）（情報通信機器を用いた再診を行った場合）,0.0
secondary_medical_area,43,4308,,八代,309,2022,112024210,再診料（一般病床２００床以上の病院を除く）（情報通信機器を用いた再診を行った場合）,
secondary_medical_area,43,4309,,芦北,310,2022,112024210,再診料（一般病床２００床以上の病院を除く）（情報通信機器を用いた再診を行った場合）,0.0
secondary_medical_area,43,4310,,球磨,311,2022,112024210,再診料（一般病床２００床以上の病院を除く）（情報通信機器を用いた再診を行った場合）,120.0
secondary_medical_area,43,4311,,天草,312,2022,112024210,再診料（一般病床２００床以上の病院を除く）（情報通信機器を用いた再診を行った場合）,36.0
secondary_medical_area,43,4312,,熊本・上益城,313,2022,112024210,再診料（一般病床２００床以上の病院を除く）（情報通信機器を用いた再診を行った場合）,9167.0
secondary_medical_area,44,4401,,東部,314,2022,112024210,再診料（一般病床２００床以上の病院を除く）（情報通信機器を用いた再診を行った場合）,62.0
secondary_medical_area,44,4403,,中部,315,2022,112024210,再診料（一般病床２００床以上の病院を除く）（情報通信機器を用いた再診を行った場合）,1054.0
secondary_medical_area,44,4405,,南部,316,2022,112024210,再診料（一般病床２００床以上の病院を除く）（情報通信機器を用いた再診を行った場合）,0.0
secondary_medical_area,44,4406,,豊肥,317,2022,112024210,再診料（一般病床２００床以上の病院を除く）（情報通信機器を用いた再診を行った場合）,160.0
secondary_medical_area,44,4408,,西部,318,2022,112024210,再診料（一般病床２００床以上の病院を除く）（情報通信機器を用いた再診を行った場合）,
secondary_medical_area,44,4409,,北部,319,2022,112024210,再診料（一般病床２００床以上の病院を除く）（情報通信機器を用いた再診を行った場合）,
secondary_medical_area,45,4501,,宮崎東諸県,320,2022,112024210,再診料（一般病床２００床以上の病院を除く）（情報通信機器を用いた再診を行った場合）,1612.0
secondary_medical_area,45,4502,,都城北諸県,321,2022,112024210,再診料（一般病床２００床以上の病院を除く）（情報通信機器を用いた再診を行った場合）,75.0
secondary_medical_area,45,4503,,延岡西臼杵,322,2022,112024210,再診料（一般病床２００床以上の病院を除く）（情報通信機器を用いた再診を行った場合）,
secondary_medical_area,45,4504,,日南串間,323,2022,112024210,再診料（一般病床２００床以上の病院を除く）（情報通信機器を用いた再診を行った場合）,
secondary_medical_area,45,4505,,西諸,324,2022,112024210,再診料（一般病床２００床以上の病院を除く）（情報通信機器を用いた再診を行った場合）,18.0
secondary_medical_area,45,4506,,西都児湯,325,2022,112024210,再診料（一般病床２００床以上の病院を除く）（情報通信機器を用いた再診を行った場合）,0.0
secondary_medical_area,45,4507,,日向入郷,326,2022,112024210,再診料（一般病床２００床以上の病院を除く）（情報通信機器を用いた再診を行った場合）,0.0
secondary_medical_area,46,4601,,鹿児島,327,2022,112024210,再診料（一般病床２００床以上の病院を除く）（情報通信機器を用いた再診を行った場合）,959.0
secondary_medical_area,46,4603,,南薩,328,2022,112024210,再診料（一般病床２００床以上の病院を除く）（情報通信機器を用いた再診を行った場合）,286.0
secondary_medical_area,46,4605,,川薩,329,2022,112024210,再診料（一般病床２００床以上の病院を除く）（情報通信機器を用いた再診を行った場合）,
secondary_medical_area,46,4606,,出水,330,2022,112024210,再診料（一般病床２００床以上の病院を除く）（情報通信機器を用いた再診を行った場合）,
secondary_medical_area,46,4607,,姶良・伊佐,331,2022,112024210,再診料（一般病床２００床以上の病院を除く）（情報通信機器を用いた再診を行った場合）,137.0
secondary_medical_area,46,4609,,曽於,332,2022,112024210,再診料（一般病床２００床以上の病院を除く）（情報通信機器を用いた再診を行った場合）,260.0
secondary_medical_area,46,4610,,肝属,333,2022,112024210,再診料（一般病床２００床以上の病院を除く）（情報通信機器を用いた再診を行った場合）,67.0
secondary_medical_area,46,4611,,熊毛,334,2022,112024210,再診料（一般病床２００床以上の病院を除く）（情報通信機器を用いた再診を行った場合）,0.0
secondary_medical_area,46,4612,,奄美,335,2022,112024210,再診料（一般病床２００床以上の病院を除く）（情報通信機器を用いた再診を行った場合）,682.0
secondary_medical_area,47,4701,,北部,336,2022,112024210,再診料（一般病床２００床以上の病院を除く）（情報通信機器を用いた再診を行った場合）,0.0
secondary_medical_area,47,4702,,中部,337,2022,112024210,再診料（一般病床２００床以上の病院を除く）（情報通信機器を用いた再診を行った場合）,429.0
secondary_medical_area,47,4703,,南部,338,2022,112024210,再診料（一般病床２００床以上の病院を除く）（情報通信機器を用いた再診を行った場合）,1158.0
secondary_medical_area,47,4704,,宮古,339,2022,112024210,再診料（一般病床２００床以上の病院を除く）（情報通信機器を用いた再診を行った場合）,513.0
secondary_medical_area,47,4705,,八重山,340,2022,112024210,再診料（一般病床２００床以上の病院を除く）（情報通信機器を用いた再診を行った場合）,0.0
secondary_medical_area,01,0101,,南渡島,6,2022,112024710,外来診療料（情報通信機器を用いた再診を行った場合）,0.0
secondary_medical_area,01,0102,,南檜山,7,2022,112024710,外来診療料（情報通信機器を用いた再診を行った場合）,0.0
secondary_medical_area,01,0103,,北渡島檜山,8,2022,112024710,外来診療料（情報通信機器を用いた再診を行った場合）,0.0
secondary_medical_area,01,0104,,札幌,9,2022,112024710,外来診療料（情報通信機器を用いた再診を行った場合）,
secondary_medical_area,01,0105,,後志,10,2022,112024710,外来診療料（情報通信機器を用いた再診を行った場合）,0.0
secondary_medical_area,01,0106,,南空知,11,2022,112024710,外来診療料（情報通信機器を用いた再診を行った場合）,0.0
secondary_medical_area,01,0107,,中空知,12,2022,112024710,外来診療料（情報通信機器を用いた再診を行った場合）,0.0
secondary_medical_area,01,0108,,北空知,13,2022,112024710,外来診療料（情報通信機器を用いた再診を行った場合）,0.0
secondary_medical_area,01,0109,,西胆振,14,2022,112024710,外来診療料（情報通信機器を用いた再診を行った場合）,0.0
secondary_medical_area,01,0110,,東胆振,15,2022,112024710,外来診療料（情報通信機器を用いた再診を行った場合）,
secondary_medical_area,01,0111,,日高,16,2022,112024710,外来診療料（情報通信機器を用いた再診を行った場合）,0.0
secondary_medical_area,01,0112,,上川中部,17,2022,112024710,外来診療料（情報通信機器を用いた再診を行った場合）,0.0
secondary_medical_area,01,0113,,上川北部,18,2022,112024710,外来診療料（情報通信機器を用いた再診を行った場合）,0.0
secondary_medical_area,01,0114,,富良野,19,2022,112024710,外来診療料（情報通信機器を用いた再診を行った場合）,0.0
secondary_medical_area,01,0115,,留萌,20,2022,112024710,外来診療料（情報通信機器を用いた再診を行った場合）,0.0
secondary_medical_area,01,0116,,宗谷,21,2022,112024710,外来診療料（情報通信機器を用いた再診を行った場合）,0.0
secondary_medical_area,01,0117,,北網,22,2022,112024710,外来診療料（情報通信機器を用いた再診を行った場合）,0.0
secondary_medical_area,01,0118,,遠紋,23,2022,112024710,外来診療料（情報通信機器を用いた再診を行った場合）,0.0
secondary_medical_area,01,0119,,十勝,24,2022,112024710,外来診療料（情報通信機器を用いた再診を行った場合）,0.0
secondary_medical_area,01,0120,,釧路,25,2022,112024710,外来診療料（情報通信機器を用いた再診を行った場合）,0.0
secondary_medical_area,01,0121,,根室,26,2022,112024710,外来診療料（情報通信機器を用いた再診を行った場合）,0.0
secondary_medical_area,02,0201,,津軽地域,27,2022,112024710,外来診療料（情報通信機器を用いた再診を行った場合）,0.0
secondary_medical_area,02,0202,,八戸地域,28,2022,112024710,外来診療料（情報通信機器を用いた再診を行った場合）,11.0
secondary_medical_area,02,0203,,青森地域,29,2022,112024710,外来診療料（情報通信機器を用いた再診を行った場合）,0.0
secondary_medical_area,02,0204,,西北五地域,30,2022,112024710,外来診療料（情報通信機器を用いた再診を行った場合）,0.0
secondary_medical_area,02,0205,,上十三地域,31,2022,112024710,外来診療料（情報通信機器を用いた再診を行った場合）,0.0
secondary_medical_area,02,0206,,下北地域,32,2022,112024710,外来診療料（情報通信機器を用いた再診を行った場合）,0.0
secondary_medical_area,03,0301,,盛岡,33,2022,112024710,外来診療料（情報通信機器を用いた再診を行った場合）,0.0
secondary_medical_area,03,0302,,岩手中部,34,2022,112024710,外来診療料（情報通信機器を用いた再診を行った場合）,44.0
secondary_medical_area,03,0303,,胆江,35,2022,112024710,外来診療料（情報通信機器を用いた再診を行った場合）,0.0
secondary_medical_area,03,0304,,両磐,36,2022,112024710,外来診療料（情報通信機器を用いた再診を行った場合）,0.0
secondary_medical_area,03,0305,,気仙,37,2022,112024710,外来診療料（情報通信機器を用いた再診を行った場合）,0.0
secondary_medical_area,03,0306,,釜石,38,2022,112024710,外来診療料（情報通信機器を用いた再診を行った場合）,0.0
secondary_medical_area,03,0307,,宮古,39,2022,112024710,外来診療料（情報通信機器を用いた再診を行った場合）,0.0
secondary_medical_area,03,0308,,久慈,40,2022,112024710,外来診療料（情報通信機器を用いた再診を行った場合）,0.0
secondary_medical_area,03,0309,,二戸,41,2022,112024710,外来診療料（情報通信機器を用いた再診を行った場合）,0.0
secondary_medical_area,04,0401,,仙南,42,2022,112024710,外来診療料（情報通信機器を用いた再診を行った場合）,0.0
secondary_medical_area,04,0403,,仙台,43,2022,112024710,外来診療料（情報通信機器を用いた再診を行った場合）,0.0
secondary_medical_area,04,0406,,大崎・栗原,44,2022,112024710,外来診療料（情報通信機器を用いた再診を行った場合）,0.0
secondary_medical_area,04,0409,,石巻・登米・気仙沼,45,2022,112024710,外来診療料（情報通信機器を用いた再診を行った場合）,0.0
secondary_medical_area,05,0501,,大館・鹿角,46,2022,112024710,外来診療料（情報通信機器を用いた再診を行った場合）,0.0
secondary_medical_area,05,0502,,北秋田,47,2022,112024710,外来診療料（情報通信機器を用いた再診を行った場合）,0.0
secondary_medical_area,05,0503,,能代・山本,48,2022,112024710,外来診療料（情報通信機器を用いた再診を行った場合）,0.0
secondary_medical_area,05,0504,,秋田周辺,49,2022,112024710,外来診療料（情報通信機器を用いた再診を行った場合）,0.0
secondary_medical_area,05,0505,,由利本荘・にかほ,50,2022,112024710,外来診療料（情報通信機器を用いた再診を行った場合）,0.0
secondary_medical_area,05,0506,,大仙・仙北,51,2022,112024710,外来診療料（情報通信機器を用いた再診を行った場合）,0.0
secondary_medical_area,05,0507,,横手,52,2022,112024710,外来診療料（情報通信機器を用いた再診を行った場合）,0.0
secondary_medical_area,05,0508,,湯沢・雄勝,53,2022,112024710,外来診療料（情報通信機器を用いた再診を行った場合）,0.0
secondary_medical_area,06,0601,,村山,54,2022,112024710,外来診療料（情報通信機器を用いた再診を行った場合）,10.0
secondary_medical_area,06,0602,,最上,55,2022,112024710,外来診療料（情報通信機器を用いた再診を行った場合）,0.0
secondary_medical_area,06,0603,,置賜,56,2022,112024710,外来診療料（情報通信機器を用いた再診を行った場合）,0.0
secondary_medical_area,06,0604,,庄内,57,2022,112024710,外来診療料（情報通信機器を用いた再診を行った場合）,0.0
secondary_medical_area,07,0701,,県北,58,2022,112024710,外来診療料（情報通信機器を用いた再診を行った場合）,0.0
secondary_medical_area,07,0702,,県中,59,2022,112024710,外来診療料（情報通信機器を用いた再診を行った場合）,
secondary_medical_area,07,0703,,県南,60,2022,112024710,外来診療料（情報通信機器を用いた再診を行った場合）,
secondary_medical_area,07,0706,,相双,61,2022,112024710,外来診療料（情報通信機器を用いた再診を行った場合）,0.0
secondary_medical_area,07,0707,,いわき,62,2022,112024710,外来診療料（情報通信機器を用いた再診を行った場合）,0.0
secondary_medical_area,07,0708,,会津・南会津,63,2022,112024710,外来診療料（情報通信機器を用いた再診を行った場合）,1907.0
secondary_medical_area,08,0801,,水戸,64,2022,112024710,外来診療料（情報通信機器を用いた再診を行った場合）,0.0
secondary_medical_area,08,0802,,日立,65,2022,112024710,外来診療料（情報通信機器を用いた再診を行った場合）,0.0
secondary_medical_area,08,0803,,常陸太田・ひたちなか,66,2022,112024710,外来診療料（情報通信機器を用いた再診を行った場合）,0.0
secondary_medical_area,08,0804,,鹿行,67,2022,112024710,外来診療料（情報通信機器を用いた再診を行った場合）,0.0
secondary_medical_area,08,0805,,土浦,68,2022,112024710,外来診療料（情報通信機器を用いた再診を行った場合）,0.0
secondary_medical_area,08,0806,,つくば,69,2022,112024710,外来診療料（情報通信機器を用いた再診を行った場合）,0.0
secondary_medical_area,08,0807,,取手・竜ヶ崎,70,2022,112024710,外来診療料（情報通信機器を用いた再診を行った場合）,224.0
secondary_medical_area,08,0808,,筑西・下妻,71,2022,112024710,外来診療料（情報通信機器を用いた再診を行った場合）,0.0
secondary_medical_area,08,0809,,古河・坂東,72,2022,112024710,外来診療料（情報通信機器を用いた再診を行った場合）,0.0
secondary_medical_area,09,0901,,県北,73,2022,112024710,外来診療料（情報通信機器を用いた再診を行った場合）,0.0
secondary_medical_area,09,0902,,県西,74,2022,112024710,外来診療料（情報通信機器を用いた再診を行った場合）,0.0
secondary_medical_area,09,0903,,宇都宮,75,2022,112024710,外来診療料（情報通信機器を用いた再診を行った場合）,0.0
secondary_medical_area,09,0904,,県東,76,2022,112024710,外来診療料（情報通信機器を用いた再診を行った場合）,0.0
secondary_medical_area,09,0905,,県南,77,2022,112024710,外来診療料（情報通信機器を用いた再診を行った場合）,0.0
secondary_medical_area,09,0906,,両毛,78,2022,112024710,外来診療料（情報通信機器を用いた再診を行った場合）,0.0
secondary_medical_area,10,1001,,前橋,79,2022,112024710,外来診療料（情報通信機器を用いた再診を行った場合）,0.0
secondary_medical_area,10,1002,,渋川,80,2022,112024710,外来診療料（情報通信機器を用いた再診を行った場合）,0.0
secondary_medical_area,10,1003,,伊勢崎,81,2022,112024710,外来診療料（情報通信機器を用いた再診を行った場合）,0.0
secondary_medical_area,10,1004,,高崎・安中,82,2022,112024710,外来診療料（情報通信機器を用いた再診を行った場合）,0.0
secondary_medical_area,10,1005,,藤岡,83,2022,112024710,外来診療料（情報通信機器を用いた再診を行った場合）,0.0
secondary_medical_area,10,1006,,富岡,84,2022,112024710,外来診療料（情報通信機器を用いた再診を行った場合）,0.0
secondary_medical_area,10,1007,,吾妻,85,2022,112024710,外来診療料（情報通信機器を用いた再診を行った場合）,0.0
secondary_medical_area,10,1008,,沼田,86,2022,112024710,外来診療料（情報通信機器を用いた再診を行った場合）,0.0
secondary_medical_area,10,1009,,桐生,87,2022,112024710,外来診療料（情報通信機器を用いた再診を行った場合）,0.0
secondary_medical_area,10,1010,,太田・館林,88,2022,112024710,外来診療料（情報通信機器を用いた再診を行った場合）,0.0
secondary_medical_area,11,1101,,南部,89,2022,112024710,外来診療料（情報通信機器を用いた再診を行った場合）,0.0
secondary_medical_area,11,1102,,南西部,90,2022,112024710,外来診療料（情報通信機器を用いた再診を行った場合）,
secondary_medical_area,11,1103,,東部,91,2022,112024710,外来診療料（情報通信機器を用いた再診を行った場合）,199.0
secondary_medical_area,11,1104,,さいたま,92,2022,112024710,外来診療料（情報通信機器を用いた再診を行った場合）,0.0
secondary_medical_area,11,1105,,県央,93,2022,112024710,外来診療料（情報通信機器を用いた再診を行った場合）,0.0
secondary_medical_area,11,1106,,川越比企,94,2022,112024710,外来診療料（情報通信機器を用いた再診を行った場合）,0.0
secondary_medical_area,11,1107,,西部,95,2022,112024710,外来診療料（情報通信機器を用いた再診を行った場合）,0.0
secondary_medical_area,11,1108,,利根,96,2022,112024710,外来診療料（情報通信機器を用いた再診を行った場合）,197.0
secondary_medical_area,11,1109,,北部,97,2022,112024710,外来診療料（情報通信機器を用いた再診を行った場合）,
secondary_medical_area,11,1110,,秩父,98,2022,112024710,外来診療料（情報通信機器を用いた再診を行った場合）,0.0
secondary_medical_area,12,1201,,千葉,99,2022,112024710,外来診療料（情報通信機器を用いた再診を行った場合）,11.0
secondary_medical_area,12,1202,,東葛南部,100,2022,112024710,外来診療料（情報通信機器を用いた再診を行った場合）,17.0
secondary_medical_area,12,1203,,東葛北部,101,2022,112024710,外来診療料（情報通信機器を用いた再診を行った場合）,43.0
secondary_medical_area,12,1204,,印旛,102,2022,112024710,外来診療料（情報通信機器を用いた再診を行った場合）,27.0
secondary_medical_area,12,1205,,香取海匝,103,2022,112024710,外来診療料（情報通信機器を用いた再診を行った場合）,0.0
secondary_medical_area,12,1206,,山武長生夷隅,104,2022,112024710,外来診療料（情報通信機器を用いた再診を行った場合）,0.0
secondary_medical_area,12,1207,,安房,105,2022,112024710,外来診療料（情報通信機器を用いた再診を行った場合）,0.0
secondary_medical_area,12,1208,,君津,106,2022,112024710,外来診療料（情報通信機器を用いた再診を行った場合）,0.0
secondary_medical_area,12,1209,,市原,107,2022,112024710,外来診療料（情報通信機器を用いた再診を行った場合）,21.0
secondary_medical_area,13,1301,,区中央部,108,2022,112024710,外来診療料（情報通信機器を用いた再診を行った場合）,27686.0
secondary_medical_area,13,1302,,区南部,109,2022,112024710,外来診療料（情報通信機器を用いた再診を行った場合）,0.0
secondary_medical_area,13,1303,,区西南部,110,2022,112024710,外来診療料（情報通信機器を用いた再診を行った場合）,
secondary_medical_area,13,1304,,区西部,111,2022,112024710,外来診療料（情報通信機器を用いた再診を行った場合）,0.0
secondary_medical_area,13,1305,,区西北部,112,2022,112024710,外来診療料（情報通信機器を用いた再診を行った場合）,15812.0
secondary_medical_area,13,1306,,区東北部,113,2022,112024710,外来診療料（情報通信機器を用いた再診を行った場合）,664.0
secondary_medical_area,13,1307,,区東部,114,2022,112024710,外来診療料（情報通信機器を用いた再診を行った場合）,0.0
secondary_medical_area,13,1308,,西多摩,115,2022,112024710,外来診療料（情報通信機器を用いた再診を行った場合）,0.0
secondary_medical_area,13,1309,,南多摩,116,2022,112024710,外来診療料（情報通信機器を用いた再診を行った場合）,0.0
secondary_medical_area,13,1310,,北多摩西部,117,2022,112024710,外来診療料（情報通信機器を用いた再診を行った場合）,
secondary_medical_area,13,1311,,北多摩南部,118,2022,112024710,外来診療料（情報通信機器を用いた再診を行った場合）,
secondary_medical_area,13,1312,,北多摩北部,119,2022,112024710,外来診療料（情報通信機器を用いた再診を行った場合）,0.0
secondary_medical_area,13,1313,,島しょ,120,2022,112024710,外来診療料（情報通信機器を用いた再診を行った場合）,0.0
secondary_medical_area,14,1404,,川崎北部,121,2022,112024710,外来診療料（情報通信機器を用いた再診を行った場合）,39.0
secondary_medical_area,14,1405,,川崎南部,122,2022,112024710,外来診療料（情報通信機器を用いた再診を行った場合）,0.0
secondary_medical_area,14,1406,,横須賀・三浦,123,2022,112024710,外来診療料（情報通信機器を用いた再診を行った場合）,848.0
secondary_medical_area,14,1407,,湘南東部,124,2022,112024710,外来診療料（情報通信機器を用いた再診を行った場合）,0.0
secondary_medical_area,14,1408,,湘南西部,125,2022,112024710,外来診療料（情報通信機器を用いた再診を行った場合）,0.0
secondary_medical_area,14,1409,,県央,126,2022,112024710,外来診療料（情報通信機器を用いた再診を行った場合）,315.0
secondary_medical_area,14,1410,,相模原,127,2022,112024710,外来診療料（情報通信機器を用いた再診を行った場合）,15.0
secondary_medical_area,14,1411,,県西,128,2022,112024710,外来診療料（情報通信機器を用いた再診を行った場合）,0.0
secondary_medical_area,14,1412,,横浜,129,2022,112024710,外来診療料（情報通信機器を用いた再診を行った場合）,181.0
secondary_medical_area,15,1501,,下越,130,2022,112024710,外来診療料（情報通信機器を用いた再診を行った場合）,0.0
secondary_medical_area,15,1502,,新潟,131,2022,112024710,外来診療料（情報通信機器を用いた再診を行った場合）,0.0
secondary_medical_area,15,1503,,県央,132,2022,112024710,外来診療料（情報通信機器を用いた再診を行った場合）,0.0
secondary_medical_area,15,1504,,中越,133,2022,112024710,外来診療料（情報通信機器を用いた再診を行った場合）,0.0
secondary_medical_area,15,1505,,魚沼,134,2022,112024710,外来診療料（情報通信機器を用いた再診を行った場合）,0.0
secondary_medical_area,15,1506,,上越,135,2022,112024710,外来診療料（情報通信機器を用いた再診を行った場合）,0.0
secondary_medical_area,15,1507,,佐渡,136,2022,112024710,外来診療料（情報通信機器を用いた再診を行った場合）,0.0
secondary_medical_area,16,1601,,新川,137,2022,112024710,外来診療料（情報通信機器を用いた再診を行った場合）,0.0
secondary_medical_area,16,1602,,富山,138,2022,112024710,外来診療料（情報通信機器を用いた再診を行った場合）,0.0
secondary_medical_area,16,1603,,高岡,139,2022,112024710,外来診療料（情報通信機器を用いた再診を行った場合）,0.0
secondary_medical_area,16,1604,,砺波,140,2022,112024710,外来診療料（情報通信機器を用いた再診を行った場合）,0.0
secondary_medical_area,17,1701,,南加賀,141,2022,112024710,外来診療料（情報通信機器を用いた再診を行った場合）,0.0
secondary_medical_area,17,1702,,石川中央,142,2022,112024710,外来診療料（情報通信機器を用いた再診を行った場合）,0.0
secondary_medical_area,17,1703,,能登中部,143,2022,112024710,外来診療料（情報通信機器を用いた再診を行った場合）,128.0
secondary_medical_area,17,1704,,能登北部,144,2022,112024710,外来診療料（情報通信機器を用いた再診を行った場合）,0.0
secondary_medical_area,18,1801,,福井・坂井,145,2022,112024710,外来診療料（情報通信機器を用いた再診を行った場合）,0.0
secondary_medical_area,18,1802,,奥越,146,2022,112024710,外来診療料（情報通信機器を用いた再診を行った場合）,0.0
secondary_medical_area,18,1803,,丹南,147,2022,112024710,外来診療料（情報通信機器を用いた再診を行った場合）,0.0
secondary_medical_area,18,1804,,嶺南,148,2022,112024710,外来診療料（情報通信機器を用いた再診を行った場合）,0.0
secondary_medical_area,19,1901,,中北,149,2022,112024710,外来診療料（情報通信機器を用いた再診を行った場合）,
secondary_medical_area,19,1902,,峡東,150,2022,112024710,外来診療料（情報通信機器を用いた再診を行った場合）,
secondary_medical_area,19,1903,,峡南,151,2022,112024710,外来診療料（情報通信機器を用いた再診を行った場合）,
secondary_medical_area,19,1904,,富士・東部,152,2022,112024710,外来診療料（情報通信機器を用いた再診を行った場合）,
secondary_medical_area,20,2001,,佐久,153,2022,112024710,外来診療料（情報通信機器を用いた再診を行った場合）,0.0
secondary_medical_area,20,2002,,上小,154,2022,112024710,外来診療料（情報通信機器を用いた再診を行った場合）,0.0
secondary_medical_area,20,2003,,諏訪,155,2022,112024710,外来診療料（情報通信機器を用いた再診を行った場合）,0.0
secondary_medical_area,20,2004,,上伊那,156,2022,112024710,外来診療料（情報通信機器を用いた再診を行った場合）,0.0
secondary_medical_area,20,2005,,飯伊,157,2022,112024710,外来診療料（情報通信機器を用いた再診を行った場合）,561.0
secondary_medical_area,20,2006,,木曽,158,2022,112024710,外来診療料（情報通信機器を用いた再診を行った場合）,0.0
secondary_medical_area,20,2007,,松本,159,2022,112024710,外来診療料（情報通信機器を用いた再診を行った場合）,3854.0
secondary_medical_area,20,2008,,大北,160,2022,112024710,外来診療料（情報通信機器を用いた再診を行った場合）,0.0
secondary_medical_area,20,2009,,長野,161,2022,112024710,外来診療料（情報通信機器を用いた再診を行った場合）,212.0
secondary_medical_area,20,2010,,北信,162,2022,112024710,外来診療料（情報通信機器を用いた再診を行った場合）,0.0
secondary_medical_area,21,2101,,岐阜,163,2022,112024710,外来診療料（情報通信機器を用いた再診を行った場合）,216.0
secondary_medical_area,21,2102,,西濃,164,2022,112024710,外来診療料（情報通信機器を用いた再診を行った場合）,0.0
secondary_medical_area,21,2103,,中濃,165,2022,112024710,外来診療料（情報通信機器を用いた再診を行った場合）,
secondary_medical_area,21,2104,,東濃,166,2022,112024710,外来診療料（情報通信機器を用いた再診を行った場合）,
secondary_medical_area,21,2105,,飛騨,167,2022,112024710,外来診療料（情報通信機器を用いた再診を行った場合）,0.0
secondary_medical_area,22,2201,,賀茂,168,2022,112024710,外来診療料（情報通信機器を用いた再診を行った場合）,0.0
secondary_medical_area,22,2202,,熱海伊東,169,2022,112024710,外来診療料（情報通信機器を用いた再診を行った場合）,0.0
secondary_medical_area,22,2203,,駿東田方,170,2022,112024710,外来診療料（情報通信機器を用いた再診を行った場合）,3372.0
secondary_medical_area,22,2204,,富士,171,2022,112024710,外来診療料（情報通信機器を用いた再診を行った場合）,0.0
secondary_medical_area,22,2205,,静岡,172,2022,112024710,外来診療料（情報通信機器を用いた再診を行った場合）,55.0
secondary_medical_area,22,2206,,志太榛原,173,2022,112024710,外来診療料（情報通信機器を用いた再診を行った場合）,0.0
secondary_medical_area,22,2207,,中東遠,174,2022,112024710,外来診療料（情報通信機器を用いた再診を行った場合）,0.0
secondary_medical_area,22,2208,,西部,175,2022,112024710,外来診療料（情報通信機器を用いた再診を行った場合）,29.0
secondary_medical_area,23,2302,,海部,176,2022,112024710,外来診療料（情報通信機器を用いた再診を行った場合）,0.0
secondary_medical_area,23,2304,,尾張東部,177,2022,112024710,外来診療料（情報通信機器を用いた再診を行った場合）,0.0
secondary_medical_area,23,2305,,尾張西部,178,2022,112024710,外来診療料（情報通信機器を用いた再診を行った場合）,1597.0
secondary_medical_area,23,2306,,尾張北部,179,2022,112024710,外来診療料（情報通信機器を用いた再診を行った場合）,0.0
secondary_medical_area,23,2307,,知多半島,180,2022,112024710,外来診療料（情報通信機器を用いた再診を行った場合）,
secondary_medical_area,23,2308,,西三河北部,181,2022,112024710,外来診療料（情報通信機器を用いた再診を行った場合）,0.0
secondary_medical_area,23,2309,,西三河南部西,182,2022,112024710,外来診療料（情報通信機器を用いた再診を行った場合）,0.0
secondary_medical_area,23,2310,,西三河南部東,183,2022,112024710,外来診療料（情報通信機器を用いた再診を行った場合）,0.0
secondary_medical_area,23,2311,,東三河北部,184,2022,112024710,外来診療料（情報通信機器を用いた再診を行った場合）,0.0
secondary_medical_area,23,2312,,東三河南部,185,2022,112024710,外来診療料（情報通信機器を用いた再診を行った場合）,0.0
secondary_medical_area,23,2313,,名古屋・尾張中部,186,2022,112024710,外来診療料（情報通信機器を用いた再診を行った場合）,
secondary_medical_area,24,2401,,北勢,187,2022,112024710,外来診療料（情報通信機器を用いた再診を行った場合）,
secondary_medical_area,24,2402,,中勢伊賀,188,2022,112024710,外来診療料（情報通信機器を用いた再診を行った場合）,
secondary_medical_area,24,2403,,南勢志摩,189,2022,112024710,外来診療料（情報通信機器を用いた再診を行った場合）,0.0
secondary_medical_area,24,2404,,東紀州,190,2022,112024710,外来診療料（情報通信機器を用いた再診を行った場合）,0.0
secondary_medical_area,25,2501,,大津,191,2022,112024710,外来診療料（情報通信機器を用いた再診を行った場合）,0.0
secondary_medical_area,25,2502,,湖南,192,2022,112024710,外来診療料（情報通信機器を用いた再診を行った場合）,0.0
secondary_medical_area,25,2503,,甲賀,193,2022,112024710,外来診療料（情報通信機器を用いた再診を行った場合）,0.0
secondary_medical_area,25,2504,,東近江,194,2022,112024710,外来診療料（情報通信機器を用いた再診を行った場合）,0.0
secondary_medical_area,25,2505,,湖東,195,2022,112024710,外来診療料（情報通信機器を用いた再診を行った場合）,0.0
secondary_medical_area,25,2506,,湖北,196,2022,112024710,外来診療料（情報通信機器を用いた再診を行った場合）,0.0
secondary_medical_area,25,2507,,湖西,197,2022,112024710,外来診療料（情報通信機器を用いた再診を行った場合）,0.0
secondary_medical_area,26,2601,,丹後,198,2022,112024710,外来診療料（情報通信機器を用いた再診を行った場合）,13.0
secondary_medical_area,26,2602,,中丹,199,2022,112024710,外来診療料（情報通信機器を用いた再診を行った場合）,0.0
secondary_medical_area,26,2603,,南丹,200,2022,112024710,外来診療料（情報通信機器を用いた再診を行った場合）,0.0
secondary_medical_area,26,2604,,京都・乙訓,201,2022,112024710,外来診療料（情報通信機器を用いた再診を行った場合）,0.0
secondary_medical_area,26,2605,,山城北,202,2022,112024710,外来診療料（情報通信機器を用いた再診を行った場合）,0.0
secondary_medical_area,26,2606,,山城南,203,2022,112024710,外来診療料（情報通信機器を用いた再診を行った場合）,0.0
secondary_medical_area,27,2701,,豊能,204,2022,112024710,外来診療料（情報通信機器を用いた再診を行った場合）,58.0
secondary_medical_area,27,2702,,三島,205,2022,112024710,外来診療料（情報通信機器を用いた再診を行った場合）,
secondary_medical_area,27,2703,,北河内,206,2022,112024710,外来診療料（情報通信機器を用いた再診を行った場合）,0.0
secondary_medical_area,27,2704,,中河内,207,2022,112024710,外来診療料（情報通信機器を用いた再診を行った場合）,0.0
secondary_medical_area,27,2705,,南河内,208,2022,112024710,外来診療料（情報通信機器を用いた再診を行った場合）,0.0
secondary_medical_area,27,2706,,堺市,209,2022,112024710,外来診療料（情報通信機器を用いた再診を行った場合）,0.0
secondary_medical_area,27,2707,,泉州,210,2022,112024710,外来診療料（情報通信機器を用いた再診を行った場合）,
secondary_medical_area,27,2708,,大阪市,211,2022,112024710,外来診療料（情報通信機器を用いた再診を行った場合）,65.0
secondary_medical_area,28,2801,,神戸,212,2022,112024710,外来診療料（情報通信機器を用いた再診を行った場合）,302.0
secondary_medical_area,28,2804,,東播磨,213,2022,112024710,外来診療料（情報通信機器を用いた再診を行った場合）,0.0
secondary_medical_area,28,2805,,北播磨,214,2022,112024710,外来診療料（情報通信機器を用いた再診を行った場合）,456.0
secondary_medical_area,28,2808,,但馬,215,2022,112024710,外来診療料（情報通信機器を用いた再診を行った場合）,0.0
secondary_medical_area,28,2809,,丹波,216,2022,112024710,外来診療料（情報通信機器を用いた再診を行った場合）,0.0
secondary_medical_area,28,2810,,淡路,217,2022,112024710,外来診療料（情報通信機器を用いた再診を行った場合）,0.0
secondary_medical_area,28,2811,,阪神,218,2022,112024710,外来診療料（情報通信機器を用いた再診を行った場合）,11.0
secondary_medical_area,28,2812,,播磨姫路,219,2022,112024710,外来診療料（情報通信機器を用いた再診を行った場合）,0.0
secondary_medical_area,29,2901,,奈良,220,2022,112024710,外来診療料（情報通信機器を用いた再診を行った場合）,0.0
secondary_medical_area,29,2902,,東和,221,2022,112024710,外来診療料（情報通信機器を用いた再診を行った場合）,0.0
secondary_medical_area,29,2903,,西和,222,2022,112024710,外来診療料（情報通信機器を用いた再診を行った場合）,0.0
secondary_medical_area,29,2904,,中和,223,2022,112024710,外来診療料（情報通信機器を用いた再診を行った場合）,0.0
secondary_medical_area,29,2905,,南和,224,2022,112024710,外来診療料（情報通信機器を用いた再診を行った場合）,0.0
secondary_medical_area,30,3001,,和歌山,225,2022,112024710,外来診療料（情報通信機器を用いた再診を行った場合）,0.0
secondary_medical_area,30,3002,,那賀,226,2022,112024710,外来診療料（情報通信機器を用いた再診を行った場合）,0.0
secondary_medical_area,30,3003,,橋本,227,2022,112024710,外来診療料（情報通信機器を用いた再診を行った場合）,0.0
secondary_medical_area,30,3004,,有田,228,2022,112024710,外来診療料（情報通信機器を用いた再診を行った場合）,0.0
secondary_medical_area,30,3005,,御坊,229,2022,112024710,外来診療料（情報通信機器を用いた再診を行った場合）,0.0
secondary_medical_area,30,3006,,田辺,230,2022,112024710,外来診療料（情報通信機器を用いた再診を行った場合）,0.0
secondary_medical_area,30,3007,,新宮,231,2022,112024710,外来診療料（情報通信機器を用いた再診を行った場合）,0.0
secondary_medical_area,31,3101,,東部,232,2022,112024710,外来診療料（情報通信機器を用いた再診を行った場合）,159.0
secondary_medical_area,31,3102,,中部,233,2022,112024710,外来診療料（情報通信機器を用いた再診を行った場合）,0.0
secondary_medical_area,31,3103,,西部,234,2022,112024710,外来診療料（情報通信機器を用いた再診を行った場合）,0.0
secondary_medical_area,32,3201,,松江,235,2022,112024710,外来診療料（情報通信機器を用いた再診を行った場合）,35.0
secondary_medical_area,32,3202,,雲南,236,2022,112024710,外来診療料（情報通信機器を用いた再診を行った場合）,0.0
secondary_medical_area,32,3203,,出雲,237,2022,112024710,外来診療料（情報通信機器を用いた再診を行った場合）,0.0
secondary_medical_area,32,3204,,大田,238,2022,112024710,外来診療料（情報通信機器を用いた再診を行った場合）,0.0
secondary_medical_area,32,3205,,浜田,239,2022,112024710,外来診療料（情報通信機器を用いた再診を行った場合）,0.0
secondary_medical_area,32,3206,,益田,240,2022,112024710,外来診療料（情報通信機器を用いた再診を行った場合）,0.0
secondary_medical_area,32,3207,,隠岐,241,2022,112024710,外来診療料（情報通信機器を用いた再診を行った場合）,0.0
secondary_medical_area,33,3301,,県南東部,242,2022,112024710,外来診療料（情報通信機器を用いた再診を行った場合）,0.0
secondary_medical_area,33,3302,,県南西部,243,2022,112024710,外来診療料（情報通信機器を用いた再診を行った場合）,0.0
secondary_medical_area,33,3303,,高梁・新見,244,2022,112024710,外来診療料（情報通信機器を用いた再診を行った場合）,0.0
secondary_medical_area,33,3304,,真庭,245,2022,112024710,外来診療料（情報通信機器を用いた再診を行った場合）,0.0
secondary_medical_area,33,3305,,津山・英田,246,2022,112024710,外来診療料（情報通信機器を用いた再診を行った場合）,0.0
secondary_medical_area,34,3401,,広島,247,2022,112024710,外来診療料（情報通信機器を用いた再診を行った場合）,0.0
secondary_medical_area,34,3402,,広島西,248,2022,112024710,外来診療料（情報通信機器を用いた再診を行った場合）,0.0
secondary_medical_area,34,3403,,呉,249,2022,112024710,外来診療料（情報通信機器を用いた再診を行った場合）,15.0
secondary_medical_area,34,3404,,広島中央,250,2022,112024710,外来診療料（情報通信機器を用いた再診を行った場合）,0.0
secondary_medical_area,34,3405,,尾三,251,2022,112024710,外来診療料（情報通信機器を用いた再診を行った場合）,0.0
secondary_medical_area,34,3406,,福山・府中,252,2022,112024710,外来診療料（情報通信機器を用いた再診を行った場合）,0.0
secondary_medical_area,34,3407,,備北,253,2022,112024710,外来診療料（情報通信機器を用いた再診を行った場合）,0.0
secondary_medical_area,35,3501,,岩国,254,2022,112024710,外来診療料（情報通信機器を用いた再診を行った場合）,
secondary_medical_area,35,3502,,柳井,255,2022,112024710,外来診療料（情報通信機器を用いた再診を行った場合）,
secondary_medical_area,35,3503,,周南,256,2022,112024710,外来診療料（情報通信機器を用いた再診を行った場合）,
secondary_medical_area,35,3504,,山口・防府,257,2022,112024710,外来診療料（情報通信機器を用いた再診を行った場合）,
secondary_medical_area,35,3505,,宇部・小野田,258,2022,112024710,外来診療料（情報通信機器を用いた再診を行った場合）,
secondary_medical_area,35,3506,,下関,259,2022,112024710,外来診療料（情報通信機器を用いた再診を行った場合）,
secondary_medical_area,35,3507,,長門,260,2022,112024710,外来診療料（情報通信機器を用いた再診を行った場合）,
secondary_medical_area,35,3508,,萩,261,2022,112024710,外来診療料（情報通信機器を用いた再診を行った場合）,
secondary_medical_area,36,3601,,東部,262,2022,112024710,外来診療料（情報通信機器を用いた再診を行った場合）,0.0
secondary_medical_area,36,3603,,南部,263,2022,112024710,外来診療料（情報通信機器を用いた再診を行った場合）,0.0
secondary_medical_area,36,3605,,西部,264,2022,112024710,外来診療料（情報通信機器を用いた再診を行った場合）,23.0
secondary_medical_area,37,3702,,小豆,265,2022,112024710,外来診療料（情報通信機器を用いた再診を行った場合）,0.0
secondary_medical_area,37,3706,,東部,266,2022,112024710,外来診療料（情報通信機器を用いた再診を行った場合）,0.0
secondary_medical_area,37,3707,,西部,267,2022,112024710,外来診療料（情報通信機器を用いた再診を行った場合）,0.0
secondary_medical_area,38,3801,,宇摩,268,2022,112024710,外来診療料（情報通信機器を用いた再診を行った場合）,169.0
secondary_medical_area,38,3802,,新居浜・西条,269,2022,112024710,外来診療料（情報通信機器を用いた再診を行った場合）,0.0
secondary_medical_area,38,3803,,今治,270,2022,112024710,外来診療料（情報通信機器を用いた再診を行った場合）,0.0
secondary_medical_area,38,3804,,松山,271,2022,112024710,外来診療料（情報通信機器を用いた再診を行った場合）,0.0
secondary_medical_area,38,3805,,八幡浜・大洲,272,2022,112024710,外来診療料（情報通信機器を用いた再診を行った場合）,0.0
secondary_medical_area,38,3806,,宇和島,273,2022,112024710,外来診療料（情報通信機器を用いた再診を行った場合）,0.0
secondary_medical_area,39,3901,,安芸,274,2022,112024710,外来診療料（情報通信機器を用いた再診を行った場合）,0.0
secondary_medical_area,39,3902,,中央,275,2022,112024710,外来診療料（情報通信機器を用いた再診を行った場合）,0.0
secondary_medical_area,39,3903,,高幡,276,2022,112024710,外来診療料（情報通信機器を用いた再診を行った場合）,0.0
secondary_medical_area,39,3904,,幡多,277,2022,112024710,外来診療料（情報通信機器を用いた再診を行った場合）,0.0
secondary_medical_area,40,4001,,福岡・糸島,278,2022,112024710,外来診療料（情報通信機器を用いた再診を行った場合）,
secondary_medical_area,40,4002,,粕屋,279,2022,112024710,外来診療料（情報通信機器を用いた再診を行った場合）,0.0
secondary_medical_area,40,4003,,宗像,280,2022,112024710,外来診療料（情報通信機器を用いた再診を行った場合）,0.0
secondary_medical_area,40,4004,,筑紫,281,2022,112024710,外来診療料（情報通信機器を用いた再診を行った場合）,0.0
secondary_medical_area,40,4005,,朝倉,282,2022,112024710,外来診療料（情報通信機器を用いた再診を行った場合）,0.0
secondary_medical_area,40,4006,,久留米,283,2022,112024710,外来診療料（情報通信機器を用いた再診を行った場合）,0.0
secondary_medical_area,40,4007,,八女・筑後,284,2022,112024710,外来診療料（情報通信機器を用いた再診を行った場合）,0.0
secondary_medical_area,40,4008,,有明,285,2022,112024710,外来診療料（情報通信機器を用いた再診を行った場合）,0.0
secondary_medical_area,40,4009,,飯塚,286,2022,112024710,外来診療料（情報通信機器を用いた再診を行った場合）,0.0
secondary_medical_area,40,4010,,直方・鞍手,287,2022,112024710,外来診療料（情報通信機器を用いた再診を行った場合）,0.0
secondary_medical_area,40,4011,,田川,288,2022,112024710,外来診療料（情報通信機器を用いた再診を行った場合）,0.0
secondary_medical_area,40,4012,,北九州,289,2022,112024710,外来診療料（情報通信機器を用いた再診を行った場合）,
secondary_medical_area,40,4013,,京築,290,2022,112024710,外来診療料（情報通信機器を用いた再診を行った場合）,0.0
secondary_medical_area,41,4101,,中部,291,2022,112024710,外来診療料（情報通信機器を用いた再診を行った場合）,0.0
secondary_medical_area,41,4102,,東部,292,2022,112024710,外来診療料（情報通信機器を用いた再診を行った場合）,0.0
secondary_medical_area,41,4103,,北部,293,2022,112024710,外来診療料（情報通信機器を用いた再診を行った場合）,0.0
secondary_medical_area,41,4104,,西部,294,2022,112024710,外来診療料（情報通信機器を用いた再診を行った場合）,0.0
secondary_medical_area,41,4105,,南部,295,2022,112024710,外来診療料（情報通信機器を用いた再診を行った場合）,0.0
secondary_medical_area,42,4201,,長崎,296,2022,112024710,外来診療料（情報通信機器を用いた再診を行った場合）,
secondary_medical_area,42,4202,,佐世保県北,297,2022,112024710,外来診療料（情報通信機器を用いた再診を行った場合）,0.0
secondary_medical_area,42,4203,,県央,298,2022,112024710,外来診療料（情報通信機器を用いた再診を行った場合）,0.0
secondary_medical_area,42,4204,,県南,299,2022,112024710,外来診療料（情報通信機器を用いた再診を行った場合）,0.0
secondary_medical_area,42,4206,,五島,300,2022,112024710,外来診療料（情報通信機器を用いた再診を行った場合）,0.0
secondary_medical_area,42,4207,,上五島,301,2022,112024710,外来診療料（情報通信機器を用いた再診を行った場合）,0.0
secondary_medical_area,42,4208,,壱岐,302,2022,112024710,外来診療料（情報通信機器を用いた再診を行った場合）,0.0
secondary_medical_area,42,4209,,対馬,303,2022,112024710,外来診療料（情報通信機器を用いた再診を行った場合）,
secondary_medical_area,43,4302,,宇城,304,2022,112024710,外来診療料（情報通信機器を用いた再診を行った場合）,0.0
secondary_medical_area,43,4303,,有明,305,2022,112024710,外来診療料（情報通信機器を用いた再診を行った場合）,2902.0
secondary_medical_area,43,4304,,鹿本,306,2022,112024710,外来診療料（情報通信機器を用いた再診を行った場合）,0.0
secondary_medical_area,43,4305,,菊池,307,2022,112024710,外来診療料（情報通信機器を用いた再診を行った場合）,0.0
secondary_medical_area,43,4306,,阿蘇,308,2022,112024710,外来診療料（情報通信機器を用いた再診を行った場合）,0.0
secondary_medical_area,43,4308,,八代,309,2022,112024710,外来診療料（情報通信機器を用いた再診を行った場合）,0.0
secondary_medical_area,43,4309,,芦北,310,2022,112024710,外来診療料（情報通信機器を用いた再診を行った場合）,1658.0
secondary_medical_area,43,4310,,球磨,311,2022,112024710,外来診療料（情報通信機器を用いた再診を行った場合）,0.0
secondary_medical_area,43,4311,,天草,312,2022,112024710,外来診療料（情報通信機器を用いた再診を行った場合）,0.0
secondary_medical_area,43,4312,,熊本・上益城,313,2022,112024710,外来診療料（情報通信機器を用いた再診を行った場合）,114.0
secondary_medical_area,44,4401,,東部,314,2022,112024710,外来診療料（情報通信機器を用いた再診を行った場合）,
secondary_medical_area,44,4403,,中部,315,2022,112024710,外来診療料（情報通信機器を用いた再診を行った場合）,
secondary_medical_area,44,4405,,南部,316,2022,112024710,外来診療料（情報通信機器を用いた再診を行った場合）,
secondary_medical_area,44,4406,,豊肥,317,2022,112024710,外来診療料（情報通信機器を用いた再診を行った場合）,
secondary_medical_area,44,4408,,西部,318,2022,112024710,外来診療料（情報通信機器を用いた再診を行った場合）,
secondary_medical_area,44,4409,,北部,319,2022,112024710,外来診療料（情報通信機器を用いた再診を行った場合）,
secondary_medical_area,45,4501,,宮崎東諸県,320,2022,112024710,外来診療料（情報通信機器を用いた再診を行った場合）,0.0
secondary_medical_area,45,4502,,都城北諸県,321,2022,112024710,外来診療料（情報通信機器を用いた再診を行った場合）,0.0
secondary_medical_area,45,4503,,延岡西臼杵,322,2022,112024710,外来診療料（情報通信機器を用いた再診を行った場合）,0.0
secondary_medical_area,45,4504,,日南串間,323,2022,112024710,外来診療料（情報通信機器を用いた再診を行った場合）,0.0
secondary_medical_area,45,4505,,西諸,324,2022,112024710,外来診療料（情報通信機器を用いた再診を行った場合）,0.0
secondary_medical_area,45,4506,,西都児湯,325,2022,112024710,外来診療料（情報通信機器を用いた再診を行った場合）,0.0
secondary_medical_area,45,4507,,日向入郷,326,2022,112024710,外来診療料（情報通信機器を用いた再診を行った場合）,0.0
secondary_medical_area,46,4601,,鹿児島,327,2022,112024710,外来診療料（情報通信機器を用いた再診を行った場合）,0.0
secondary_medical_area,46,4603,,南薩,328,2022,112024710,外来診療料（情報通信機器を用いた再診を行った場合）,0.0
secondary_medical_area,46,4605,,川薩,329,2022,112024710,外来診療料（情報通信機器を用いた再診を行った場合）,0.0
secondary_medical_area,46,4606,,出水,330,2022,112024710,外来診療料（情報通信機器を用いた再診を行った場合）,0.0
secondary_medical_area,46,4607,,姶良・伊佐,331,2022,112024710,外来診療料（情報通信機器を用いた再診を行った場合）,0.0
secondary_medical_area,46,4609,,曽於,332,2022,112024710,外来診療料（情報通信機器を用いた再診を行った場合）,0.0
secondary_medical_area,46,4610,,肝属,333,2022,112024710,外来診療料（情報通信機器を用いた再診を行った場合）,0.0
secondary_medical_area,46,4611,,熊毛,334,2022,112024710,外来診療料（情報通信機器を用いた再診を行った場合）,0.0
secondary_medical_area,46,4612,,奄美,335,2022,112024710,外来診療料（情報通信機器を用いた再診を行った場合）,0.0
secondary_medical_area,47,4701,,北部,336,2022,112024710,外来診療料（情報通信機器を用いた再診を行った場合）,0.0
secondary_medical_area,47,4702,,中部,337,2022,112024710,外来診療料（情報通信機器を用いた再診を行った場合）,
secondary_medical_area,47,4703,,南部,338,2022,112024710,外来診療料（情報通信機器を用いた再診を行った場合）,
secondary_medical_area,47,4704,,宮古,339,2022,112024710,外来診療料（情報通信機器を用いた再診を行った場合）,0.0
secondary_medical_area,47,4705,,八重山,340,2022,112024710,外来診療料（情報通信機器を用いた再診を行った場合）,0.0
secondary_medical_area,01,0101,,南渡島,6,2023,111014210,初診料（情報通信機器を用いた初診を行った場合）,205.0
secondary_medical_area,01,0102,,南檜山,7,2023,111014210,初診料（情報通信機器を用いた初診を行った場合）,0.0
secondary_medical_area,01,0103,,北渡島檜山,8,2023,111014210,初診料（情報通信機器を用いた初診を行った場合）,0.0
secondary_medical_area,01,0104,,札幌,9,2023,111014210,初診料（情報通信機器を用いた初診を行った場合）,3304.0
secondary_medical_area,01,0105,,後志,10,2023,111014210,初診料（情報通信機器を用いた初診を行った場合）,
secondary_medical_area,01,0106,,南空知,11,2023,111014210,初診料（情報通信機器を用いた初診を行った場合）,
secondary_medical_area,01,0107,,中空知,12,2023,111014210,初診料（情報通信機器を用いた初診を行った場合）,41.0
secondary_medical_area,01,0108,,北空知,13,2023,111014210,初診料（情報通信機器を用いた初診を行った場合）,0.0
secondary_medical_area,01,0109,,西胆振,14,2023,111014210,初診料（情報通信機器を用いた初診を行った場合）,398.0
secondary_medical_area,01,0110,,東胆振,15,2023,111014210,初診料（情報通信機器を用いた初診を行った場合）,
secondary_medical_area,01,0111,,日高,16,2023,111014210,初診料（情報通信機器を用いた初診を行った場合）,
secondary_medical_area,01,0112,,上川中部,17,2023,111014210,初診料（情報通信機器を用いた初診を行った場合）,163.0
secondary_medical_area,01,0113,,上川北部,18,2023,111014210,初診料（情報通信機器を用いた初診を行った場合）,0.0
secondary_medical_area,01,0114,,富良野,19,2023,111014210,初診料（情報通信機器を用いた初診を行った場合）,0.0
secondary_medical_area,01,0115,,留萌,20,2023,111014210,初診料（情報通信機器を用いた初診を行った場合）,46.0
secondary_medical_area,01,0116,,宗谷,21,2023,111014210,初診料（情報通信機器を用いた初診を行った場合）,0.0
secondary_medical_area,01,0117,,北網,22,2023,111014210,初診料（情報通信機器を用いた初診を行った場合）,84.0
secondary_medical_area,01,0118,,遠紋,23,2023,111014210,初診料（情報通信機器を用いた初診を行った場合）,0.0
secondary_medical_area,01,0119,,十勝,24,2023,111014210,初診料（情報通信機器を用いた初診を行った場合）,527.0
secondary_medical_area,01,0120,,釧路,25,2023,111014210,初診料（情報通信機器を用いた初診を行った場合）,53.0
secondary_medical_area,01,0121,,根室,26,2023,111014210,初診料（情報通信機器を用いた初診を行った場合）,0.0
secondary_medical_area,02,0201,,津軽地域,27,2023,111014210,初診料（情報通信機器を用いた初診を行った場合）,26.0
secondary_medical_area,02,0202,,八戸地域,28,2023,111014210,初診料（情報通信機器を用いた初診を行った場合）,1892.0
secondary_medical_area,02,0203,,青森地域,29,2023,111014210,初診料（情報通信機器を用いた初診を行った場合）,458.0
secondary_medical_area,02,0204,,西北五地域,30,2023,111014210,初診料（情報通信機器を用いた初診を行った場合）,79.0
secondary_medical_area,02,0205,,上十三地域,31,2023,111014210,初診料（情報通信機器を用いた初診を行った場合）,142.0
secondary_medical_area,02,0206,,下北地域,32,2023,111014210,初診料（情報通信機器を用いた初診を行った場合）,0.0
secondary_medical_area,03,0301,,盛岡,33,2023,111014210,初診料（情報通信機器を用いた初診を行った場合）,181.0
secondary_medical_area,03,0302,,岩手中部,34,2023,111014210,初診料（情報通信機器を用いた初診を行った場合）,
secondary_medical_area,03,0303,,胆江,35,2023,111014210,初診料（情報通信機器を用いた初診を行った場合）,0.0
secondary_medical_area,03,0304,,両磐,36,2023,111014210,初診料（情報通信機器を用いた初診を行った場合）,24.0
secondary_medical_area,03,0305,,気仙,37,2023,111014210,初診料（情報通信機器を用いた初診を行った場合）,50.0
secondary_medical_area,03,0306,,釜石,38,2023,111014210,初診料（情報通信機器を用いた初診を行った場合）,0.0
secondary_medical_area,03,0307,,宮古,39,2023,111014210,初診料（情報通信機器を用いた初診を行った場合）,
secondary_medical_area,03,0308,,久慈,40,2023,111014210,初診料（情報通信機器を用いた初診を行った場合）,0.0
secondary_medical_area,03,0309,,二戸,41,2023,111014210,初診料（情報通信機器を用いた初診を行った場合）,0.0
secondary_medical_area,04,0401,,仙南,42,2023,111014210,初診料（情報通信機器を用いた初診を行った場合）,44.0
secondary_medical_area,04,0403,,仙台,43,2023,111014210,初診料（情報通信機器を用いた初診を行った場合）,386.0
secondary_medical_area,04,0406,,大崎・栗原,44,2023,111014210,初診料（情報通信機器を用いた初診を行った場合）,720.0
secondary_medical_area,04,0409,,石巻・登米・気仙沼,45,2023,111014210,初診料（情報通信機器を用いた初診を行った場合）,42.0
secondary_medical_area,05,0501,,大館・鹿角,46,2023,111014210,初診料（情報通信機器を用いた初診を行った場合）,
secondary_medical_area,05,0502,,北秋田,47,2023,111014210,初診料（情報通信機器を用いた初診を行った場合）,0.0
secondary_medical_area,05,0503,,能代・山本,48,2023,111014210,初診料（情報通信機器を用いた初診を行った場合）,530.0
secondary_medical_area,05,0504,,秋田周辺,49,2023,111014210,初診料（情報通信機器を用いた初診を行った場合）,67.0
secondary_medical_area,05,0505,,由利本荘・にかほ,50,2023,111014210,初診料（情報通信機器を用いた初診を行った場合）,
secondary_medical_area,05,0506,,大仙・仙北,51,2023,111014210,初診料（情報通信機器を用いた初診を行った場合）,
secondary_medical_area,05,0507,,横手,52,2023,111014210,初診料（情報通信機器を用いた初診を行った場合）,340.0
secondary_medical_area,05,0508,,湯沢・雄勝,53,2023,111014210,初診料（情報通信機器を用いた初診を行った場合）,
secondary_medical_area,06,0601,,村山,54,2023,111014210,初診料（情報通信機器を用いた初診を行った場合）,
secondary_medical_area,06,0602,,最上,55,2023,111014210,初診料（情報通信機器を用いた初診を行った場合）,0.0
secondary_medical_area,06,0603,,置賜,56,2023,111014210,初診料（情報通信機器を用いた初診を行った場合）,421.0
secondary_medical_area,06,0604,,庄内,57,2023,111014210,初診料（情報通信機器を用いた初診を行った場合）,
secondary_medical_area,07,0701,,県北,58,2023,111014210,初診料（情報通信機器を用いた初診を行った場合）,477.0
secondary_medical_area,07,0702,,県中,59,2023,111014210,初診料（情報通信機器を用いた初診を行った場合）,1999.0
secondary_medical_area,07,0703,,県南,60,2023,111014210,初診料（情報通信機器を用いた初診を行った場合）,0.0
secondary_medical_area,07,0706,,相双,61,2023,111014210,初診料（情報通信機器を用いた初診を行った場合）,10.0
secondary_medical_area,07,0707,,いわき,62,2023,111014210,初診料（情報通信機器を用いた初診を行った場合）,1438.0
secondary_medical_area,07,0708,,会津・南会津,63,2023,111014210,初診料（情報通信機器を用いた初診を行った場合）,0.0
secondary_medical_area,08,0801,,水戸,64,2023,111014210,初診料（情報通信機器を用いた初診を行った場合）,129.0
secondary_medical_area,08,0802,,日立,65,2023,111014210,初診料（情報通信機器を用いた初診を行った場合）,
secondary_medical_area,08,0803,,常陸太田・ひたちなか,66,2023,111014210,初診料（情報通信機器を用いた初診を行った場合）,
secondary_medical_area,08,0804,,鹿行,67,2023,111014210,初診料（情報通信機器を用いた初診を行った場合）,82.0
secondary_medical_area,08,0805,,土浦,68,2023,111014210,初診料（情報通信機器を用いた初診を行った場合）,70.0
secondary_medical_area,08,0806,,つくば,69,2023,111014210,初診料（情報通信機器を用いた初診を行った場合）,315.0
secondary_medical_area,08,0807,,取手・竜ヶ崎,70,2023,111014210,初診料（情報通信機器を用いた初診を行った場合）,103.0
secondary_medical_area,08,0808,,筑西・下妻,71,2023,111014210,初診料（情報通信機器を用いた初診を行った場合）,381.0
secondary_medical_area,08,0809,,古河・坂東,72,2023,111014210,初診料（情報通信機器を用いた初診を行った場合）,0.0
secondary_medical_area,09,0901,,県北,73,2023,111014210,初診料（情報通信機器を用いた初診を行った場合）,
secondary_medical_area,09,0902,,県西,74,2023,111014210,初診料（情報通信機器を用いた初診を行った場合）,
secondary_medical_area,09,0903,,宇都宮,75,2023,111014210,初診料（情報通信機器を用いた初診を行った場合）,318.0
secondary_medical_area,09,0904,,県東,76,2023,111014210,初診料（情報通信機器を用いた初診を行った場合）,
secondary_medical_area,09,0905,,県南,77,2023,111014210,初診料（情報通信機器を用いた初診を行った場合）,216.0
secondary_medical_area,09,0906,,両毛,78,2023,111014210,初診料（情報通信機器を用いた初診を行った場合）,37.0
secondary_medical_area,10,1001,,前橋,79,2023,111014210,初診料（情報通信機器を用いた初診を行った場合）,230.0
secondary_medical_area,10,1002,,渋川,80,2023,111014210,初診料（情報通信機器を用いた初診を行った場合）,203.0
secondary_medical_area,10,1003,,伊勢崎,81,2023,111014210,初診料（情報通信機器を用いた初診を行った場合）,41.0
secondary_medical_area,10,1004,,高崎・安中,82,2023,111014210,初診料（情報通信機器を用いた初診を行った場合）,51.0
secondary_medical_area,10,1005,,藤岡,83,2023,111014210,初診料（情報通信機器を用いた初診を行った場合）,
secondary_medical_area,10,1006,,富岡,84,2023,111014210,初診料（情報通信機器を用いた初診を行った場合）,
secondary_medical_area,10,1007,,吾妻,85,2023,111014210,初診料（情報通信機器を用いた初診を行った場合）,0.0
secondary_medical_area,10,1008,,沼田,86,2023,111014210,初診料（情報通信機器を用いた初診を行った場合）,0.0
secondary_medical_area,10,1009,,桐生,87,2023,111014210,初診料（情報通信機器を用いた初診を行った場合）,24.0
secondary_medical_area,10,1010,,太田・館林,88,2023,111014210,初診料（情報通信機器を用いた初診を行った場合）,107.0
secondary_medical_area,11,1101,,南部,89,2023,111014210,初診料（情報通信機器を用いた初診を行った場合）,3841.0
secondary_medical_area,11,1102,,南西部,90,2023,111014210,初診料（情報通信機器を用いた初診を行った場合）,611.0
secondary_medical_area,11,1103,,東部,91,2023,111014210,初診料（情報通信機器を用いた初診を行った場合）,3851.0
secondary_medical_area,11,1104,,さいたま,92,2023,111014210,初診料（情報通信機器を用いた初診を行った場合）,2541.0
secondary_medical_area,11,1105,,県央,93,2023,111014210,初診料（情報通信機器を用いた初診を行った場合）,488.0
secondary_medical_area,11,1106,,川越比企,94,2023,111014210,初診料（情報通信機器を用いた初診を行った場合）,276.0
secondary_medical_area,11,1107,,西部,95,2023,111014210,初診料（情報通信機器を用いた初診を行った場合）,1635.0
secondary_medical_area,11,1108,,利根,96,2023,111014210,初診料（情報通信機器を用いた初診を行った場合）,118.0
secondary_medical_area,11,1109,,北部,97,2023,111014210,初診料（情報通信機器を用いた初診を行った場合）,
secondary_medical_area,11,1110,,秩父,98,2023,111014210,初診料（情報通信機器を用いた初診を行った場合）,
secondary_medical_area,12,1201,,千葉,99,2023,111014210,初診料（情報通信機器を用いた初診を行った場合）,5099.0
secondary_medical_area,12,1202,,東葛南部,100,2023,111014210,初診料（情報通信機器を用いた初診を行った場合）,2705.0
secondary_medical_area,12,1203,,東葛北部,101,2023,111014210,初診料（情報通信機器を用いた初診を行った場合）,1669.0
secondary_medical_area,12,1204,,印旛,102,2023,111014210,初診料（情報通信機器を用いた初診を行った場合）,580.0
secondary_medical_area,12,1205,,香取海匝,103,2023,111014210,初診料（情報通信機器を用いた初診を行った場合）,
secondary_medical_area,12,1206,,山武長生夷隅,104,2023,111014210,初診料（情報通信機器を用いた初診を行った場合）,
secondary_medical_area,12,1207,,安房,105,2023,111014210,初診料（情報通信機器を用いた初診を行った場合）,
secondary_medical_area,12,1208,,君津,106,2023,111014210,初診料（情報通信機器を用いた初診を行った場合）,70.0
secondary_medical_area,12,1209,,市原,107,2023,111014210,初診料（情報通信機器を用いた初診を行った場合）,874.0
secondary_medical_area,13,1301,,区中央部,108,2023,111014210,初診料（情報通信機器を用いた初診を行った場合）,123370.0
secondary_medical_area,13,1302,,区南部,109,2023,111014210,初診料（情報通信機器を用いた初診を行った場合）,1995.0
secondary_medical_area,13,1303,,区西南部,110,2023,111014210,初診料（情報通信機器を用いた初診を行った場合）,23631.0
secondary_medical_area,13,1304,,区西部,111,2023,111014210,初診料（情報通信機器を用いた初診を行った場合）,124908.0
secondary_medical_area,13,1305,,区西北部,112,2023,111014210,初診料（情報通信機器を用いた初診を行った場合）,10127.0
secondary_medical_area,13,1306,,区東北部,113,2023,111014210,初診料（情報通信機器を用いた初診を行った場合）,42689.0
secondary_medical_area,13,1307,,区東部,114,2023,111014210,初診料（情報通信機器を用いた初診を行った場合）,3001.0
secondary_medical_area,13,1308,,西多摩,115,2023,111014210,初診料（情報通信機器を用いた初診を行った場合）,1458.0
secondary_medical_area,13,1309,,南多摩,116,2023,111014210,初診料（情報通信機器を用いた初診を行った場合）,1405.0
secondary_medical_area,13,1310,,北多摩西部,117,2023,111014210,初診料（情報通信機器を用いた初診を行った場合）,813.0
secondary_medical_area,13,1311,,北多摩南部,118,2023,111014210,初診料（情報通信機器を用いた初診を行った場合）,3493.0
secondary_medical_area,13,1312,,北多摩北部,119,2023,111014210,初診料（情報通信機器を用いた初診を行った場合）,613.0
secondary_medical_area,13,1313,,島しょ,120,2023,111014210,初診料（情報通信機器を用いた初診を行った場合）,0.0
secondary_medical_area,14,1404,,川崎北部,121,2023,111014210,初診料（情報通信機器を用いた初診を行った場合）,1771.0
secondary_medical_area,14,1405,,川崎南部,122,2023,111014210,初診料（情報通信機器を用いた初診を行った場合）,1238.0
secondary_medical_area,14,1406,,横須賀・三浦,123,2023,111014210,初診料（情報通信機器を用いた初診を行った場合）,1199.0
secondary_medical_area,14,1407,,湘南東部,124,2023,111014210,初診料（情報通信機器を用いた初診を行った場合）,1705.0
secondary_medical_area,14,1408,,湘南西部,125,2023,111014210,初診料（情報通信機器を用いた初診を行った場合）,80.0
secondary_medical_area,14,1409,,県央,126,2023,111014210,初診料（情報通信機器を用いた初診を行った場合）,800.0
secondary_medical_area,14,1410,,相模原,127,2023,111014210,初診料（情報通信機器を用いた初診を行った場合）,868.0
secondary_medical_area,14,1411,,県西,128,2023,111014210,初診料（情報通信機器を用いた初診を行った場合）,117.0
secondary_medical_area,14,1412,,横浜,129,2023,111014210,初診料（情報通信機器を用いた初診を行った場合）,10884.0
secondary_medical_area,15,1501,,下越,130,2023,111014210,初診料（情報通信機器を用いた初診を行った場合）,
secondary_medical_area,15,1502,,新潟,131,2023,111014210,初診料（情報通信機器を用いた初診を行った場合）,321.0
secondary_medical_area,15,1503,,県央,132,2023,111014210,初診料（情報通信機器を用いた初診を行った場合）,94.0
secondary_medical_area,15,1504,,中越,133,2023,111014210,初診料（情報通信機器を用いた初診を行った場合）,149.0
secondary_medical_area,15,1505,,魚沼,134,2023,111014210,初診料（情報通信機器を用いた初診を行った場合）,36.0
secondary_medical_area,15,1506,,上越,135,2023,111014210,初診料（情報通信機器を用いた初診を行った場合）,464.0
secondary_medical_area,15,1507,,佐渡,136,2023,111014210,初診料（情報通信機器を用いた初診を行った場合）,
secondary_medical_area,16,1601,,新川,137,2023,111014210,初診料（情報通信機器を用いた初診を行った場合）,0.0
secondary_medical_area,16,1602,,富山,138,2023,111014210,初診料（情報通信機器を用いた初診を行った場合）,
secondary_medical_area,16,1603,,高岡,139,2023,111014210,初診料（情報通信機器を用いた初診を行った場合）,134.0
secondary_medical_area,16,1604,,砺波,140,2023,111014210,初診料（情報通信機器を用いた初診を行った場合）,
secondary_medical_area,17,1701,,南加賀,141,2023,111014210,初診料（情報通信機器を用いた初診を行った場合）,23.0
secondary_medical_area,17,1702,,石川中央,142,2023,111014210,初診料（情報通信機器を用いた初診を行った場合）,243.0
secondary_medical_area,17,1703,,能登中部,143,2023,111014210,初診料（情報通信機器を用いた初診を行った場合）,
secondary_medical_area,17,1704,,能登北部,144,2023,111014210,初診料（情報通信機器を用いた初診を行った場合）,
secondary_medical_area,18,1801,,福井・坂井,145,2023,111014210,初診料（情報通信機器を用いた初診を行った場合）,340.0
secondary_medical_area,18,1802,,奥越,146,2023,111014210,初診料（情報通信機器を用いた初診を行った場合）,
secondary_medical_area,18,1803,,丹南,147,2023,111014210,初診料（情報通信機器を用いた初診を行った場合）,29.0
secondary_medical_area,18,1804,,嶺南,148,2023,111014210,初診料（情報通信機器を用いた初診を行った場合）,
secondary_medical_area,19,1901,,中北,149,2023,111014210,初診料（情報通信機器を用いた初診を行った場合）,
secondary_medical_area,19,1902,,峡東,150,2023,111014210,初診料（情報通信機器を用いた初診を行った場合）,
secondary_medical_area,19,1903,,峡南,151,2023,111014210,初診料（情報通信機器を用いた初診を行った場合）,0.0
secondary_medical_area,19,1904,,富士・東部,152,2023,111014210,初診料（情報通信機器を用いた初診を行った場合）,431.0
secondary_medical_area,20,2001,,佐久,153,2023,111014210,初診料（情報通信機器を用いた初診を行った場合）,60.0
secondary_medical_area,20,2002,,上小,154,2023,111014210,初診料（情報通信機器を用いた初診を行った場合）,80.0
secondary_medical_area,20,2003,,諏訪,155,2023,111014210,初診料（情報通信機器を用いた初診を行った場合）,22.0
secondary_medical_area,20,2004,,上伊那,156,2023,111014210,初診料（情報通信機器を用いた初診を行った場合）,
secondary_medical_area,20,2005,,飯伊,157,2023,111014210,初診料（情報通信機器を用いた初診を行った場合）,31.0
secondary_medical_area,20,2006,,木曽,158,2023,111014210,初診料（情報通信機器を用いた初診を行った場合）,0.0
secondary_medical_area,20,2007,,松本,159,2023,111014210,初診料（情報通信機器を用いた初診を行った場合）,127.0
secondary_medical_area,20,2008,,大北,160,2023,111014210,初診料（情報通信機器を用いた初診を行った場合）,
secondary_medical_area,20,2009,,長野,161,2023,111014210,初診料（情報通信機器を用いた初診を行った場合）,40.0
secondary_medical_area,20,2010,,北信,162,2023,111014210,初診料（情報通信機器を用いた初診を行った場合）,0.0
secondary_medical_area,21,2101,,岐阜,163,2023,111014210,初診料（情報通信機器を用いた初診を行った場合）,793.0
secondary_medical_area,21,2102,,西濃,164,2023,111014210,初診料（情報通信機器を用いた初診を行った場合）,
secondary_medical_area,21,2103,,中濃,165,2023,111014210,初診料（情報通信機器を用いた初診を行った場合）,46.0
secondary_medical_area,21,2104,,東濃,166,2023,111014210,初診料（情報通信機器を用いた初診を行った場合）,
secondary_medical_area,21,2105,,飛騨,167,2023,111014210,初診料（情報通信機器を用いた初診を行った場合）,0.0
secondary_medical_area,22,2201,,賀茂,168,2023,111014210,初診料（情報通信機器を用いた初診を行った場合）,179.0
secondary_medical_area,22,2202,,熱海伊東,169,2023,111014210,初診料（情報通信機器を用いた初診を行った場合）,
secondary_medical_area,22,2203,,駿東田方,170,2023,111014210,初診料（情報通信機器を用いた初診を行った場合）,458.0
secondary_medical_area,22,2204,,富士,171,2023,111014210,初診料（情報通信機器を用いた初診を行った場合）,122.0
secondary_medical_area,22,2205,,静岡,172,2023,111014210,初診料（情報通信機器を用いた初診を行った場合）,258.0
secondary_medical_area,22,2206,,志太榛原,173,2023,111014210,初診料（情報通信機器を用いた初診を行った場合）,85.0
secondary_medical_area,22,2207,,中東遠,174,2023,111014210,初診料（情報通信機器を用いた初診を行った場合）,
secondary_medical_area,22,2208,,西部,175,2023,111014210,初診料（情報通信機器を用いた初診を行った場合）,784.0
secondary_medical_area,23,2302,,海部,176,2023,111014210,初診料（情報通信機器を用いた初診を行った場合）,103.0
secondary_medical_area,23,2304,,尾張東部,177,2023,111014210,初診料（情報通信機器を用いた初診を行った場合）,95.0
secondary_medical_area,23,2305,,尾張西部,178,2023,111014210,初診料（情報通信機器を用いた初診を行った場合）,166.0
secondary_medical_area,23,2306,,尾張北部,179,2023,111014210,初診料（情報通信機器を用いた初診を行った場合）,559.0
secondary_medical_area,23,2307,,知多半島,180,2023,111014210,初診料（情報通信機器を用いた初診を行った場合）,120.0
secondary_medical_area,23,2308,,西三河北部,181,2023,111014210,初診料（情報通信機器を用いた初診を行った場合）,305.0
secondary_medical_area,23,2309,,西三河南部西,182,2023,111014210,初診料（情報通信機器を用いた初診を行った場合）,50.0
secondary_medical_area,23,2310,,西三河南部東,183,2023,111014210,初診料（情報通信機器を用いた初診を行った場合）,852.0
secondary_medical_area,23,2311,,東三河北部,184,2023,111014210,初診料（情報通信機器を用いた初診を行った場合）,
secondary_medical_area,23,2312,,東三河南部,185,2023,111014210,初診料（情報通信機器を用いた初診を行った場合）,
secondary_medical_area,23,2313,,名古屋・尾張中部,186,2023,111014210,初診料（情報通信機器を用いた初診を行った場合）,21539.0
secondary_medical_area,24,2401,,北勢,187,2023,111014210,初診料（情報通信機器を用いた初診を行った場合）,94.0
secondary_medical_area,24,2402,,中勢伊賀,188,2023,111014210,初診料（情報通信機器を用いた初診を行った場合）,31.0
secondary_medical_area,24,2403,,南勢志摩,189,2023,111014210,初診料（情報通信機器を用いた初診を行った場合）,633.0
secondary_medical_area,24,2404,,東紀州,190,2023,111014210,初診料（情報通信機器を用いた初診を行った場合）,0.0
secondary_medical_area,25,2501,,大津,191,2023,111014210,初診料（情報通信機器を用いた初診を行った場合）,37.0
secondary_medical_area,25,2502,,湖南,192,2023,111014210,初診料（情報通信機器を用いた初診を行った場合）,105.0
secondary_medical_area,25,2503,,甲賀,193,2023,111014210,初診料（情報通信機器を用いた初診を行った場合）,
secondary_medical_area,25,2504,,東近江,194,2023,111014210,初診料（情報通信機器を用いた初診を行った場合）,40.0
secondary_medical_area,25,2505,,湖東,195,2023,111014210,初診料（情報通信機器を用いた初診を行った場合）,
secondary_medical_area,25,2506,,湖北,196,2023,111014210,初診料（情報通信機器を用いた初診を行った場合）,207.0
secondary_medical_area,25,2507,,湖西,197,2023,111014210,初診料（情報通信機器を用いた初診を行った場合）,0.0
secondary_medical_area,26,2601,,丹後,198,2023,111014210,初診料（情報通信機器を用いた初診を行った場合）,261.0
secondary_medical_area,26,2602,,中丹,199,2023,111014210,初診料（情報通信機器を用いた初診を行った場合）,
secondary_medical_area,26,2603,,南丹,200,2023,111014210,初診料（情報通信機器を用いた初診を行った場合）,
secondary_medical_area,26,2604,,京都・乙訓,201,2023,111014210,初診料（情報通信機器を用いた初診を行った場合）,2040.0
secondary_medical_area,26,2605,,山城北,202,2023,111014210,初診料（情報通信機器を用いた初診を行った場合）,95.0
secondary_medical_area,26,2606,,山城南,203,2023,111014210,初診料（情報通信機器を用いた初診を行った場合）,37.0
secondary_medical_area,27,2701,,豊能,204,2023,111014210,初診料（情報通信機器を用いた初診を行った場合）,980.0
secondary_medical_area,27,2702,,三島,205,2023,111014210,初診料（情報通信機器を用いた初診を行った場合）,343.0
secondary_medical_area,27,2703,,北河内,206,2023,111014210,初診料（情報通信機器を用いた初診を行った場合）,2511.0
secondary_medical_area,27,2704,,中河内,207,2023,111014210,初診料（情報通信機器を用いた初診を行った場合）,145.0
secondary_medical_area,27,2705,,南河内,208,2023,111014210,初診料（情報通信機器を用いた初診を行った場合）,417.0
secondary_medical_area,27,2706,,堺市,209,2023,111014210,初診料（情報通信機器を用いた初診を行った場合）,810.0
secondary_medical_area,27,2707,,泉州,210,2023,111014210,初診料（情報通信機器を用いた初診を行った場合）,315.0
secondary_medical_area,27,2708,,大阪市,211,2023,111014210,初診料（情報通信機器を用いた初診を行った場合）,6878.0
secondary_medical_area,28,2801,,神戸,212,2023,111014210,初診料（情報通信機器を用いた初診を行った場合）,1447.0
secondary_medical_area,28,2804,,東播磨,213,2023,111014210,初診料（情報通信機器を用いた初診を行った場合）,1190.0
secondary_medical_area,28,2805,,北播磨,214,2023,111014210,初診料（情報通信機器を用いた初診を行った場合）,116.0
secondary_medical_area,28,2808,,但馬,215,2023,111014210,初診料（情報通信機器を用いた初診を行った場合）,
secondary_medical_area,28,2809,,丹波,216,2023,111014210,初診料（情報通信機器を用いた初診を行った場合）,0.0
secondary_medical_area,28,2810,,淡路,217,2023,111014210,初診料（情報通信機器を用いた初診を行った場合）,
secondary_medical_area,28,2811,,阪神,218,2023,111014210,初診料（情報通信機器を用いた初診を行った場合）,2994.0
secondary_medical_area,28,2812,,播磨姫路,219,2023,111014210,初診料（情報通信機器を用いた初診を行った場合）,408.0
secondary_medical_area,29,2901,,奈良,220,2023,111014210,初診料（情報通信機器を用いた初診を行った場合）,165.0
secondary_medical_area,29,2902,,東和,221,2023,111014210,初診料（情報通信機器を用いた初診を行った場合）,219.0
secondary_medical_area,29,2903,,西和,222,2023,111014210,初診料（情報通信機器を用いた初診を行った場合）,401.0
secondary_medical_area,29,2904,,中和,223,2023,111014210,初診料（情報通信機器を用いた初診を行った場合）,85.0
secondary_medical_area,29,2905,,南和,224,2023,111014210,初診料（情報通信機器を用いた初診を行った場合）,0.0
secondary_medical_area,30,3001,,和歌山,225,2023,111014210,初診料（情報通信機器を用いた初診を行った場合）,64.0
secondary_medical_area,30,3002,,那賀,226,2023,111014210,初診料（情報通信機器を用いた初診を行った場合）,83.0
secondary_medical_area,30,3003,,橋本,227,2023,111014210,初診料（情報通信機器を用いた初診を行った場合）,0.0
secondary_medical_area,30,3004,,有田,228,2023,111014210,初診料（情報通信機器を用いた初診を行った場合）,0.0
secondary_medical_area,30,3005,,御坊,229,2023,111014210,初診料（情報通信機器を用いた初診を行った場合）,0.0
secondary_medical_area,30,3006,,田辺,230,2023,111014210,初診料（情報通信機器を用いた初診を行った場合）,
secondary_medical_area,30,3007,,新宮,231,2023,111014210,初診料（情報通信機器を用いた初診を行った場合）,
secondary_medical_area,31,3101,,東部,232,2023,111014210,初診料（情報通信機器を用いた初診を行った場合）,
secondary_medical_area,31,3102,,中部,233,2023,111014210,初診料（情報通信機器を用いた初診を行った場合）,265.0
secondary_medical_area,31,3103,,西部,234,2023,111014210,初診料（情報通信機器を用いた初診を行った場合）,
secondary_medical_area,32,3201,,松江,235,2023,111014210,初診料（情報通信機器を用いた初診を行った場合）,
secondary_medical_area,32,3202,,雲南,236,2023,111014210,初診料（情報通信機器を用いた初診を行った場合）,0.0
secondary_medical_area,32,3203,,出雲,237,2023,111014210,初診料（情報通信機器を用いた初診を行った場合）,1515.0
secondary_medical_area,32,3204,,大田,238,2023,111014210,初診料（情報通信機器を用いた初診を行った場合）,207.0
secondary_medical_area,32,3205,,浜田,239,2023,111014210,初診料（情報通信機器を用いた初診を行った場合）,0.0
secondary_medical_area,32,3206,,益田,240,2023,111014210,初診料（情報通信機器を用いた初診を行った場合）,
secondary_medical_area,32,3207,,隠岐,241,2023,111014210,初診料（情報通信機器を用いた初診を行った場合）,0.0
secondary_medical_area,33,3301,,県南東部,242,2023,111014210,初診料（情報通信機器を用いた初診を行った場合）,158.0
secondary_medical_area,33,3302,,県南西部,243,2023,111014210,初診料（情報通信機器を用いた初診を行った場合）,53.0
secondary_medical_area,33,3303,,高梁・新見,244,2023,111014210,初診料（情報通信機器を用いた初診を行った場合）,0.0
secondary_medical_area,33,3304,,真庭,245,2023,111014210,初診料（情報通信機器を用いた初診を行った場合）,0.0
secondary_medical_area,33,3305,,津山・英田,246,2023,111014210,初診料（情報通信機器を用いた初診を行った場合）,10.0
secondary_medical_area,34,3401,,広島,247,2023,111014210,初診料（情報通信機器を用いた初診を行った場合）,326.0
secondary_medical_area,34,3402,,広島西,248,2023,111014210,初診料（情報通信機器を用いた初診を行った場合）,
secondary_medical_area,34,3403,,呉,249,2023,111014210,初診料（情報通信機器を用いた初診を行った場合）,
secondary_medical_area,34,3404,,広島中央,250,2023,111014210,初診料（情報通信機器を用いた初診を行った場合）,
secondary_medical_area,34,3405,,尾三,251,2023,111014210,初診料（情報通信機器を用いた初診を行った場合）,
secondary_medical_area,34,3406,,福山・府中,252,2023,111014210,初診料（情報通信機器を用いた初診を行った場合）,1035.0
secondary_medical_area,34,3407,,備北,253,2023,111014210,初診料（情報通信機器を用いた初診を行った場合）,
secondary_medical_area,35,3501,,岩国,254,2023,111014210,初診料（情報通信機器を用いた初診を行った場合）,28.0
secondary_medical_area,35,3502,,柳井,255,2023,111014210,初診料（情報通信機器を用いた初診を行った場合）,
secondary_medical_area,35,3503,,周南,256,2023,111014210,初診料（情報通信機器を用いた初診を行った場合）,15.0
secondary_medical_area,35,3504,,山口・防府,257,2023,111014210,初診料（情報通信機器を用いた初診を行った場合）,10.0
secondary_medical_area,35,3505,,宇部・小野田,258,2023,111014210,初診料（情報通信機器を用いた初診を行った場合）,10.0
secondary_medical_area,35,3506,,下関,259,2023,111014210,初診料（情報通信機器を用いた初診を行った場合）,
secondary_medical_area,35,3507,,長門,260,2023,111014210,初診料（情報通信機器を用いた初診を行った場合）,0.0
secondary_medical_area,35,3508,,萩,261,2023,111014210,初診料（情報通信機器を用いた初診を行った場合）,0.0
secondary_medical_area,36,3601,,東部,262,2023,111014210,初診料（情報通信機器を用いた初診を行った場合）,
secondary_medical_area,36,3603,,南部,263,2023,111014210,初診料（情報通信機器を用いた初診を行った場合）,
secondary_medical_area,36,3605,,西部,264,2023,111014210,初診料（情報通信機器を用いた初診を行った場合）,0.0
secondary_medical_area,37,3702,,小豆,265,2023,111014210,初診料（情報通信機器を用いた初診を行った場合）,0.0
secondary_medical_area,37,3706,,東部,266,2023,111014210,初診料（情報通信機器を用いた初診を行った場合）,
secondary_medical_area,37,3707,,西部,267,2023,111014210,初診料（情報通信機器を用いた初診を行った場合）,
secondary_medical_area,38,3801,,宇摩,268,2023,111014210,初診料（情報通信機器を用いた初診を行った場合）,272.0
secondary_medical_area,38,3802,,新居浜・西条,269,2023,111014210,初診料（情報通信機器を用いた初診を行った場合）,0.0
secondary_medical_area,38,3803,,今治,270,2023,111014210,初診料（情報通信機器を用いた初診を行った場合）,
secondary_medical_area,38,3804,,松山,271,2023,111014210,初診料（情報通信機器を用いた初診を行った場合）,108.0
secondary_medical_area,38,3805,,八幡浜・大洲,272,2023,111014210,初診料（情報通信機器を用いた初診を行った場合）,
secondary_medical_area,38,3806,,宇和島,273,2023,111014210,初診料（情報通信機器を用いた初診を行った場合）,0.0
secondary_medical_area,39,3901,,安芸,274,2023,111014210,初診料（情報通信機器を用いた初診を行った場合）,0.0
secondary_medical_area,39,3902,,中央,275,2023,111014210,初診料（情報通信機器を用いた初診を行った場合）,86.0
secondary_medical_area,39,3903,,高幡,276,2023,111014210,初診料（情報通信機器を用いた初診を行った場合）,
secondary_medical_area,39,3904,,幡多,277,2023,111014210,初診料（情報通信機器を用いた初診を行った場合）,
secondary_medical_area,40,4001,,福岡・糸島,278,2023,111014210,初診料（情報通信機器を用いた初診を行った場合）,1122.0
secondary_medical_area,40,4002,,粕屋,279,2023,111014210,初診料（情報通信機器を用いた初診を行った場合）,86.0
secondary_medical_area,40,4003,,宗像,280,2023,111014210,初診料（情報通信機器を用いた初診を行った場合）,
secondary_medical_area,40,4004,,筑紫,281,2023,111014210,初診料（情報通信機器を用いた初診を行った場合）,1034.0
secondary_medical_area,40,4005,,朝倉,282,2023,111014210,初診料（情報通信機器を用いた初診を行った場合）,
secondary_medical_area,40,4006,,久留米,283,2023,111014210,初診料（情報通信機器を用いた初診を行った場合）,160.0
secondary_medical_area,40,4007,,八女・筑後,284,2023,111014210,初診料（情報通信機器を用いた初診を行った場合）,0.0
secondary_medical_area,40,4008,,有明,285,2023,111014210,初診料（情報通信機器を用いた初診を行った場合）,20.0
secondary_medical_area,40,4009,,飯塚,286,2023,111014210,初診料（情報通信機器を用いた初診を行った場合）,
secondary_medical_area,40,4010,,直方・鞍手,287,2023,111014210,初診料（情報通信機器を用いた初診を行った場合）,0.0
secondary_medical_area,40,4011,,田川,288,2023,111014210,初診料（情報通信機器を用いた初診を行った場合）,114.0
secondary_medical_area,40,4012,,北九州,289,2023,111014210,初診料（情報通信機器を用いた初診を行った場合）,245.0
secondary_medical_area,40,4013,,京築,290,2023,111014210,初診料（情報通信機器を用いた初診を行った場合）,0.0
secondary_medical_area,41,4101,,中部,291,2023,111014210,初診料（情報通信機器を用いた初診を行った場合）,
secondary_medical_area,41,4102,,東部,292,2023,111014210,初診料（情報通信機器を用いた初診を行った場合）,
secondary_medical_area,41,4103,,北部,293,2023,111014210,初診料（情報通信機器を用いた初診を行った場合）,18.0
secondary_medical_area,41,4104,,西部,294,2023,111014210,初診料（情報通信機器を用いた初診を行った場合）,39.0
secondary_medical_area,41,4105,,南部,295,2023,111014210,初診料（情報通信機器を用いた初診を行った場合）,
secondary_medical_area,42,4201,,長崎,296,2023,111014210,初診料（情報通信機器を用いた初診を行った場合）,62.0
secondary_medical_area,42,4202,,佐世保県北,297,2023,111014210,初診料（情報通信機器を用いた初診を行った場合）,122.0
secondary_medical_area,42,4203,,県央,298,2023,111014210,初診料（情報通信機器を用いた初診を行った場合）,
secondary_medical_area,42,4204,,県南,299,2023,111014210,初診料（情報通信機器を用いた初診を行った場合）,0.0
secondary_medical_area,42,4206,,五島,300,2023,111014210,初診料（情報通信機器を用いた初診を行った場合）,
secondary_medical_area,42,4207,,上五島,301,2023,111014210,初診料（情報通信機器を用いた初診を行った場合）,0.0
secondary_medical_area,42,4208,,壱岐,302,2023,111014210,初診料（情報通信機器を用いた初診を行った場合）,0.0
secondary_medical_area,42,4209,,対馬,303,2023,111014210,初診料（情報通信機器を用いた初診を行った場合）,0.0
secondary_medical_area,43,4302,,宇城,304,2023,111014210,初診料（情報通信機器を用いた初診を行った場合）,
secondary_medical_area,43,4303,,有明,305,2023,111014210,初診料（情報通信機器を用いた初診を行った場合）,
secondary_medical_area,43,4304,,鹿本,306,2023,111014210,初診料（情報通信機器を用いた初診を行った場合）,0.0
secondary_medical_area,43,4305,,菊池,307,2023,111014210,初診料（情報通信機器を用いた初診を行った場合）,
secondary_medical_area,43,4306,,阿蘇,308,2023,111014210,初診料（情報通信機器を用いた初診を行った場合）,0.0
secondary_medical_area,43,4308,,八代,309,2023,111014210,初診料（情報通信機器を用いた初診を行った場合）,
secondary_medical_area,43,4309,,芦北,310,2023,111014210,初診料（情報通信機器を用いた初診を行った場合）,0.0
secondary_medical_area,43,4310,,球磨,311,2023,111014210,初診料（情報通信機器を用いた初診を行った場合）,
secondary_medical_area,43,4311,,天草,312,2023,111014210,初診料（情報通信機器を用いた初診を行った場合）,72.0
secondary_medical_area,43,4312,,熊本・上益城,313,2023,111014210,初診料（情報通信機器を用いた初診を行った場合）,1276.0
secondary_medical_area,44,4401,,東部,314,2023,111014210,初診料（情報通信機器を用いた初診を行った場合）,
secondary_medical_area,44,4403,,中部,315,2023,111014210,初診料（情報通信機器を用いた初診を行った場合）,343.0
secondary_medical_area,44,4405,,南部,316,2023,111014210,初診料（情報通信機器を用いた初診を行った場合）,1111.0
secondary_medical_area,44,4406,,豊肥,317,2023,111014210,初診料（情報通信機器を用いた初診を行った場合）,
secondary_medical_area,44,4408,,西部,318,2023,111014210,初診料（情報通信機器を用いた初診を行った場合）,0.0
secondary_medical_area,44,4409,,北部,319,2023,111014210,初診料（情報通信機器を用いた初診を行った場合）,0.0
secondary_medical_area,45,4501,,宮崎東諸県,320,2023,111014210,初診料（情報通信機器を用いた初診を行った場合）,149.0
secondary_medical_area,45,4502,,都城北諸県,321,2023,111014210,初診料（情報通信機器を用いた初診を行った場合）,709.0
secondary_medical_area,45,4503,,延岡西臼杵,322,2023,111014210,初診料（情報通信機器を用いた初診を行った場合）,
secondary_medical_area,45,4504,,日南串間,323,2023,111014210,初診料（情報通信機器を用いた初診を行った場合）,0.0
secondary_medical_area,45,4505,,西諸,324,2023,111014210,初診料（情報通信機器を用いた初診を行った場合）,
secondary_medical_area,45,4506,,西都児湯,325,2023,111014210,初診料（情報通信機器を用いた初診を行った場合）,0.0
secondary_medical_area,45,4507,,日向入郷,326,2023,111014210,初診料（情報通信機器を用いた初診を行った場合）,0.0
secondary_medical_area,46,4601,,鹿児島,327,2023,111014210,初診料（情報通信機器を用いた初診を行った場合）,61.0
secondary_medical_area,46,4603,,南薩,328,2023,111014210,初診料（情報通信機器を用いた初診を行った場合）,16.0
secondary_medical_area,46,4605,,川薩,329,2023,111014210,初診料（情報通信機器を用いた初診を行った場合）,0.0
secondary_medical_area,46,4606,,出水,330,2023,111014210,初診料（情報通信機器を用いた初診を行った場合）,
secondary_medical_area,46,4607,,姶良・伊佐,331,2023,111014210,初診料（情報通信機器を用いた初診を行った場合）,
secondary_medical_area,46,4609,,曽於,332,2023,111014210,初診料（情報通信機器を用いた初診を行った場合）,226.0
secondary_medical_area,46,4610,,肝属,333,2023,111014210,初診料（情報通信機器を用いた初診を行った場合）,0.0
secondary_medical_area,46,4611,,熊毛,334,2023,111014210,初診料（情報通信機器を用いた初診を行った場合）,0.0
secondary_medical_area,46,4612,,奄美,335,2023,111014210,初診料（情報通信機器を用いた初診を行った場合）,31.0
secondary_medical_area,47,4701,,北部,336,2023,111014210,初診料（情報通信機器を用いた初診を行った場合）,0.0
secondary_medical_area,47,4702,,中部,337,2023,111014210,初診料（情報通信機器を用いた初診を行った場合）,1789.0
secondary_medical_area,47,4703,,南部,338,2023,111014210,初診料（情報通信機器を用いた初診を行った場合）,1301.0
secondary_medical_area,47,4704,,宮古,339,2023,111014210,初診料（情報通信機器を用いた初診を行った場合）,
secondary_medical_area,47,4705,,八重山,340,2023,111014210,初診料（情報通信機器を用いた初診を行った場合）,
secondary_medical_area,01,0101,,南渡島,6,2023,112024210,再診料（一般病床２００床以上の病院を除く）（情報通信機器を用いた再診を行った場合）,679.0
secondary_medical_area,01,0102,,南檜山,7,2023,112024210,再診料（一般病床２００床以上の病院を除く）（情報通信機器を用いた再診を行った場合）,0.0
secondary_medical_area,01,0103,,北渡島檜山,8,2023,112024210,再診料（一般病床２００床以上の病院を除く）（情報通信機器を用いた再診を行った場合）,0.0
secondary_medical_area,01,0104,,札幌,9,2023,112024210,再診料（一般病床２００床以上の病院を除く）（情報通信機器を用いた再診を行った場合）,7885.0
secondary_medical_area,01,0105,,後志,10,2023,112024210,再診料（一般病床２００床以上の病院を除く）（情報通信機器を用いた再診を行った場合）,320.0
secondary_medical_area,01,0106,,南空知,11,2023,112024210,再診料（一般病床２００床以上の病院を除く）（情報通信機器を用いた再診を行った場合）,23.0
secondary_medical_area,01,0107,,中空知,12,2023,112024210,再診料（一般病床２００床以上の病院を除く）（情報通信機器を用いた再診を行った場合）,421.0
secondary_medical_area,01,0108,,北空知,13,2023,112024210,再診料（一般病床２００床以上の病院を除く）（情報通信機器を用いた再診を行った場合）,60.0
secondary_medical_area,01,0109,,西胆振,14,2023,112024210,再診料（一般病床２００床以上の病院を除く）（情報通信機器を用いた再診を行った場合）,397.0
secondary_medical_area,01,0110,,東胆振,15,2023,112024210,再診料（一般病床２００床以上の病院を除く）（情報通信機器を用いた再診を行った場合）,82.0
secondary_medical_area,01,0111,,日高,16,2023,112024210,再診料（一般病床２００床以上の病院を除く）（情報通信機器を用いた再診を行った場合）,473.0
secondary_medical_area,01,0112,,上川中部,17,2023,112024210,再診料（一般病床２００床以上の病院を除く）（情報通信機器を用いた再診を行った場合）,202.0
secondary_medical_area,01,0113,,上川北部,18,2023,112024210,再診料（一般病床２００床以上の病院を除く）（情報通信機器を用いた再診を行った場合）,0.0
secondary_medical_area,01,0114,,富良野,19,2023,112024210,再診料（一般病床２００床以上の病院を除く）（情報通信機器を用いた再診を行った場合）,0.0
secondary_medical_area,01,0115,,留萌,20,2023,112024210,再診料（一般病床２００床以上の病院を除く）（情報通信機器を用いた再診を行った場合）,47.0
secondary_medical_area,01,0116,,宗谷,21,2023,112024210,再診料（一般病床２００床以上の病院を除く）（情報通信機器を用いた再診を行った場合）,
secondary_medical_area,01,0117,,北網,22,2023,112024210,再診料（一般病床２００床以上の病院を除く）（情報通信機器を用いた再診を行った場合）,394.0
secondary_medical_area,01,0118,,遠紋,23,2023,112024210,再診料（一般病床２００床以上の病院を除く）（情報通信機器を用いた再診を行った場合）,
secondary_medical_area,01,0119,,十勝,24,2023,112024210,再診料（一般病床２００床以上の病院を除く）（情報通信機器を用いた再診を行った場合）,617.0
secondary_medical_area,01,0120,,釧路,25,2023,112024210,再診料（一般病床２００床以上の病院を除く）（情報通信機器を用いた再診を行った場合）,362.0
secondary_medical_area,01,0121,,根室,26,2023,112024210,再診料（一般病床２００床以上の病院を除く）（情報通信機器を用いた再診を行った場合）,21.0
secondary_medical_area,02,0201,,津軽地域,27,2023,112024210,再診料（一般病床２００床以上の病院を除く）（情報通信機器を用いた再診を行った場合）,359.0
secondary_medical_area,02,0202,,八戸地域,28,2023,112024210,再診料（一般病床２００床以上の病院を除く）（情報通信機器を用いた再診を行った場合）,1680.0
secondary_medical_area,02,0203,,青森地域,29,2023,112024210,再診料（一般病床２００床以上の病院を除く）（情報通信機器を用いた再診を行った場合）,357.0
secondary_medical_area,02,0204,,西北五地域,30,2023,112024210,再診料（一般病床２００床以上の病院を除く）（情報通信機器を用いた再診を行った場合）,42.0
secondary_medical_area,02,0205,,上十三地域,31,2023,112024210,再診料（一般病床２００床以上の病院を除く）（情報通信機器を用いた再診を行った場合）,70.0
secondary_medical_area,02,0206,,下北地域,32,2023,112024210,再診料（一般病床２００床以上の病院を除く）（情報通信機器を用いた再診を行った場合）,0.0
secondary_medical_area,03,0301,,盛岡,33,2023,112024210,再診料（一般病床２００床以上の病院を除く）（情報通信機器を用いた再診を行った場合）,998.0
secondary_medical_area,03,0302,,岩手中部,34,2023,112024210,再診料（一般病床２００床以上の病院を除く）（情報通信機器を用いた再診を行った場合）,341.0
secondary_medical_area,03,0303,,胆江,35,2023,112024210,再診料（一般病床２００床以上の病院を除く）（情報通信機器を用いた再診を行った場合）,
secondary_medical_area,03,0304,,両磐,36,2023,112024210,再診料（一般病床２００床以上の病院を除く）（情報通信機器を用いた再診を行った場合）,417.0
secondary_medical_area,03,0305,,気仙,37,2023,112024210,再診料（一般病床２００床以上の病院を除く）（情報通信機器を用いた再診を行った場合）,152.0
secondary_medical_area,03,0306,,釜石,38,2023,112024210,再診料（一般病床２００床以上の病院を除く）（情報通信機器を用いた再診を行った場合）,0.0
secondary_medical_area,03,0307,,宮古,39,2023,112024210,再診料（一般病床２００床以上の病院を除く）（情報通信機器を用いた再診を行った場合）,1094.0
secondary_medical_area,03,0308,,久慈,40,2023,112024210,再診料（一般病床２００床以上の病院を除く）（情報通信機器を用いた再診を行った場合）,0.0
secondary_medical_area,03,0309,,二戸,41,2023,112024210,再診料（一般病床２００床以上の病院を除く）（情報通信機器を用いた再診を行った場合）,
secondary_medical_area,04,0401,,仙南,42,2023,112024210,再診料（一般病床２００床以上の病院を除く）（情報通信機器を用いた再診を行った場合）,349.0
secondary_medical_area,04,0403,,仙台,43,2023,112024210,再診料（一般病床２００床以上の病院を除く）（情報通信機器を用いた再診を行った場合）,1997.0
secondary_medical_area,04,0406,,大崎・栗原,44,2023,112024210,再診料（一般病床２００床以上の病院を除く）（情報通信機器を用いた再診を行った場合）,734.0
secondary_medical_area,04,0409,,石巻・登米・気仙沼,45,2023,112024210,再診料（一般病床２００床以上の病院を除く）（情報通信機器を用いた再診を行った場合）,101.0
secondary_medical_area,05,0501,,大館・鹿角,46,2023,112024210,再診料（一般病床２００床以上の病院を除く）（情報通信機器を用いた再診を行った場合）,33.0
secondary_medical_area,05,0502,,北秋田,47,2023,112024210,再診料（一般病床２００床以上の病院を除く）（情報通信機器を用いた再診を行った場合）,71.0
secondary_medical_area,05,0503,,能代・山本,48,2023,112024210,再診料（一般病床２００床以上の病院を除く）（情報通信機器を用いた再診を行った場合）,502.0
secondary_medical_area,05,0504,,秋田周辺,49,2023,112024210,再診料（一般病床２００床以上の病院を除く）（情報通信機器を用いた再診を行った場合）,381.0
secondary_medical_area,05,0505,,由利本荘・にかほ,50,2023,112024210,再診料（一般病床２００床以上の病院を除く）（情報通信機器を用いた再診を行った場合）,
secondary_medical_area,05,0506,,大仙・仙北,51,2023,112024210,再診料（一般病床２００床以上の病院を除く）（情報通信機器を用いた再診を行った場合）,28.0
secondary_medical_area,05,0507,,横手,52,2023,112024210,再診料（一般病床２００床以上の病院を除く）（情報通信機器を用いた再診を行った場合）,323.0
secondary_medical_area,05,0508,,湯沢・雄勝,53,2023,112024210,再診料（一般病床２００床以上の病院を除く）（情報通信機器を用いた再診を行った場合）,
secondary_medical_area,06,0601,,村山,54,2023,112024210,再診料（一般病床２００床以上の病院を除く）（情報通信機器を用いた再診を行った場合）,755.0
secondary_medical_area,06,0602,,最上,55,2023,112024210,再診料（一般病床２００床以上の病院を除く）（情報通信機器を用いた再診を行った場合）,32.0
secondary_medical_area,06,0603,,置賜,56,2023,112024210,再診料（一般病床２００床以上の病院を除く）（情報通信機器を用いた再診を行った場合）,169.0
secondary_medical_area,06,0604,,庄内,57,2023,112024210,再診料（一般病床２００床以上の病院を除く）（情報通信機器を用いた再診を行った場合）,3544.0
secondary_medical_area,07,0701,,県北,58,2023,112024210,再診料（一般病床２００床以上の病院を除く）（情報通信機器を用いた再診を行った場合）,1029.0
secondary_medical_area,07,0702,,県中,59,2023,112024210,再診料（一般病床２００床以上の病院を除く）（情報通信機器を用いた再診を行った場合）,1712.0
secondary_medical_area,07,0703,,県南,60,2023,112024210,再診料（一般病床２００床以上の病院を除く）（情報通信機器を用いた再診を行った場合）,0.0
secondary_medical_area,07,0706,,相双,61,2023,112024210,再診料（一般病床２００床以上の病院を除く）（情報通信機器を用いた再診を行った場合）,18.0
secondary_medical_area,07,0707,,いわき,62,2023,112024210,再診料（一般病床２００床以上の病院を除く）（情報通信機器を用いた再診を行った場合）,1034.0
secondary_medical_area,07,0708,,会津・南会津,63,2023,112024210,再診料（一般病床２００床以上の病院を除く）（情報通信機器を用いた再診を行った場合）,12.0
secondary_medical_area,08,0801,,水戸,64,2023,112024210,再診料（一般病床２００床以上の病院を除く）（情報通信機器を用いた再診を行った場合）,1487.0
secondary_medical_area,08,0802,,日立,65,2023,112024210,再診料（一般病床２００床以上の病院を除く）（情報通信機器を用いた再診を行った場合）,
secondary_medical_area,08,0803,,常陸太田・ひたちなか,66,2023,112024210,再診料（一般病床２００床以上の病院を除く）（情報通信機器を用いた再診を行った場合）,186.0
secondary_medical_area,08,0804,,鹿行,67,2023,112024210,再診料（一般病床２００床以上の病院を除く）（情報通信機器を用いた再診を行った場合）,165.0
secondary_medical_area,08,0805,,土浦,68,2023,112024210,再診料（一般病床２００床以上の病院を除く）（情報通信機器を用いた再診を行った場合）,1276.0
secondary_medical_area,08,0806,,つくば,69,2023,112024210,再診料（一般病床２００床以上の病院を除く）（情報通信機器を用いた再診を行った場合）,1370.0
secondary_medical_area,08,0807,,取手・竜ヶ崎,70,2023,112024210,再診料（一般病床２００床以上の病院を除く）（情報通信機器を用いた再診を行った場合）,792.0
secondary_medical_area,08,0808,,筑西・下妻,71,2023,112024210,再診料（一般病床２００床以上の病院を除く）（情報通信機器を用いた再診を行った場合）,821.0
secondary_medical_area,08,0809,,古河・坂東,72,2023,112024210,再診料（一般病床２００床以上の病院を除く）（情報通信機器を用いた再診を行った場合）,
secondary_medical_area,09,0901,,県北,73,2023,112024210,再診料（一般病床２００床以上の病院を除く）（情報通信機器を用いた再診を行った場合）,68.0
secondary_medical_area,09,0902,,県西,74,2023,112024210,再診料（一般病床２００床以上の病院を除く）（情報通信機器を用いた再診を行った場合）,175.0
secondary_medical_area,09,0903,,宇都宮,75,2023,112024210,再診料（一般病床２００床以上の病院を除く）（情報通信機器を用いた再診を行った場合）,4094.0
secondary_medical_area,09,0904,,県東,76,2023,112024210,再診料（一般病床２００床以上の病院を除く）（情報通信機器を用いた再診を行った場合）,32.0
secondary_medical_area,09,0905,,県南,77,2023,112024210,再診料（一般病床２００床以上の病院を除く）（情報通信機器を用いた再診を行った場合）,1480.0
secondary_medical_area,09,0906,,両毛,78,2023,112024210,再診料（一般病床２００床以上の病院を除く）（情報通信機器を用いた再診を行った場合）,467.0
secondary_medical_area,10,1001,,前橋,79,2023,112024210,再診料（一般病床２００床以上の病院を除く）（情報通信機器を用いた再診を行った場合）,1006.0
secondary_medical_area,10,1002,,渋川,80,2023,112024210,再診料（一般病床２００床以上の病院を除く）（情報通信機器を用いた再診を行った場合）,
secondary_medical_area,10,1003,,伊勢崎,81,2023,112024210,再診料（一般病床２００床以上の病院を除く）（情報通信機器を用いた再診を行った場合）,244.0
secondary_medical_area,10,1004,,高崎・安中,82,2023,112024210,再診料（一般病床２００床以上の病院を除く）（情報通信機器を用いた再診を行った場合）,1234.0
secondary_medical_area,10,1005,,藤岡,83,2023,112024210,再診料（一般病床２００床以上の病院を除く）（情報通信機器を用いた再診を行った場合）,
secondary_medical_area,10,1006,,富岡,84,2023,112024210,再診料（一般病床２００床以上の病院を除く）（情報通信機器を用いた再診を行った場合）,325.0
secondary_medical_area,10,1007,,吾妻,85,2023,112024210,再診料（一般病床２００床以上の病院を除く）（情報通信機器を用いた再診を行った場合）,
secondary_medical_area,10,1008,,沼田,86,2023,112024210,再診料（一般病床２００床以上の病院を除く）（情報通信機器を用いた再診を行った場合）,0.0
secondary_medical_area,10,1009,,桐生,87,2023,112024210,再診料（一般病床２００床以上の病院を除く）（情報通信機器を用いた再診を行った場合）,65.0
secondary_medical_area,10,1010,,太田・館林,88,2023,112024210,再診料（一般病床２００床以上の病院を除く）（情報通信機器を用いた再診を行った場合）,1577.0
secondary_medical_area,11,1101,,南部,89,2023,112024210,再診料（一般病床２００床以上の病院を除く）（情報通信機器を用いた再診を行った場合）,7344.0
secondary_medical_area,11,1102,,南西部,90,2023,112024210,再診料（一般病床２００床以上の病院を除く）（情報通信機器を用いた再診を行った場合）,3009.0
secondary_medical_area,11,1103,,東部,91,2023,112024210,再診料（一般病床２００床以上の病院を除く）（情報通信機器を用いた再診を行った場合）,7409.0
secondary_medical_area,11,1104,,さいたま,92,2023,112024210,再診料（一般病床２００床以上の病院を除く）（情報通信機器を用いた再診を行った場合）,7320.0
secondary_medical_area,11,1105,,県央,93,2023,112024210,再診料（一般病床２００床以上の病院を除く）（情報通信機器を用いた再診を行った場合）,
secondary_medical_area,11,1106,,川越比企,94,2023,112024210,再診料（一般病床２００床以上の病院を除く）（情報通信機器を用いた再診を行った場合）,1269.0
secondary_medical_area,11,1107,,西部,95,2023,112024210,再診料（一般病床２００床以上の病院を除く）（情報通信機器を用いた再診を行った場合）,1929.0
secondary_medical_area,11,1108,,利根,96,2023,112024210,再診料（一般病床２００床以上の病院を除く）（情報通信機器を用いた再診を行った場合）,1418.0
secondary_medical_area,11,1109,,北部,97,2023,112024210,再診料（一般病床２００床以上の病院を除く）（情報通信機器を用いた再診を行った場合）,765.0
secondary_medical_area,11,1110,,秩父,98,2023,112024210,再診料（一般病床２００床以上の病院を除く）（情報通信機器を用いた再診を行った場合）,
secondary_medical_area,12,1201,,千葉,99,2023,112024210,再診料（一般病床２００床以上の病院を除く）（情報通信機器を用いた再診を行った場合）,9136.0
secondary_medical_area,12,1202,,東葛南部,100,2023,112024210,再診料（一般病床２００床以上の病院を除く）（情報通信機器を用いた再診を行った場合）,6418.0
secondary_medical_area,12,1203,,東葛北部,101,2023,112024210,再診料（一般病床２００床以上の病院を除く）（情報通信機器を用いた再診を行った場合）,4577.0
secondary_medical_area,12,1204,,印旛,102,2023,112024210,再診料（一般病床２００床以上の病院を除く）（情報通信機器を用いた再診を行った場合）,1478.0
secondary_medical_area,12,1205,,香取海匝,103,2023,112024210,再診料（一般病床２００床以上の病院を除く）（情報通信機器を用いた再診を行った場合）,98.0
secondary_medical_area,12,1206,,山武長生夷隅,104,2023,112024210,再診料（一般病床２００床以上の病院を除く）（情報通信機器を用いた再診を行った場合）,117.0
secondary_medical_area,12,1207,,安房,105,2023,112024210,再診料（一般病床２００床以上の病院を除く）（情報通信機器を用いた再診を行った場合）,70.0
secondary_medical_area,12,1208,,君津,106,2023,112024210,再診料（一般病床２００床以上の病院を除く）（情報通信機器を用いた再診を行った場合）,460.0
secondary_medical_area,12,1209,,市原,107,2023,112024210,再診料（一般病床２００床以上の病院を除く）（情報通信機器を用いた再診を行った場合）,509.0
secondary_medical_area,13,1301,,区中央部,108,2023,112024210,再診料（一般病床２００床以上の病院を除く）（情報通信機器を用いた再診を行った場合）,152426.0
secondary_medical_area,13,1302,,区南部,109,2023,112024210,再診料（一般病床２００床以上の病院を除く）（情報通信機器を用いた再診を行った場合）,9537.0
secondary_medical_area,13,1303,,区西南部,110,2023,112024210,再診料（一般病床２００床以上の病院を除く）（情報通信機器を用いた再診を行った場合）,31687.0
secondary_medical_area,13,1304,,区西部,111,2023,112024210,再診料（一般病床２００床以上の病院を除く）（情報通信機器を用いた再診を行った場合）,47427.0
secondary_medical_area,13,1305,,区西北部,112,2023,112024210,再診料（一般病床２００床以上の病院を除く）（情報通信機器を用いた再診を行った場合）,16741.0
secondary_medical_area,13,1306,,区東北部,113,2023,112024210,再診料（一般病床２００床以上の病院を除く）（情報通信機器を用いた再診を行った場合）,11571.0
secondary_medical_area,13,1307,,区東部,114,2023,112024210,再診料（一般病床２００床以上の病院を除く）（情報通信機器を用いた再診を行った場合）,7786.0
secondary_medical_area,13,1308,,西多摩,115,2023,112024210,再診料（一般病床２００床以上の病院を除く）（情報通信機器を用いた再診を行った場合）,
secondary_medical_area,13,1309,,南多摩,116,2023,112024210,再診料（一般病床２００床以上の病院を除く）（情報通信機器を用いた再診を行った場合）,4668.0
secondary_medical_area,13,1310,,北多摩西部,117,2023,112024210,再診料（一般病床２００床以上の病院を除く）（情報通信機器を用いた再診を行った場合）,1163.0
secondary_medical_area,13,1311,,北多摩南部,118,2023,112024210,再診料（一般病床２００床以上の病院を除く）（情報通信機器を用いた再診を行った場合）,3615.0
secondary_medical_area,13,1312,,北多摩北部,119,2023,112024210,再診料（一般病床２００床以上の病院を除く）（情報通信機器を用いた再診を行った場合）,3369.0
secondary_medical_area,13,1313,,島しょ,120,2023,112024210,再診料（一般病床２００床以上の病院を除く）（情報通信機器を用いた再診を行った場合）,
secondary_medical_area,14,1404,,川崎北部,121,2023,112024210,再診料（一般病床２００床以上の病院を除く）（情報通信機器を用いた再診を行った場合）,2466.0
secondary_medical_area,14,1405,,川崎南部,122,2023,112024210,再診料（一般病床２００床以上の病院を除く）（情報通信機器を用いた再診を行った場合）,2795.0
secondary_medical_area,14,1406,,横須賀・三浦,123,2023,112024210,再診料（一般病床２００床以上の病院を除く）（情報通信機器を用いた再診を行った場合）,3286.0
secondary_medical_area,14,1407,,湘南東部,124,2023,112024210,再診料（一般病床２００床以上の病院を除く）（情報通信機器を用いた再診を行った場合）,4715.0
secondary_medical_area,14,1408,,湘南西部,125,2023,112024210,再診料（一般病床２００床以上の病院を除く）（情報通信機器を用いた再診を行った場合）,1000.0
secondary_medical_area,14,1409,,県央,126,2023,112024210,再診料（一般病床２００床以上の病院を除く）（情報通信機器を用いた再診を行った場合）,2600.0
secondary_medical_area,14,1410,,相模原,127,2023,112024210,再診料（一般病床２００床以上の病院を除く）（情報通信機器を用いた再診を行った場合）,14094.0
secondary_medical_area,14,1411,,県西,128,2023,112024210,再診料（一般病床２００床以上の病院を除く）（情報通信機器を用いた再診を行った場合）,639.0
secondary_medical_area,14,1412,,横浜,129,2023,112024210,再診料（一般病床２００床以上の病院を除く）（情報通信機器を用いた再診を行った場合）,21317.0
secondary_medical_area,15,1501,,下越,130,2023,112024210,再診料（一般病床２００床以上の病院を除く）（情報通信機器を用いた再診を行った場合）,
secondary_medical_area,15,1502,,新潟,131,2023,112024210,再診料（一般病床２００床以上の病院を除く）（情報通信機器を用いた再診を行った場合）,936.0
secondary_medical_area,15,1503,,県央,132,2023,112024210,再診料（一般病床２００床以上の病院を除く）（情報通信機器を用いた再診を行った場合）,307.0
secondary_medical_area,15,1504,,中越,133,2023,112024210,再診料（一般病床２００床以上の病院を除く）（情報通信機器を用いた再診を行った場合）,828.0
secondary_medical_area,15,1505,,魚沼,134,2023,112024210,再診料（一般病床２００床以上の病院を除く）（情報通信機器を用いた再診を行った場合）,500.0
secondary_medical_area,15,1506,,上越,135,2023,112024210,再診料（一般病床２００床以上の病院を除く）（情報通信機器を用いた再診を行った場合）,459.0
secondary_medical_area,15,1507,,佐渡,136,2023,112024210,再診料（一般病床２００床以上の病院を除く）（情報通信機器を用いた再診を行った場合）,
secondary_medical_area,16,1601,,新川,137,2023,112024210,再診料（一般病床２００床以上の病院を除く）（情報通信機器を用いた再診を行った場合）,
secondary_medical_area,16,1602,,富山,138,2023,112024210,再診料（一般病床２００床以上の病院を除く）（情報通信機器を用いた再診を行った場合）,1437.0
secondary_medical_area,16,1603,,高岡,139,2023,112024210,再診料（一般病床２００床以上の病院を除く）（情報通信機器を用いた再診を行った場合）,1022.0
secondary_medical_area,16,1604,,砺波,140,2023,112024210,再診料（一般病床２００床以上の病院を除く）（情報通信機器を用いた再診を行った場合）,
secondary_medical_area,17,1701,,南加賀,141,2023,112024210,再診料（一般病床２００床以上の病院を除く）（情報通信機器を用いた再診を行った場合）,346.0
secondary_medical_area,17,1702,,石川中央,142,2023,112024210,再診料（一般病床２００床以上の病院を除く）（情報通信機器を用いた再診を行った場合）,3107.0
secondary_medical_area,17,1703,,能登中部,143,2023,112024210,再診料（一般病床２００床以上の病院を除く）（情報通信機器を用いた再診を行った場合）,728.0
secondary_medical_area,17,1704,,能登北部,144,2023,112024210,再診料（一般病床２００床以上の病院を除く）（情報通信機器を用いた再診を行った場合）,114.0
secondary_medical_area,18,1801,,福井・坂井,145,2023,112024210,再診料（一般病床２００床以上の病院を除く）（情報通信機器を用いた再診を行った場合）,3569.0
secondary_medical_area,18,1802,,奥越,146,2023,112024210,再診料（一般病床２００床以上の病院を除く）（情報通信機器を用いた再診を行った場合）,28.0
secondary_medical_area,18,1803,,丹南,147,2023,112024210,再診料（一般病床２００床以上の病院を除く）（情報通信機器を用いた再診を行った場合）,124.0
secondary_medical_area,18,1804,,嶺南,148,2023,112024210,再診料（一般病床２００床以上の病院を除く）（情報通信機器を用いた再診を行った場合）,141.0
secondary_medical_area,19,1901,,中北,149,2023,112024210,再診料（一般病床２００床以上の病院を除く）（情報通信機器を用いた再診を行った場合）,240.0
secondary_medical_area,19,1902,,峡東,150,2023,112024210,再診料（一般病床２００床以上の病院を除く）（情報通信機器を用いた再診を行った場合）,101.0
secondary_medical_area,19,1903,,峡南,151,2023,112024210,再診料（一般病床２００床以上の病院を除く）（情報通信機器を用いた再診を行った場合）,0.0
secondary_medical_area,19,1904,,富士・東部,152,2023,112024210,再診料（一般病床２００床以上の病院を除く）（情報通信機器を用いた再診を行った場合）,990.0
secondary_medical_area,20,2001,,佐久,153,2023,112024210,再診料（一般病床２００床以上の病院を除く）（情報通信機器を用いた再診を行った場合）,646.0
secondary_medical_area,20,2002,,上小,154,2023,112024210,再診料（一般病床２００床以上の病院を除く）（情報通信機器を用いた再診を行った場合）,103.0
secondary_medical_area,20,2003,,諏訪,155,2023,112024210,再診料（一般病床２００床以上の病院を除く）（情報通信機器を用いた再診を行った場合）,274.0
secondary_medical_area,20,2004,,上伊那,156,2023,112024210,再診料（一般病床２００床以上の病院を除く）（情報通信機器を用いた再診を行った場合）,161.0
secondary_medical_area,20,2005,,飯伊,157,2023,112024210,再診料（一般病床２００床以上の病院を除く）（情報通信機器を用いた再診を行った場合）,120.0
secondary_medical_area,20,2006,,木曽,158,2023,112024210,再診料（一般病床２００床以上の病院を除く）（情報通信機器を用いた再診を行った場合）,
secondary_medical_area,20,2007,,松本,159,2023,112024210,再診料（一般病床２００床以上の病院を除く）（情報通信機器を用いた再診を行った場合）,646.0
secondary_medical_area,20,2008,,大北,160,2023,112024210,再診料（一般病床２００床以上の病院を除く）（情報通信機器を用いた再診を行った場合）,20.0
secondary_medical_area,20,2009,,長野,161,2023,112024210,再診料（一般病床２００床以上の病院を除く）（情報通信機器を用いた再診を行った場合）,1540.0
secondary_medical_area,20,2010,,北信,162,2023,112024210,再診料（一般病床２００床以上の病院を除く）（情報通信機器を用いた再診を行った場合）,
secondary_medical_area,21,2101,,岐阜,163,2023,112024210,再診料（一般病床２００床以上の病院を除く）（情報通信機器を用いた再診を行った場合）,2352.0
secondary_medical_area,21,2102,,西濃,164,2023,112024210,再診料（一般病床２００床以上の病院を除く）（情報通信機器を用いた再診を行った場合）,390.0
secondary_medical_area,21,2103,,中濃,165,2023,112024210,再診料（一般病床２００床以上の病院を除く）（情報通信機器を用いた再診を行った場合）,549.0
secondary_medical_area,21,2104,,東濃,166,2023,112024210,再診料（一般病床２００床以上の病院を除く）（情報通信機器を用いた再診を行った場合）,
secondary_medical_area,21,2105,,飛騨,167,2023,112024210,再診料（一般病床２００床以上の病院を除く）（情報通信機器を用いた再診を行った場合）,
secondary_medical_area,22,2201,,賀茂,168,2023,112024210,再診料（一般病床２００床以上の病院を除く）（情報通信機器を用いた再診を行った場合）,368.0
secondary_medical_area,22,2202,,熱海伊東,169,2023,112024210,再診料（一般病床２００床以上の病院を除く）（情報通信機器を用いた再診を行った場合）,79.0
secondary_medical_area,22,2203,,駿東田方,170,2023,112024210,再診料（一般病床２００床以上の病院を除く）（情報通信機器を用いた再診を行った場合）,1002.0
secondary_medical_area,22,2204,,富士,171,2023,112024210,再診料（一般病床２００床以上の病院を除く）（情報通信機器を用いた再診を行った場合）,192.0
secondary_medical_area,22,2205,,静岡,172,2023,112024210,再診料（一般病床２００床以上の病院を除く）（情報通信機器を用いた再診を行った場合）,2222.0
secondary_medical_area,22,2206,,志太榛原,173,2023,112024210,再診料（一般病床２００床以上の病院を除く）（情報通信機器を用いた再診を行った場合）,698.0
secondary_medical_area,22,2207,,中東遠,174,2023,112024210,再診料（一般病床２００床以上の病院を除く）（情報通信機器を用いた再診を行った場合）,145.0
secondary_medical_area,22,2208,,西部,175,2023,112024210,再診料（一般病床２００床以上の病院を除く）（情報通信機器を用いた再診を行った場合）,1036.0
secondary_medical_area,23,2302,,海部,176,2023,112024210,再診料（一般病床２００床以上の病院を除く）（情報通信機器を用いた再診を行った場合）,445.0
secondary_medical_area,23,2304,,尾張東部,177,2023,112024210,再診料（一般病床２００床以上の病院を除く）（情報通信機器を用いた再診を行った場合）,236.0
secondary_medical_area,23,2305,,尾張西部,178,2023,112024210,再診料（一般病床２００床以上の病院を除く）（情報通信機器を用いた再診を行った場合）,788.0
secondary_medical_area,23,2306,,尾張北部,179,2023,112024210,再診料（一般病床２００床以上の病院を除く）（情報通信機器を用いた再診を行った場合）,733.0
secondary_medical_area,23,2307,,知多半島,180,2023,112024210,再診料（一般病床２００床以上の病院を除く）（情報通信機器を用いた再診を行った場合）,1096.0
secondary_medical_area,23,2308,,西三河北部,181,2023,112024210,再診料（一般病床２００床以上の病院を除く）（情報通信機器を用いた再診を行った場合）,526.0
secondary_medical_area,23,2309,,西三河南部西,182,2023,112024210,再診料（一般病床２００床以上の病院を除く）（情報通信機器を用いた再診を行った場合）,905.0
secondary_medical_area,23,2310,,西三河南部東,183,2023,112024210,再診料（一般病床２００床以上の病院を除く）（情報通信機器を用いた再診を行った場合）,578.0
secondary_medical_area,23,2311,,東三河北部,184,2023,112024210,再診料（一般病床２００床以上の病院を除く）（情報通信機器を用いた再診を行った場合）,226.0
secondary_medical_area,23,2312,,東三河南部,185,2023,112024210,再診料（一般病床２００床以上の病院を除く）（情報通信機器を用いた再診を行った場合）,949.0
secondary_medical_area,23,2313,,名古屋・尾張中部,186,2023,112024210,再診料（一般病床２００床以上の病院を除く）（情報通信機器を用いた再診を行った場合）,27345.0
secondary_medical_area,24,2401,,北勢,187,2023,112024210,再診料（一般病床２００床以上の病院を除く）（情報通信機器を用いた再診を行った場合）,2403.0
secondary_medical_area,24,2402,,中勢伊賀,188,2023,112024210,再診料（一般病床２００床以上の病院を除く）（情報通信機器を用いた再診を行った場合）,1423.0
secondary_medical_area,24,2403,,南勢志摩,189,2023,112024210,再診料（一般病床２００床以上の病院を除く）（情報通信機器を用いた再診を行った場合）,644.0
secondary_medical_area,24,2404,,東紀州,190,2023,112024210,再診料（一般病床２００床以上の病院を除く）（情報通信機器を用いた再診を行った場合）,0.0
secondary_medical_area,25,2501,,大津,191,2023,112024210,再診料（一般病床２００床以上の病院を除く）（情報通信機器を用いた再診を行った場合）,414.0
secondary_medical_area,25,2502,,湖南,192,2023,112024210,再診料（一般病床２００床以上の病院を除く）（情報通信機器を用いた再診を行った場合）,805.0
secondary_medical_area,25,2503,,甲賀,193,2023,112024210,再診料（一般病床２００床以上の病院を除く）（情報通信機器を用いた再診を行った場合）,74.0
secondary_medical_area,25,2504,,東近江,194,2023,112024210,再診料（一般病床２００床以上の病院を除く）（情報通信機器を用いた再診を行った場合）,79.0
secondary_medical_area,25,2505,,湖東,195,2023,112024210,再診料（一般病床２００床以上の病院を除く）（情報通信機器を用いた再診を行った場合）,
secondary_medical_area,25,2506,,湖北,196,2023,112024210,再診料（一般病床２００床以上の病院を除く）（情報通信機器を用いた再診を行った場合）,664.0
secondary_medical_area,25,2507,,湖西,197,2023,112024210,再診料（一般病床２００床以上の病院を除く）（情報通信機器を用いた再診を行った場合）,
secondary_medical_area,26,2601,,丹後,198,2023,112024210,再診料（一般病床２００床以上の病院を除く）（情報通信機器を用いた再診を行った場合）,209.0
secondary_medical_area,26,2602,,中丹,199,2023,112024210,再診料（一般病床２００床以上の病院を除く）（情報通信機器を用いた再診を行った場合）,106.0
secondary_medical_area,26,2603,,南丹,200,2023,112024210,再診料（一般病床２００床以上の病院を除く）（情報通信機器を用いた再診を行った場合）,94.0
secondary_medical_area,26,2604,,京都・乙訓,201,2023,112024210,再診料（一般病床２００床以上の病院を除く）（情報通信機器を用いた再診を行った場合）,4265.0
secondary_medical_area,26,2605,,山城北,202,2023,112024210,再診料（一般病床２００床以上の病院を除く）（情報通信機器を用いた再診を行った場合）,704.0
secondary_medical_area,26,2606,,山城南,203,2023,112024210,再診料（一般病床２００床以上の病院を除く）（情報通信機器を用いた再診を行った場合）,34.0
secondary_medical_area,27,2701,,豊能,204,2023,112024210,再診料（一般病床２００床以上の病院を除く）（情報通信機器を用いた再診を行った場合）,3115.0
secondary_medical_area,27,2702,,三島,205,2023,112024210,再診料（一般病床２００床以上の病院を除く）（情報通信機器を用いた再診を行った場合）,3153.0
secondary_medical_area,27,2703,,北河内,206,2023,112024210,再診料（一般病床２００床以上の病院を除く）（情報通信機器を用いた再診を行った場合）,3819.0
secondary_medical_area,27,2704,,中河内,207,2023,112024210,再診料（一般病床２００床以上の病院を除く）（情報通信機器を用いた再診を行った場合）,703.0
secondary_medical_area,27,2705,,南河内,208,2023,112024210,再診料（一般病床２００床以上の病院を除く）（情報通信機器を用いた再診を行った場合）,410.0
secondary_medical_area,27,2706,,堺市,209,2023,112024210,再診料（一般病床２００床以上の病院を除く）（情報通信機器を用いた再診を行った場合）,3013.0
secondary_medical_area,27,2707,,泉州,210,2023,112024210,再診料（一般病床２００床以上の病院を除く）（情報通信機器を用いた再診を行った場合）,2926.0
secondary_medical_area,27,2708,,大阪市,211,2023,112024210,再診料（一般病床２００床以上の病院を除く）（情報通信機器を用いた再診を行った場合）,30859.0
secondary_medical_area,28,2801,,神戸,212,2023,112024210,再診料（一般病床２００床以上の病院を除く）（情報通信機器を用いた再診を行った場合）,8889.0
secondary_medical_area,28,2804,,東播磨,213,2023,112024210,再診料（一般病床２００床以上の病院を除く）（情報通信機器を用いた再診を行った場合）,3048.0
secondary_medical_area,28,2805,,北播磨,214,2023,112024210,再診料（一般病床２００床以上の病院を除く）（情報通信機器を用いた再診を行った場合）,309.0
secondary_medical_area,28,2808,,但馬,215,2023,112024210,再診料（一般病床２００床以上の病院を除く）（情報通信機器を用いた再診を行った場合）,158.0
secondary_medical_area,28,2809,,丹波,216,2023,112024210,再診料（一般病床２００床以上の病院を除く）（情報通信機器を用いた再診を行った場合）,0.0
secondary_medical_area,28,2810,,淡路,217,2023,112024210,再診料（一般病床２００床以上の病院を除く）（情報通信機器を用いた再診を行った場合）,114.0
secondary_medical_area,28,2811,,阪神,218,2023,112024210,再診料（一般病床２００床以上の病院を除く）（情報通信機器を用いた再診を行った場合）,8464.0
secondary_medical_area,28,2812,,播磨姫路,219,2023,112024210,再診料（一般病床２００床以上の病院を除く）（情報通信機器を用いた再診を行った場合）,758.0
secondary_medical_area,29,2901,,奈良,220,2023,112024210,再診料（一般病床２００床以上の病院を除く）（情報通信機器を用いた再診を行った場合）,656.0
secondary_medical_area,29,2902,,東和,221,2023,112024210,再診料（一般病床２００床以上の病院を除く）（情報通信機器を用いた再診を行った場合）,263.0
secondary_medical_area,29,2903,,西和,222,2023,112024210,再診料（一般病床２００床以上の病院を除く）（情報通信機器を用いた再診を行った場合）,307.0
secondary_medical_area,29,2904,,中和,223,2023,112024210,再診料（一般病床２００床以上の病院を除く）（情報通信機器を用いた再診を行った場合）,1021.0
secondary_medical_area,29,2905,,南和,224,2023,112024210,再診料（一般病床２００床以上の病院を除く）（情報通信機器を用いた再診を行った場合）,0.0
secondary_medical_area,30,3001,,和歌山,225,2023,112024210,再診料（一般病床２００床以上の病院を除く）（情報通信機器を用いた再診を行った場合）,685.0
secondary_medical_area,30,3002,,那賀,226,2023,112024210,再診料（一般病床２００床以上の病院を除く）（情報通信機器を用いた再診を行った場合）,262.0
secondary_medical_area,30,3003,,橋本,227,2023,112024210,再診料（一般病床２００床以上の病院を除く）（情報通信機器を用いた再診を行った場合）,0.0
secondary_medical_area,30,3004,,有田,228,2023,112024210,再診料（一般病床２００床以上の病院を除く）（情報通信機器を用いた再診を行った場合）,
secondary_medical_area,30,3005,,御坊,229,2023,112024210,再診料（一般病床２００床以上の病院を除く）（情報通信機器を用いた再診を行った場合）,0.0
secondary_medical_area,30,3006,,田辺,230,2023,112024210,再診料（一般病床２００床以上の病院を除く）（情報通信機器を用いた再診を行った場合）,79.0
secondary_medical_area,30,3007,,新宮,231,2023,112024210,再診料（一般病床２００床以上の病院を除く）（情報通信機器を用いた再診を行った場合）,
secondary_medical_area,31,3101,,東部,232,2023,112024210,再診料（一般病床２００床以上の病院を除く）（情報通信機器を用いた再診を行った場合）,136.0
secondary_medical_area,31,3102,,中部,233,2023,112024210,再診料（一般病床２００床以上の病院を除く）（情報通信機器を用いた再診を行った場合）,612.0
secondary_medical_area,31,3103,,西部,234,2023,112024210,再診料（一般病床２００床以上の病院を除く）（情報通信機器を用いた再診を行った場合）,53.0
secondary_medical_area,32,3201,,松江,235,2023,112024210,再診料（一般病床２００床以上の病院を除く）（情報通信機器を用いた再診を行った場合）,214.0
secondary_medical_area,32,3202,,雲南,236,2023,112024210,再診料（一般病床２００床以上の病院を除く）（情報通信機器を用いた再診を行った場合）,0.0
secondary_medical_area,32,3203,,出雲,237,2023,112024210,再診料（一般病床２００床以上の病院を除く）（情報通信機器を用いた再診を行った場合）,7487.0
secondary_medical_area,32,3204,,大田,238,2023,112024210,再診料（一般病床２００床以上の病院を除く）（情報通信機器を用いた再診を行った場合）,299.0
secondary_medical_area,32,3205,,浜田,239,2023,112024210,再診料（一般病床２００床以上の病院を除く）（情報通信機器を用いた再診を行った場合）,
secondary_medical_area,32,3206,,益田,240,2023,112024210,再診料（一般病床２００床以上の病院を除く）（情報通信機器を用いた再診を行った場合）,
secondary_medical_area,32,3207,,隠岐,241,2023,112024210,再診料（一般病床２００床以上の病院を除く）（情報通信機器を用いた再診を行った場合）,0.0
secondary_medical_area,33,3301,,県南東部,242,2023,112024210,再診料（一般病床２００床以上の病院を除く）（情報通信機器を用いた再診を行った場合）,1753.0
secondary_medical_area,33,3302,,県南西部,243,2023,112024210,再診料（一般病床２００床以上の病院を除く）（情報通信機器を用いた再診を行った場合）,369.0
secondary_medical_area,33,3303,,高梁・新見,244,2023,112024210,再診料（一般病床２００床以上の病院を除く）（情報通信機器を用いた再診を行った場合）,
secondary_medical_area,33,3304,,真庭,245,2023,112024210,再診料（一般病床２００床以上の病院を除く）（情報通信機器を用いた再診を行った場合）,
secondary_medical_area,33,3305,,津山・英田,246,2023,112024210,再診料（一般病床２００床以上の病院を除く）（情報通信機器を用いた再診を行った場合）,18.0
secondary_medical_area,34,3401,,広島,247,2023,112024210,再診料（一般病床２００床以上の病院を除く）（情報通信機器を用いた再診を行った場合）,3538.0
secondary_medical_area,34,3402,,広島西,248,2023,112024210,再診料（一般病床２００床以上の病院を除く）（情報通信機器を用いた再診を行った場合）,1104.0
secondary_medical_area,34,3403,,呉,249,2023,112024210,再診料（一般病床２００床以上の病院を除く）（情報通信機器を用いた再診を行った場合）,58.0
secondary_medical_area,34,3404,,広島中央,250,2023,112024210,再診料（一般病床２００床以上の病院を除く）（情報通信機器を用いた再診を行った場合）,254.0
secondary_medical_area,34,3405,,尾三,251,2023,112024210,再診料（一般病床２００床以上の病院を除く）（情報通信機器を用いた再診を行った場合）,25.0
secondary_medical_area,34,3406,,福山・府中,252,2023,112024210,再診料（一般病床２００床以上の病院を除く）（情報通信機器を用いた再診を行った場合）,718.0
secondary_medical_area,34,3407,,備北,253,2023,112024210,再診料（一般病床２００床以上の病院を除く）（情報通信機器を用いた再診を行った場合）,11.0
secondary_medical_area,35,3501,,岩国,254,2023,112024210,再診料（一般病床２００床以上の病院を除く）（情報通信機器を用いた再診を行った場合）,111.0
secondary_medical_area,35,3502,,柳井,255,2023,112024210,再診料（一般病床２００床以上の病院を除く）（情報通信機器を用いた再診を行った場合）,89.0
secondary_medical_area,35,3503,,周南,256,2023,112024210,再診料（一般病床２００床以上の病院を除く）（情報通信機器を用いた再診を行った場合）,265.0
secondary_medical_area,35,3504,,山口・防府,257,2023,112024210,再診料（一般病床２００床以上の病院を除く）（情報通信機器を用いた再診を行った場合）,229.0
secondary_medical_area,35,3505,,宇部・小野田,258,2023,112024210,再診料（一般病床２００床以上の病院を除く）（情報通信機器を用いた再診を行った場合）,303.0
secondary_medical_area,35,3506,,下関,259,2023,112024210,再診料（一般病床２００床以上の病院を除く）（情報通信機器を用いた再診を行った場合）,103.0
secondary_medical_area,35,3507,,長門,260,2023,112024210,再診料（一般病床２００床以上の病院を除く）（情報通信機器を用いた再診を行った場合）,
secondary_medical_area,35,3508,,萩,261,2023,112024210,再診料（一般病床２００床以上の病院を除く）（情報通信機器を用いた再診を行った場合）,
secondary_medical_area,36,3601,,東部,262,2023,112024210,再診料（一般病床２００床以上の病院を除く）（情報通信機器を用いた再診を行った場合）,947.0
secondary_medical_area,36,3603,,南部,263,2023,112024210,再診料（一般病床２００床以上の病院を除く）（情報通信機器を用いた再診を行った場合）,176.0
secondary_medical_area,36,3605,,西部,264,2023,112024210,再診料（一般病床２００床以上の病院を除く）（情報通信機器を用いた再診を行った場合）,0.0
secondary_medical_area,37,3702,,小豆,265,2023,112024210,再診料（一般病床２００床以上の病院を除く）（情報通信機器を用いた再診を行った場合）,0.0
secondary_medical_area,37,3706,,東部,266,2023,112024210,再診料（一般病床２００床以上の病院を除く）（情報通信機器を用いた再診を行った場合）,223.0
secondary_medical_area,37,3707,,西部,267,2023,112024210,再診料（一般病床２００床以上の病院を除く）（情報通信機器を用いた再診を行った場合）,365.0
secondary_medical_area,38,3801,,宇摩,268,2023,112024210,再診料（一般病床２００床以上の病院を除く）（情報通信機器を用いた再診を行った場合）,
secondary_medical_area,38,3802,,新居浜・西条,269,2023,112024210,再診料（一般病床２００床以上の病院を除く）（情報通信機器を用いた再診を行った場合）,
secondary_medical_area,38,3803,,今治,270,2023,112024210,再診料（一般病床２００床以上の病院を除く）（情報通信機器を用いた再診を行った場合）,280.0
secondary_medical_area,38,3804,,松山,271,2023,112024210,再診料（一般病床２００床以上の病院を除く）（情報通信機器を用いた再診を行った場合）,1488.0
secondary_medical_area,38,3805,,八幡浜・大洲,272,2023,112024210,再診料（一般病床２００床以上の病院を除く）（情報通信機器を用いた再診を行った場合）,21.0
secondary_medical_area,38,3806,,宇和島,273,2023,112024210,再診料（一般病床２００床以上の病院を除く）（情報通信機器を用いた再診を行った場合）,69.0
secondary_medical_area,39,3901,,安芸,274,2023,112024210,再診料（一般病床２００床以上の病院を除く）（情報通信機器を用いた再診を行った場合）,0.0
secondary_medical_area,39,3902,,中央,275,2023,112024210,再診料（一般病床２００床以上の病院を除く）（情報通信機器を用いた再診を行った場合）,874.0
secondary_medical_area,39,3903,,高幡,276,2023,112024210,再診料（一般病床２００床以上の病院を除く）（情報通信機器を用いた再診を行った場合）,28.0
secondary_medical_area,39,3904,,幡多,277,2023,112024210,再診料（一般病床２００床以上の病院を除く）（情報通信機器を用いた再診を行った場合）,188.0
secondary_medical_area,40,4001,,福岡・糸島,278,2023,112024210,再診料（一般病床２００床以上の病院を除く）（情報通信機器を用いた再診を行った場合）,10816.0
secondary_medical_area,40,4002,,粕屋,279,2023,112024210,再診料（一般病床２００床以上の病院を除く）（情報通信機器を用いた再診を行った場合）,415.0
secondary_medical_area,40,4003,,宗像,280,2023,112024210,再診料（一般病床２００床以上の病院を除く）（情報通信機器を用いた再診を行った場合）,270.0
secondary_medical_area,40,4004,,筑紫,281,2023,112024210,再診料（一般病床２００床以上の病院を除く）（情報通信機器を用いた再診を行った場合）,1115.0
secondary_medical_area,40,4005,,朝倉,282,2023,112024210,再診料（一般病床２００床以上の病院を除く）（情報通信機器を用いた再診を行った場合）,272.0
secondary_medical_area,40,4006,,久留米,283,2023,112024210,再診料（一般病床２００床以上の病院を除く）（情報通信機器を用いた再診を行った場合）,586.0
secondary_medical_area,40,4007,,八女・筑後,284,2023,112024210,再診料（一般病床２００床以上の病院を除く）（情報通信機器を用いた再診を行った場合）,
secondary_medical_area,40,4008,,有明,285,2023,112024210,再診料（一般病床２００床以上の病院を除く）（情報通信機器を用いた再診を行った場合）,154.0
secondary_medical_area,40,4009,,飯塚,286,2023,112024210,再診料（一般病床２００床以上の病院を除く）（情報通信機器を用いた再診を行った場合）,61.0
secondary_medical_area,40,4010,,直方・鞍手,287,2023,112024210,再診料（一般病床２００床以上の病院を除く）（情報通信機器を用いた再診を行った場合）,0.0
secondary_medical_area,40,4011,,田川,288,2023,112024210,再診料（一般病床２００床以上の病院を除く）（情報通信機器を用いた再診を行った場合）,54.0
secondary_medical_area,40,4012,,北九州,289,2023,112024210,再診料（一般病床２００床以上の病院を除く）（情報通信機器を用いた再診を行った場合）,1544.0
secondary_medical_area,40,4013,,京築,290,2023,112024210,再診料（一般病床２００床以上の病院を除く）（情報通信機器を用いた再診を行った場合）,
secondary_medical_area,41,4101,,中部,291,2023,112024210,再診料（一般病床２００床以上の病院を除く）（情報通信機器を用いた再診を行った場合）,243.0
secondary_medical_area,41,4102,,東部,292,2023,112024210,再診料（一般病床２００床以上の病院を除く）（情報通信機器を用いた再診を行った場合）,307.0
secondary_medical_area,41,4103,,北部,293,2023,112024210,再診料（一般病床２００床以上の病院を除く）（情報通信機器を用いた再診を行った場合）,107.0
secondary_medical_area,41,4104,,西部,294,2023,112024210,再診料（一般病床２００床以上の病院を除く）（情報通信機器を用いた再診を行った場合）,42.0
secondary_medical_area,41,4105,,南部,295,2023,112024210,再診料（一般病床２００床以上の病院を除く）（情報通信機器を用いた再診を行った場合）,1965.0
secondary_medical_area,42,4201,,長崎,296,2023,112024210,再診料（一般病床２００床以上の病院を除く）（情報通信機器を用いた再診を行った場合）,987.0
secondary_medical_area,42,4202,,佐世保県北,297,2023,112024210,再診料（一般病床２００床以上の病院を除く）（情報通信機器を用いた再診を行った場合）,56.0
secondary_medical_area,42,4203,,県央,298,2023,112024210,再診料（一般病床２００床以上の病院を除く）（情報通信機器を用いた再診を行った場合）,263.0
secondary_medical_area,42,4204,,県南,299,2023,112024210,再診料（一般病床２００床以上の病院を除く）（情報通信機器を用いた再診を行った場合）,
secondary_medical_area,42,4206,,五島,300,2023,112024210,再診料（一般病床２００床以上の病院を除く）（情報通信機器を用いた再診を行った場合）,231.0
secondary_medical_area,42,4207,,上五島,301,2023,112024210,再診料（一般病床２００床以上の病院を除く）（情報通信機器を用いた再診を行った場合）,0.0
secondary_medical_area,42,4208,,壱岐,302,2023,112024210,再診料（一般病床２００床以上の病院を除く）（情報通信機器を用いた再診を行った場合）,
secondary_medical_area,42,4209,,対馬,303,2023,112024210,再診料（一般病床２００床以上の病院を除く）（情報通信機器を用いた再診を行った場合）,0.0
secondary_medical_area,43,4302,,宇城,304,2023,112024210,再診料（一般病床２００床以上の病院を除く）（情報通信機器を用いた再診を行った場合）,81.0
secondary_medical_area,43,4303,,有明,305,2023,112024210,再診料（一般病床２００床以上の病院を除く）（情報通信機器を用いた再診を行った場合）,21.0
secondary_medical_area,43,4304,,鹿本,306,2023,112024210,再診料（一般病床２００床以上の病院を除く）（情報通信機器を用いた再診を行った場合）,
secondary_medical_area,43,4305,,菊池,307,2023,112024210,再診料（一般病床２００床以上の病院を除く）（情報通信機器を用いた再診を行った場合）,41.0
secondary_medical_area,43,4306,,阿蘇,308,2023,112024210,再診料（一般病床２００床以上の病院を除く）（情報通信機器を用いた再診を行った場合）,
secondary_medical_area,43,4308,,八代,309,2023,112024210,再診料（一般病床２００床以上の病院を除く）（情報通信機器を用いた再診を行った場合）,155.0
secondary_medical_area,43,4309,,芦北,310,2023,112024210,再診料（一般病床２００床以上の病院を除く）（情報通信機器を用いた再診を行った場合）,46.0
secondary_medical_area,43,4310,,球磨,311,2023,112024210,再診料（一般病床２００床以上の病院を除く）（情報通信機器を用いた再診を行った場合）,73.0
secondary_medical_area,43,4311,,天草,312,2023,112024210,再診料（一般病床２００床以上の病院を除く）（情報通信機器を用いた再診を行った場合）,49.0
secondary_medical_area,43,4312,,熊本・上益城,313,2023,112024210,再診料（一般病床２００床以上の病院を除く）（情報通信機器を用いた再診を行った場合）,10693.0
secondary_medical_area,44,4401,,東部,314,2023,112024210,再診料（一般病床２００床以上の病院を除く）（情報通信機器を用いた再診を行った場合）,292.0
secondary_medical_area,44,4403,,中部,315,2023,112024210,再診料（一般病床２００床以上の病院を除く）（情報通信機器を用いた再診を行った場合）,1216.0
secondary_medical_area,44,4405,,南部,316,2023,112024210,再診料（一般病床２００床以上の病院を除く）（情報通信機器を用いた再診を行った場合）,874.0
secondary_medical_area,44,4406,,豊肥,317,2023,112024210,再診料（一般病床２００床以上の病院を除く）（情報通信機器を用いた再診を行った場合）,143.0
secondary_medical_area,44,4408,,西部,318,2023,112024210,再診料（一般病床２００床以上の病院を除く）（情報通信機器を用いた再診を行った場合）,
secondary_medical_area,44,4409,,北部,319,2023,112024210,再診料（一般病床２００床以上の病院を除く）（情報通信機器を用いた再診を行った場合）,
secondary_medical_area,45,4501,,宮崎東諸県,320,2023,112024210,再診料（一般病床２００床以上の病院を除く）（情報通信機器を用いた再診を行った場合）,1401.0
secondary_medical_area,45,4502,,都城北諸県,321,2023,112024210,再診料（一般病床２００床以上の病院を除く）（情報通信機器を用いた再診を行った場合）,379.0
secondary_medical_area,45,4503,,延岡西臼杵,322,2023,112024210,再診料（一般病床２００床以上の病院を除く）（情報通信機器を用いた再診を行った場合）,
secondary_medical_area,45,4504,,日南串間,323,2023,112024210,再診料（一般病床２００床以上の病院を除く）（情報通信機器を用いた再診を行った場合）,
secondary_medical_area,45,4505,,西諸,324,2023,112024210,再診料（一般病床２００床以上の病院を除く）（情報通信機器を用いた再診を行った場合）,233.0
secondary_medical_area,45,4506,,西都児湯,325,2023,112024210,再診料（一般病床２００床以上の病院を除く）（情報通信機器を用いた再診を行った場合）,
secondary_medical_area,45,4507,,日向入郷,326,2023,112024210,再診料（一般病床２００床以上の病院を除く）（情報通信機器を用いた再診を行った場合）,0.0
secondary_medical_area,46,4601,,鹿児島,327,2023,112024210,再診料（一般病床２００床以上の病院を除く）（情報通信機器を用いた再診を行った場合）,1439.0
secondary_medical_area,46,4603,,南薩,328,2023,112024210,再診料（一般病床２００床以上の病院を除く）（情報通信機器を用いた再診を行った場合）,369.0
secondary_medical_area,46,4605,,川薩,329,2023,112024210,再診料（一般病床２００床以上の病院を除く）（情報通信機器を用いた再診を行った場合）,24.0
secondary_medical_area,46,4606,,出水,330,2023,112024210,再診料（一般病床２００床以上の病院を除く）（情報通信機器を用いた再診を行った場合）,11.0
secondary_medical_area,46,4607,,姶良・伊佐,331,2023,112024210,再診料（一般病床２００床以上の病院を除く）（情報通信機器を用いた再診を行った場合）,218.0
secondary_medical_area,46,4609,,曽於,332,2023,112024210,再診料（一般病床２００床以上の病院を除く）（情報通信機器を用いた再診を行った場合）,144.0
secondary_medical_area,46,4610,,肝属,333,2023,112024210,再診料（一般病床２００床以上の病院を除く）（情報通信機器を用いた再診を行った場合）,35.0
secondary_medical_area,46,4611,,熊毛,334,2023,112024210,再診料（一般病床２００床以上の病院を除く）（情報通信機器を用いた再診を行った場合）,172.0
secondary_medical_area,46,4612,,奄美,335,2023,112024210,再診料（一般病床２００床以上の病院を除く）（情報通信機器を用いた再診を行った場合）,416.0
secondary_medical_area,47,4701,,北部,336,2023,112024210,再診料（一般病床２００床以上の病院を除く）（情報通信機器を用いた再診を行った場合）,
secondary_medical_area,47,4702,,中部,337,2023,112024210,再診料（一般病床２００床以上の病院を除く）（情報通信機器を用いた再診を行った場合）,1069.0
secondary_medical_area,47,4703,,南部,338,2023,112024210,再診料（一般病床２００床以上の病院を除く）（情報通信機器を用いた再診を行った場合）,2136.0
secondary_medical_area,47,4704,,宮古,339,2023,112024210,再診料（一般病床２００床以上の病院を除く）（情報通信機器を用いた再診を行った場合）,
secondary_medical_area,47,4705,,八重山,340,2023,112024210,再診料（一般病床２００床以上の病院を除く）（情報通信機器を用いた再診を行った場合）,323.0
secondary_medical_area,01,0101,,南渡島,6,2023,112024710,外来診療料（情報通信機器を用いた再診を行った場合）,
secondary_medical_area,01,0102,,南檜山,7,2023,112024710,外来診療料（情報通信機器を用いた再診を行った場合）,0.0
secondary_medical_area,01,0103,,北渡島檜山,8,2023,112024710,外来診療料（情報通信機器を用いた再診を行った場合）,0.0
secondary_medical_area,01,0104,,札幌,9,2023,112024710,外来診療料（情報通信機器を用いた再診を行った場合）,199.0
secondary_medical_area,01,0105,,後志,10,2023,112024710,外来診療料（情報通信機器を用いた再診を行った場合）,23.0
secondary_medical_area,01,0106,,南空知,11,2023,112024710,外来診療料（情報通信機器を用いた再診を行った場合）,0.0
secondary_medical_area,01,0107,,中空知,12,2023,112024710,外来診療料（情報通信機器を用いた再診を行った場合）,0.0
secondary_medical_area,01,0108,,北空知,13,2023,112024710,外来診療料（情報通信機器を用いた再診を行った場合）,0.0
secondary_medical_area,01,0109,,西胆振,14,2023,112024710,外来診療料（情報通信機器を用いた再診を行った場合）,0.0
secondary_medical_area,01,0110,,東胆振,15,2023,112024710,外来診療料（情報通信機器を用いた再診を行った場合）,110.0
secondary_medical_area,01,0111,,日高,16,2023,112024710,外来診療料（情報通信機器を用いた再診を行った場合）,0.0
secondary_medical_area,01,0112,,上川中部,17,2023,112024710,外来診療料（情報通信機器を用いた再診を行った場合）,
secondary_medical_area,01,0113,,上川北部,18,2023,112024710,外来診療料（情報通信機器を用いた再診を行った場合）,0.0
secondary_medical_area,01,0114,,富良野,19,2023,112024710,外来診療料（情報通信機器を用いた再診を行った場合）,0.0
secondary_medical_area,01,0115,,留萌,20,2023,112024710,外来診療料（情報通信機器を用いた再診を行った場合）,0.0
secondary_medical_area,01,0116,,宗谷,21,2023,112024710,外来診療料（情報通信機器を用いた再診を行った場合）,0.0
secondary_medical_area,01,0117,,北網,22,2023,112024710,外来診療料（情報通信機器を用いた再診を行った場合）,0.0
secondary_medical_area,01,0118,,遠紋,23,2023,112024710,外来診療料（情報通信機器を用いた再診を行った場合）,0.0
secondary_medical_area,01,0119,,十勝,24,2023,112024710,外来診療料（情報通信機器を用いた再診を行った場合）,0.0
secondary_medical_area,01,0120,,釧路,25,2023,112024710,外来診療料（情報通信機器を用いた再診を行った場合）,0.0
secondary_medical_area,01,0121,,根室,26,2023,112024710,外来診療料（情報通信機器を用いた再診を行った場合）,0.0
secondary_medical_area,02,0201,,津軽地域,27,2023,112024710,外来診療料（情報通信機器を用いた再診を行った場合）,0.0
secondary_medical_area,02,0202,,八戸地域,28,2023,112024710,外来診療料（情報通信機器を用いた再診を行った場合）,0.0
secondary_medical_area,02,0203,,青森地域,29,2023,112024710,外来診療料（情報通信機器を用いた再診を行った場合）,0.0
secondary_medical_area,02,0204,,西北五地域,30,2023,112024710,外来診療料（情報通信機器を用いた再診を行った場合）,0.0
secondary_medical_area,02,0205,,上十三地域,31,2023,112024710,外来診療料（情報通信機器を用いた再診を行った場合）,0.0
secondary_medical_area,02,0206,,下北地域,32,2023,112024710,外来診療料（情報通信機器を用いた再診を行った場合）,0.0
secondary_medical_area,03,0301,,盛岡,33,2023,112024710,外来診療料（情報通信機器を用いた再診を行った場合）,544.0
secondary_medical_area,03,0302,,岩手中部,34,2023,112024710,外来診療料（情報通信機器を用いた再診を行った場合）,
secondary_medical_area,03,0303,,胆江,35,2023,112024710,外来診療料（情報通信機器を用いた再診を行った場合）,0.0
secondary_medical_area,03,0304,,両磐,36,2023,112024710,外来診療料（情報通信機器を用いた再診を行った場合）,
secondary_medical_area,03,0305,,気仙,37,2023,112024710,外来診療料（情報通信機器を用いた再診を行った場合）,0.0
secondary_medical_area,03,0306,,釜石,38,2023,112024710,外来診療料（情報通信機器を用いた再診を行った場合）,0.0
secondary_medical_area,03,0307,,宮古,39,2023,112024710,外来診療料（情報通信機器を用いた再診を行った場合）,0.0
secondary_medical_area,03,0308,,久慈,40,2023,112024710,外来診療料（情報通信機器を用いた再診を行った場合）,0.0
secondary_medical_area,03,0309,,二戸,41,2023,112024710,外来診療料（情報通信機器を用いた再診を行った場合）,0.0
secondary_medical_area,04,0401,,仙南,42,2023,112024710,外来診療料（情報通信機器を用いた再診を行った場合）,0.0
secondary_medical_area,04,0403,,仙台,43,2023,112024710,外来診療料（情報通信機器を用いた再診を行った場合）,10.0
secondary_medical_area,04,0406,,大崎・栗原,44,2023,112024710,外来診療料（情報通信機器を用いた再診を行った場合）,0.0
secondary_medical_area,04,0409,,石巻・登米・気仙沼,45,2023,112024710,外来診療料（情報通信機器を用いた再診を行った場合）,0.0
secondary_medical_area,05,0501,,大館・鹿角,46,2023,112024710,外来診療料（情報通信機器を用いた再診を行った場合）,
secondary_medical_area,05,0502,,北秋田,47,2023,112024710,外来診療料（情報通信機器を用いた再診を行った場合）,
secondary_medical_area,05,0503,,能代・山本,48,2023,112024710,外来診療料（情報通信機器を用いた再診を行った場合）,
secondary_medical_area,05,0504,,秋田周辺,49,2023,112024710,外来診療料（情報通信機器を用いた再診を行った場合）,
secondary_medical_area,05,0505,,由利本荘・にかほ,50,2023,112024710,外来診療料（情報通信機器を用いた再診を行った場合）,
secondary_medical_area,05,0506,,大仙・仙北,51,2023,112024710,外来診療料（情報通信機器を用いた再診を行った場合）,
secondary_medical_area,05,0507,,横手,52,2023,112024710,外来診療料（情報通信機器を用いた再診を行った場合）,
secondary_medical_area,05,0508,,湯沢・雄勝,53,2023,112024710,外来診療料（情報通信機器を用いた再診を行った場合）,
secondary_medical_area,06,0601,,村山,54,2023,112024710,外来診療料（情報通信機器を用いた再診を行った場合）,0.0
secondary_medical_area,06,0602,,最上,55,2023,112024710,外来診療料（情報通信機器を用いた再診を行った場合）,0.0
secondary_medical_area,06,0603,,置賜,56,2023,112024710,外来診療料（情報通信機器を用いた再診を行った場合）,0.0
secondary_medical_area,06,0604,,庄内,57,2023,112024710,外来診療料（情報通信機器を用いた再診を行った場合）,452.0
secondary_medical_area,07,0701,,県北,58,2023,112024710,外来診療料（情報通信機器を用いた再診を行った場合）,0.0
secondary_medical_area,07,0702,,県中,59,2023,112024710,外来診療料（情報通信機器を用いた再診を行った場合）,0.0
secondary_medical_area,07,0703,,県南,60,2023,112024710,外来診療料（情報通信機器を用いた再診を行った場合）,0.0
secondary_medical_area,07,0706,,相双,61,2023,112024710,外来診療料（情報通信機器を用いた再診を行った場合）,0.0
secondary_medical_area,07,0707,,いわき,62,2023,112024710,外来診療料（情報通信機器を用いた再診を行った場合）,0.0
secondary_medical_area,07,0708,,会津・南会津,63,2023,112024710,外来診療料（情報通信機器を用いた再診を行った場合）,818.0
secondary_medical_area,08,0801,,水戸,64,2023,112024710,外来診療料（情報通信機器を用いた再診を行った場合）,0.0
secondary_medical_area,08,0802,,日立,65,2023,112024710,外来診療料（情報通信機器を用いた再診を行った場合）,0.0
secondary_medical_area,08,0803,,常陸太田・ひたちなか,66,2023,112024710,外来診療料（情報通信機器を用いた再診を行った場合）,0.0
secondary_medical_area,08,0804,,鹿行,67,2023,112024710,外来診療料（情報通信機器を用いた再診を行った場合）,0.0
secondary_medical_area,08,0805,,土浦,68,2023,112024710,外来診療料（情報通信機器を用いた再診を行った場合）,0.0
secondary_medical_area,08,0806,,つくば,69,2023,112024710,外来診療料（情報通信機器を用いた再診を行った場合）,0.0
secondary_medical_area,08,0807,,取手・竜ヶ崎,70,2023,112024710,外来診療料（情報通信機器を用いた再診を行った場合）,471.0
secondary_medical_area,08,0808,,筑西・下妻,71,2023,112024710,外来診療料（情報通信機器を用いた再診を行った場合）,0.0
secondary_medical_area,08,0809,,古河・坂東,72,2023,112024710,外来診療料（情報通信機器を用いた再診を行った場合）,0.0
secondary_medical_area,09,0901,,県北,73,2023,112024710,外来診療料（情報通信機器を用いた再診を行った場合）,0.0
secondary_medical_area,09,0902,,県西,74,2023,112024710,外来診療料（情報通信機器を用いた再診を行った場合）,0.0
secondary_medical_area,09,0903,,宇都宮,75,2023,112024710,外来診療料（情報通信機器を用いた再診を行った場合）,0.0
secondary_medical_area,09,0904,,県東,76,2023,112024710,外来診療料（情報通信機器を用いた再診を行った場合）,0.0
secondary_medical_area,09,0905,,県南,77,2023,112024710,外来診療料（情報通信機器を用いた再診を行った場合）,0.0
secondary_medical_area,09,0906,,両毛,78,2023,112024710,外来診療料（情報通信機器を用いた再診を行った場合）,298.0
secondary_medical_area,10,1001,,前橋,79,2023,112024710,外来診療料（情報通信機器を用いた再診を行った場合）,0.0
secondary_medical_area,10,1002,,渋川,80,2023,112024710,外来診療料（情報通信機器を用いた再診を行った場合）,0.0
secondary_medical_area,10,1003,,伊勢崎,81,2023,112024710,外来診療料（情報通信機器を用いた再診を行った場合）,0.0
secondary_medical_area,10,1004,,高崎・安中,82,2023,112024710,外来診療料（情報通信機器を用いた再診を行った場合）,0.0
secondary_medical_area,10,1005,,藤岡,83,2023,112024710,外来診療料（情報通信機器を用いた再診を行った場合）,0.0
secondary_medical_area,10,1006,,富岡,84,2023,112024710,外来診療料（情報通信機器を用いた再診を行った場合）,0.0
secondary_medical_area,10,1007,,吾妻,85,2023,112024710,外来診療料（情報通信機器を用いた再診を行った場合）,0.0
secondary_medical_area,10,1008,,沼田,86,2023,112024710,外来診療料（情報通信機器を用いた再診を行った場合）,0.0
secondary_medical_area,10,1009,,桐生,87,2023,112024710,外来診療料（情報通信機器を用いた再診を行った場合）,0.0
secondary_medical_area,10,1010,,太田・館林,88,2023,112024710,外来診療料（情報通信機器を用いた再診を行った場合）,0.0
secondary_medical_area,11,1101,,南部,89,2023,112024710,外来診療料（情報通信機器を用いた再診を行った場合）,0.0
secondary_medical_area,11,1102,,南西部,90,2023,112024710,外来診療料（情報通信機器を用いた再診を行った場合）,26.0
secondary_medical_area,11,1103,,東部,91,2023,112024710,外来診療料（情報通信機器を用いた再診を行った場合）,422.0
secondary_medical_area,11,1104,,さいたま,92,2023,112024710,外来診療料（情報通信機器を用いた再診を行った場合）,0.0
secondary_medical_area,11,1105,,県央,93,2023,112024710,外来診療料（情報通信機器を用いた再診を行った場合）,23.0
secondary_medical_area,11,1106,,川越比企,94,2023,112024710,外来診療料（情報通信機器を用いた再診を行った場合）,102.0
secondary_medical_area,11,1107,,西部,95,2023,112024710,外来診療料（情報通信機器を用いた再診を行った場合）,0.0
secondary_medical_area,11,1108,,利根,96,2023,112024710,外来診療料（情報通信機器を用いた再診を行った場合）,68.0
secondary_medical_area,11,1109,,北部,97,2023,112024710,外来診療料（情報通信機器を用いた再診を行った場合）,0.0
secondary_medical_area,11,1110,,秩父,98,2023,112024710,外来診療料（情報通信機器を用いた再診を行った場合）,0.0
secondary_medical_area,12,1201,,千葉,99,2023,112024710,外来診療料（情報通信機器を用いた再診を行った場合）,
secondary_medical_area,12,1202,,東葛南部,100,2023,112024710,外来診療料（情報通信機器を用いた再診を行った場合）,193.0
secondary_medical_area,12,1203,,東葛北部,101,2023,112024710,外来診療料（情報通信機器を用いた再診を行った場合）,142.0
secondary_medical_area,12,1204,,印旛,102,2023,112024710,外来診療料（情報通信機器を用いた再診を行った場合）,50.0
secondary_medical_area,12,1205,,香取海匝,103,2023,112024710,外来診療料（情報通信機器を用いた再診を行った場合）,0.0
secondary_medical_area,12,1206,,山武長生夷隅,104,2023,112024710,外来診療料（情報通信機器を用いた再診を行った場合）,0.0
secondary_medical_area,12,1207,,安房,105,2023,112024710,外来診療料（情報通信機器を用いた再診を行った場合）,0.0
secondary_medical_area,12,1208,,君津,106,2023,112024710,外来診療料（情報通信機器を用いた再診を行った場合）,0.0
secondary_medical_area,12,1209,,市原,107,2023,112024710,外来診療料（情報通信機器を用いた再診を行った場合）,
secondary_medical_area,13,1301,,区中央部,108,2023,112024710,外来診療料（情報通信機器を用いた再診を行った場合）,8595.0
secondary_medical_area,13,1302,,区南部,109,2023,112024710,外来診療料（情報通信機器を用いた再診を行った場合）,0.0
secondary_medical_area,13,1303,,区西南部,110,2023,112024710,外来診療料（情報通信機器を用いた再診を行った場合）,0.0
secondary_medical_area,13,1304,,区西部,111,2023,112024710,外来診療料（情報通信機器を用いた再診を行った場合）,139.0
secondary_medical_area,13,1305,,区西北部,112,2023,112024710,外来診療料（情報通信機器を用いた再診を行った場合）,4843.0
secondary_medical_area,13,1306,,区東北部,113,2023,112024710,外来診療料（情報通信機器を用いた再診を行った場合）,42.0
secondary_medical_area,13,1307,,区東部,114,2023,112024710,外来診療料（情報通信機器を用いた再診を行った場合）,
secondary_medical_area,13,1308,,西多摩,115,2023,112024710,外来診療料（情報通信機器を用いた再診を行った場合）,0.0
secondary_medical_area,13,1309,,南多摩,116,2023,112024710,外来診療料（情報通信機器を用いた再診を行った場合）,0.0
secondary_medical_area,13,1310,,北多摩西部,117,2023,112024710,外来診療料（情報通信機器を用いた再診を行った場合）,27.0
secondary_medical_area,13,1311,,北多摩南部,118,2023,112024710,外来診療料（情報通信機器を用いた再診を行った場合）,
secondary_medical_area,13,1312,,北多摩北部,119,2023,112024710,外来診療料（情報通信機器を用いた再診を行った場合）,54.0
secondary_medical_area,13,1313,,島しょ,120,2023,112024710,外来診療料（情報通信機器を用いた再診を行った場合）,0.0
secondary_medical_area,14,1404,,川崎北部,121,2023,112024710,外来診療料（情報通信機器を用いた再診を行った場合）,56.0
secondary_medical_area,14,1405,,川崎南部,122,2023,112024710,外来診療料（情報通信機器を用いた再診を行った場合）,
secondary_medical_area,14,1406,,横須賀・三浦,123,2023,112024710,外来診療料（情報通信機器を用いた再診を行った場合）,302.0
secondary_medical_area,14,1407,,湘南東部,124,2023,112024710,外来診療料（情報通信機器を用いた再診を行った場合）,
secondary_medical_area,14,1408,,湘南西部,125,2023,112024710,外来診療料（情報通信機器を用いた再診を行った場合）,0.0
secondary_medical_area,14,1409,,県央,126,2023,112024710,外来診療料（情報通信機器を用いた再診を行った場合）,419.0
secondary_medical_area,14,1410,,相模原,127,2023,112024710,外来診療料（情報通信機器を用いた再診を行った場合）,41.0
secondary_medical_area,14,1411,,県西,128,2023,112024710,外来診療料（情報通信機器を用いた再診を行った場合）,0.0
secondary_medical_area,14,1412,,横浜,129,2023,112024710,外来診療料（情報通信機器を用いた再診を行った場合）,84.0
secondary_medical_area,15,1501,,下越,130,2023,112024710,外来診療料（情報通信機器を用いた再診を行った場合）,0.0
secondary_medical_area,15,1502,,新潟,131,2023,112024710,外来診療料（情報通信機器を用いた再診を行った場合）,0.0
secondary_medical_area,15,1503,,県央,132,2023,112024710,外来診療料（情報通信機器を用いた再診を行った場合）,0.0
secondary_medical_area,15,1504,,中越,133,2023,112024710,外来診療料（情報通信機器を用いた再診を行った場合）,16.0
secondary_medical_area,15,1505,,魚沼,134,2023,112024710,外来診療料（情報通信機器を用いた再診を行った場合）,0.0
secondary_medical_area,15,1506,,上越,135,2023,112024710,外来診療料（情報通信機器を用いた再診を行った場合）,0.0
secondary_medical_area,15,1507,,佐渡,136,2023,112024710,外来診療料（情報通信機器を用いた再診を行った場合）,0.0
secondary_medical_area,16,1601,,新川,137,2023,112024710,外来診療料（情報通信機器を用いた再診を行った場合）,0.0
secondary_medical_area,16,1602,,富山,138,2023,112024710,外来診療料（情報通信機器を用いた再診を行った場合）,0.0
secondary_medical_area,16,1603,,高岡,139,2023,112024710,外来診療料（情報通信機器を用いた再診を行った場合）,0.0
secondary_medical_area,16,1604,,砺波,140,2023,112024710,外来診療料（情報通信機器を用いた再診を行った場合）,0.0
secondary_medical_area,17,1701,,南加賀,141,2023,112024710,外来診療料（情報通信機器を用いた再診を行った場合）,0.0
secondary_medical_area,17,1702,,石川中央,142,2023,112024710,外来診療料（情報通信機器を用いた再診を行った場合）,143.0
secondary_medical_area,17,1703,,能登中部,143,2023,112024710,外来診療料（情報通信機器を用いた再診を行った場合）,270.0
secondary_medical_area,17,1704,,能登北部,144,2023,112024710,外来診療料（情報通信機器を用いた再診を行った場合）,0.0
secondary_medical_area,18,1801,,福井・坂井,145,2023,112024710,外来診療料（情報通信機器を用いた再診を行った場合）,68.0
secondary_medical_area,18,1802,,奥越,146,2023,112024710,外来診療料（情報通信機器を用いた再診を行った場合）,0.0
secondary_medical_area,18,1803,,丹南,147,2023,112024710,外来診療料（情報通信機器を用いた再診を行った場合）,0.0
secondary_medical_area,18,1804,,嶺南,148,2023,112024710,外来診療料（情報通信機器を用いた再診を行った場合）,0.0
secondary_medical_area,19,1901,,中北,149,2023,112024710,外来診療料（情報通信機器を用いた再診を行った場合）,0.0
secondary_medical_area,19,1902,,峡東,150,2023,112024710,外来診療料（情報通信機器を用いた再診を行った場合）,0.0
secondary_medical_area,19,1903,,峡南,151,2023,112024710,外来診療料（情報通信機器を用いた再診を行った場合）,0.0
secondary_medical_area,19,1904,,富士・東部,152,2023,112024710,外来診療料（情報通信機器を用いた再診を行った場合）,0.0
secondary_medical_area,20,2001,,佐久,153,2023,112024710,外来診療料（情報通信機器を用いた再診を行った場合）,0.0
secondary_medical_area,20,2002,,上小,154,2023,112024710,外来診療料（情報通信機器を用いた再診を行った場合）,0.0
secondary_medical_area,20,2003,,諏訪,155,2023,112024710,外来診療料（情報通信機器を用いた再診を行った場合）,
secondary_medical_area,20,2004,,上伊那,156,2023,112024710,外来診療料（情報通信機器を用いた再診を行った場合）,0.0
secondary_medical_area,20,2005,,飯伊,157,2023,112024710,外来診療料（情報通信機器を用いた再診を行った場合）,104.0
secondary_medical_area,20,2006,,木曽,158,2023,112024710,外来診療料（情報通信機器を用いた再診を行った場合）,0.0
secondary_medical_area,20,2007,,松本,159,2023,112024710,外来診療料（情報通信機器を用いた再診を行った場合）,965.0
secondary_medical_area,20,2008,,大北,160,2023,112024710,外来診療料（情報通信機器を用いた再診を行った場合）,0.0
secondary_medical_area,20,2009,,長野,161,2023,112024710,外来診療料（情報通信機器を用いた再診を行った場合）,
secondary_medical_area,20,2010,,北信,162,2023,112024710,外来診療料（情報通信機器を用いた再診を行った場合）,0.0
secondary_medical_area,21,2101,,岐阜,163,2023,112024710,外来診療料（情報通信機器を用いた再診を行った場合）,124.0
secondary_medical_area,21,2102,,西濃,164,2023,112024710,外来診療料（情報通信機器を用いた再診を行った場合）,0.0
secondary_medical_area,21,2103,,中濃,165,2023,112024710,外来診療料（情報通信機器を用いた再診を行った場合）,0.0
secondary_medical_area,21,2104,,東濃,166,2023,112024710,外来診療料（情報通信機器を用いた再診を行った場合）,32.0
secondary_medical_area,21,2105,,飛騨,167,2023,112024710,外来診療料（情報通信機器を用いた再診を行った場合）,0.0
secondary_medical_area,22,2201,,賀茂,168,2023,112024710,外来診療料（情報通信機器を用いた再診を行った場合）,0.0
secondary_medical_area,22,2202,,熱海伊東,169,2023,112024710,外来診療料（情報通信機器を用いた再診を行った場合）,0.0
secondary_medical_area,22,2203,,駿東田方,170,2023,112024710,外来診療料（情報通信機器を用いた再診を行った場合）,1147.0
secondary_medical_area,22,2204,,富士,171,2023,112024710,外来診療料（情報通信機器を用いた再診を行った場合）,0.0
secondary_medical_area,22,2205,,静岡,172,2023,112024710,外来診療料（情報通信機器を用いた再診を行った場合）,187.0
secondary_medical_area,22,2206,,志太榛原,173,2023,112024710,外来診療料（情報通信機器を用いた再診を行った場合）,28.0
secondary_medical_area,22,2207,,中東遠,174,2023,112024710,外来診療料（情報通信機器を用いた再診を行った場合）,170.0
secondary_medical_area,22,2208,,西部,175,2023,112024710,外来診療料（情報通信機器を用いた再診を行った場合）,31.0
secondary_medical_area,23,2302,,海部,176,2023,112024710,外来診療料（情報通信機器を用いた再診を行った場合）,0.0
secondary_medical_area,23,2304,,尾張東部,177,2023,112024710,外来診療料（情報通信機器を用いた再診を行った場合）,0.0
secondary_medical_area,23,2305,,尾張西部,178,2023,112024710,外来診療料（情報通信機器を用いた再診を行った場合）,159.0
secondary_medical_area,23,2306,,尾張北部,179,2023,112024710,外来診療料（情報通信機器を用いた再診を行った場合）,0.0
secondary_medical_area,23,2307,,知多半島,180,2023,112024710,外来診療料（情報通信機器を用いた再診を行った場合）,92.0
secondary_medical_area,23,2308,,西三河北部,181,2023,112024710,外来診療料（情報通信機器を用いた再診を行った場合）,
secondary_medical_area,23,2309,,西三河南部西,182,2023,112024710,外来診療料（情報通信機器を用いた再診を行った場合）,122.0
secondary_medical_area,23,2310,,西三河南部東,183,2023,112024710,外来診療料（情報通信機器を用いた再診を行った場合）,
secondary_medical_area,23,2311,,東三河北部,184,2023,112024710,外来診療料（情報通信機器を用いた再診を行った場合）,0.0
secondary_medical_area,23,2312,,東三河南部,185,2023,112024710,外来診療料（情報通信機器を用いた再診を行った場合）,0.0
secondary_medical_area,23,2313,,名古屋・尾張中部,186,2023,112024710,外来診療料（情報通信機器を用いた再診を行った場合）,59.0
secondary_medical_area,24,2401,,北勢,187,2023,112024710,外来診療料（情報通信機器を用いた再診を行った場合）,70.0
secondary_medical_area,24,2402,,中勢伊賀,188,2023,112024710,外来診療料（情報通信機器を用いた再診を行った場合）,248.0
secondary_medical_area,24,2403,,南勢志摩,189,2023,112024710,外来診療料（情報通信機器を用いた再診を行った場合）,0.0
secondary_medical_area,24,2404,,東紀州,190,2023,112024710,外来診療料（情報通信機器を用いた再診を行った場合）,0.0
secondary_medical_area,25,2501,,大津,191,2023,112024710,外来診療料（情報通信機器を用いた再診を行った場合）,0.0
secondary_medical_area,25,2502,,湖南,192,2023,112024710,外来診療料（情報通信機器を用いた再診を行った場合）,0.0
secondary_medical_area,25,2503,,甲賀,193,2023,112024710,外来診療料（情報通信機器を用いた再診を行った場合）,0.0
secondary_medical_area,25,2504,,東近江,194,2023,112024710,外来診療料（情報通信機器を用いた再診を行った場合）,0.0
secondary_medical_area,25,2505,,湖東,195,2023,112024710,外来診療料（情報通信機器を用いた再診を行った場合）,0.0
secondary_medical_area,25,2506,,湖北,196,2023,112024710,外来診療料（情報通信機器を用いた再診を行った場合）,0.0
secondary_medical_area,25,2507,,湖西,197,2023,112024710,外来診療料（情報通信機器を用いた再診を行った場合）,0.0
secondary_medical_area,26,2601,,丹後,198,2023,112024710,外来診療料（情報通信機器を用いた再診を行った場合）,
secondary_medical_area,26,2602,,中丹,199,2023,112024710,外来診療料（情報通信機器を用いた再診を行った場合）,0.0
secondary_medical_area,26,2603,,南丹,200,2023,112024710,外来診療料（情報通信機器を用いた再診を行った場合）,0.0
secondary_medical_area,26,2604,,京都・乙訓,201,2023,112024710,外来診療料（情報通信機器を用いた再診を行った場合）,
secondary_medical_area,26,2605,,山城北,202,2023,112024710,外来診療料（情報通信機器を用いた再診を行った場合）,0.0
secondary_medical_area,26,2606,,山城南,203,2023,112024710,外来診療料（情報通信機器を用いた再診を行った場合）,0.0
secondary_medical_area,27,2701,,豊能,204,2023,112024710,外来診療料（情報通信機器を用いた再診を行った場合）,107.0
secondary_medical_area,27,2702,,三島,205,2023,112024710,外来診療料（情報通信機器を用いた再診を行った場合）,35.0
secondary_medical_area,27,2703,,北河内,206,2023,112024710,外来診療料（情報通信機器を用いた再診を行った場合）,
secondary_medical_area,27,2704,,中河内,207,2023,112024710,外来診療料（情報通信機器を用いた再診を行った場合）,0.0
secondary_medical_area,27,2705,,南河内,208,2023,112024710,外来診療料（情報通信機器を用いた再診を行った場合）,
secondary_medical_area,27,2706,,堺市,209,2023,112024710,外来診療料（情報通信機器を用いた再診を行った場合）,0.0
secondary_medical_area,27,2707,,泉州,210,2023,112024710,外来診療料（情報通信機器を用いた再診を行った場合）,41.0
secondary_medical_area,27,2708,,大阪市,211,2023,112024710,外来診療料（情報通信機器を用いた再診を行った場合）,535.0
secondary_medical_area,28,2801,,神戸,212,2023,112024710,外来診療料（情報通信機器を用いた再診を行った場合）,15.0
secondary_medical_area,28,2804,,東播磨,213,2023,112024710,外来診療料（情報通信機器を用いた再診を行った場合）,0.0
secondary_medical_area,28,2805,,北播磨,214,2023,112024710,外来診療料（情報通信機器を用いた再診を行った場合）,139.0
secondary_medical_area,28,2808,,但馬,215,2023,112024710,外来診療料（情報通信機器を用いた再診を行った場合）,0.0
secondary_medical_area,28,2809,,丹波,216,2023,112024710,外来診療料（情報通信機器を用いた再診を行った場合）,0.0
secondary_medical_area,28,2810,,淡路,217,2023,112024710,外来診療料（情報通信機器を用いた再診を行った場合）,0.0
secondary_medical_area,28,2811,,阪神,218,2023,112024710,外来診療料（情報通信機器を用いた再診を行った場合）,31.0
secondary_medical_area,28,2812,,播磨姫路,219,2023,112024710,外来診療料（情報通信機器を用いた再診を行った場合）,0.0
secondary_medical_area,29,2901,,奈良,220,2023,112024710,外来診療料（情報通信機器を用いた再診を行った場合）,
secondary_medical_area,29,2902,,東和,221,2023,112024710,外来診療料（情報通信機器を用いた再診を行った場合）,
secondary_medical_area,29,2903,,西和,222,2023,112024710,外来診療料（情報通信機器を用いた再診を行った場合）,
secondary_medical_area,29,2904,,中和,223,2023,112024710,外来診療料（情報通信機器を用いた再診を行った場合）,
secondary_medical_area,29,2905,,南和,224,2023,112024710,外来診療料（情報通信機器を用いた再診を行った場合）,
secondary_medical_area,30,3001,,和歌山,225,2023,112024710,外来診療料（情報通信機器を用いた再診を行った場合）,0.0
secondary_medical_area,30,3002,,那賀,226,2023,112024710,外来診療料（情報通信機器を用いた再診を行った場合）,0.0
secondary_medical_area,30,3003,,橋本,227,2023,112024710,外来診療料（情報通信機器を用いた再診を行った場合）,0.0
secondary_medical_area,30,3004,,有田,228,2023,112024710,外来診療料（情報通信機器を用いた再診を行った場合）,0.0
secondary_medical_area,30,3005,,御坊,229,2023,112024710,外来診療料（情報通信機器を用いた再診を行った場合）,0.0
secondary_medical_area,30,3006,,田辺,230,2023,112024710,外来診療料（情報通信機器を用いた再診を行った場合）,0.0
secondary_medical_area,30,3007,,新宮,231,2023,112024710,外来診療料（情報通信機器を用いた再診を行った場合）,0.0
secondary_medical_area,31,3101,,東部,232,2023,112024710,外来診療料（情報通信機器を用いた再診を行った場合）,
secondary_medical_area,31,3102,,中部,233,2023,112024710,外来診療料（情報通信機器を用いた再診を行った場合）,0.0
secondary_medical_area,31,3103,,西部,234,2023,112024710,外来診療料（情報通信機器を用いた再診を行った場合）,
secondary_medical_area,32,3201,,松江,235,2023,112024710,外来診療料（情報通信機器を用いた再診を行った場合）,0.0
secondary_medical_area,32,3202,,雲南,236,2023,112024710,外来診療料（情報通信機器を用いた再診を行った場合）,0.0
secondary_medical_area,32,3203,,出雲,237,2023,112024710,外来診療料（情報通信機器を用いた再診を行った場合）,0.0
secondary_medical_area,32,3204,,大田,238,2023,112024710,外来診療料（情報通信機器を用いた再診を行った場合）,0.0
secondary_medical_area,32,3205,,浜田,239,2023,112024710,外来診療料（情報通信機器を用いた再診を行った場合）,0.0
secondary_medical_area,32,3206,,益田,240,2023,112024710,外来診療料（情報通信機器を用いた再診を行った場合）,0.0
secondary_medical_area,32,3207,,隠岐,241,2023,112024710,外来診療料（情報通信機器を用いた再診を行った場合）,0.0
secondary_medical_area,33,3301,,県南東部,242,2023,112024710,外来診療料（情報通信機器を用いた再診を行った場合）,0.0
secondary_medical_area,33,3302,,県南西部,243,2023,112024710,外来診療料（情報通信機器を用いた再診を行った場合）,14.0
secondary_medical_area,33,3303,,高梁・新見,244,2023,112024710,外来診療料（情報通信機器を用いた再診を行った場合）,0.0
secondary_medical_area,33,3304,,真庭,245,2023,112024710,外来診療料（情報通信機器を用いた再診を行った場合）,0.0
secondary_medical_area,33,3305,,津山・英田,246,2023,112024710,外来診療料（情報通信機器を用いた再診を行った場合）,0.0
secondary_medical_area,34,3401,,広島,247,2023,112024710,外来診療料（情報通信機器を用いた再診を行った場合）,25.0
secondary_medical_area,34,3402,,広島西,248,2023,112024710,外来診療料（情報通信機器を用いた再診を行った場合）,0.0
secondary_medical_area,34,3403,,呉,249,2023,112024710,外来診療料（情報通信機器を用いた再診を行った場合）,59.0
secondary_medical_area,34,3404,,広島中央,250,2023,112024710,外来診療料（情報通信機器を用いた再診を行った場合）,0.0
secondary_medical_area,34,3405,,尾三,251,2023,112024710,外来診療料（情報通信機器を用いた再診を行った場合）,74.0
secondary_medical_area,34,3406,,福山・府中,252,2023,112024710,外来診療料（情報通信機器を用いた再診を行った場合）,0.0
secondary_medical_area,34,3407,,備北,253,2023,112024710,外来診療料（情報通信機器を用いた再診を行った場合）,0.0
secondary_medical_area,35,3501,,岩国,254,2023,112024710,外来診療料（情報通信機器を用いた再診を行った場合）,0.0
secondary_medical_area,35,3502,,柳井,255,2023,112024710,外来診療料（情報通信機器を用いた再診を行った場合）,0.0
secondary_medical_area,35,3503,,周南,256,2023,112024710,外来診療料（情報通信機器を用いた再診を行った場合）,0.0
secondary_medical_area,35,3504,,山口・防府,257,2023,112024710,外来診療料（情報通信機器を用いた再診を行った場合）,18.0
secondary_medical_area,35,3505,,宇部・小野田,258,2023,112024710,外来診療料（情報通信機器を用いた再診を行った場合）,0.0
secondary_medical_area,35,3506,,下関,259,2023,112024710,外来診療料（情報通信機器を用いた再診を行った場合）,0.0
secondary_medical_area,35,3507,,長門,260,2023,112024710,外来診療料（情報通信機器を用いた再診を行った場合）,0.0
secondary_medical_area,35,3508,,萩,261,2023,112024710,外来診療料（情報通信機器を用いた再診を行った場合）,0.0
secondary_medical_area,36,3601,,東部,262,2023,112024710,外来診療料（情報通信機器を用いた再診を行った場合）,24.0
secondary_medical_area,36,3603,,南部,263,2023,112024710,外来診療料（情報通信機器を用いた再診を行った場合）,0.0
secondary_medical_area,36,3605,,西部,264,2023,112024710,外来診療料（情報通信機器を用いた再診を行った場合）,52.0
secondary_medical_area,37,3702,,小豆,265,2023,112024710,外来診療料（情報通信機器を用いた再診を行った場合）,0.0
secondary_medical_area,37,3706,,東部,266,2023,112024710,外来診療料（情報通信機器を用いた再診を行った場合）,0.0
secondary_medical_area,37,3707,,西部,267,2023,112024710,外来診療料（情報通信機器を用いた再診を行った場合）,0.0
secondary_medical_area,38,3801,,宇摩,268,2023,112024710,外来診療料（情報通信機器を用いた再診を行った場合）,83.0
secondary_medical_area,38,3802,,新居浜・西条,269,2023,112024710,外来診療料（情報通信機器を用いた再診を行った場合）,0.0
secondary_medical_area,38,3803,,今治,270,2023,112024710,外来診療料（情報通信機器を用いた再診を行った場合）,0.0
secondary_medical_area,38,3804,,松山,271,2023,112024710,外来診療料（情報通信機器を用いた再診を行った場合）,0.0
secondary_medical_area,38,3805,,八幡浜・大洲,272,2023,112024710,外来診療料（情報通信機器を用いた再診を行った場合）,0.0
secondary_medical_area,38,3806,,宇和島,273,2023,112024710,外来診療料（情報通信機器を用いた再診を行った場合）,0.0
secondary_medical_area,39,3901,,安芸,274,2023,112024710,外来診療料（情報通信機器を用いた再診を行った場合）,0.0
secondary_medical_area,39,3902,,中央,275,2023,112024710,外来診療料（情報通信機器を用いた再診を行った場合）,0.0
secondary_medical_area,39,3903,,高幡,276,2023,112024710,外来診療料（情報通信機器を用いた再診を行った場合）,0.0
secondary_medical_area,39,3904,,幡多,277,2023,112024710,外来診療料（情報通信機器を用いた再診を行った場合）,0.0
secondary_medical_area,40,4001,,福岡・糸島,278,2023,112024710,外来診療料（情報通信機器を用いた再診を行った場合）,88.0
secondary_medical_area,40,4002,,粕屋,279,2023,112024710,外来診療料（情報通信機器を用いた再診を行った場合）,0.0
secondary_medical_area,40,4003,,宗像,280,2023,112024710,外来診療料（情報通信機器を用いた再診を行った場合）,0.0
secondary_medical_area,40,4004,,筑紫,281,2023,112024710,外来診療料（情報通信機器を用いた再診を行った場合）,0.0
secondary_medical_area,40,4005,,朝倉,282,2023,112024710,外来診療料（情報通信機器を用いた再診を行った場合）,0.0
secondary_medical_area,40,4006,,久留米,283,2023,112024710,外来診療料（情報通信機器を用いた再診を行った場合）,0.0
secondary_medical_area,40,4007,,八女・筑後,284,2023,112024710,外来診療料（情報通信機器を用いた再診を行った場合）,
secondary_medical_area,40,4008,,有明,285,2023,112024710,外来診療料（情報通信機器を用いた再診を行った場合）,
secondary_medical_area,40,4009,,飯塚,286,2023,112024710,外来診療料（情報通信機器を用いた再診を行った場合）,
secondary_medical_area,40,4010,,直方・鞍手,287,2023,112024710,外来診療料（情報通信機器を用いた再診を行った場合）,0.0
secondary_medical_area,40,4011,,田川,288,2023,112024710,外来診療料（情報通信機器を用いた再診を行った場合）,0.0
secondary_medical_area,40,4012,,北九州,289,2023,112024710,外来診療料（情報通信機器を用いた再診を行った場合）,
secondary_medical_area,40,4013,,京築,290,2023,112024710,外来診療料（情報通信機器を用いた再診を行った場合）,0.0
secondary_medical_area,41,4101,,中部,291,2023,112024710,外来診療料（情報通信機器を用いた再診を行った場合）,
secondary_medical_area,41,4102,,東部,292,2023,112024710,外来診療料（情報通信機器を用いた再診を行った場合）,
secondary_medical_area,41,4103,,北部,293,2023,112024710,外来診療料（情報通信機器を用いた再診を行った場合）,
secondary_medical_area,41,4104,,西部,294,2023,112024710,外来診療料（情報通信機器を用いた再診を行った場合）,
secondary_medical_area,41,4105,,南部,295,2023,112024710,外来診療料（情報通信機器を用いた再診を行った場合）,
secondary_medical_area,42,4201,,長崎,296,2023,112024710,外来診療料（情報通信機器を用いた再診を行った場合）,128.0
secondary_medical_area,42,4202,,佐世保県北,297,2023,112024710,外来診療料（情報通信機器を用いた再診を行った場合）,
secondary_medical_area,42,4203,,県央,298,2023,112024710,外来診療料（情報通信機器を用いた再診を行った場合）,0.0
secondary_medical_area,42,4204,,県南,299,2023,112024710,外来診療料（情報通信機器を用いた再診を行った場合）,0.0
secondary_medical_area,42,4206,,五島,300,2023,112024710,外来診療料（情報通信機器を用いた再診を行った場合）,0.0
secondary_medical_area,42,4207,,上五島,301,2023,112024710,外来診療料（情報通信機器を用いた再診を行った場合）,0.0
secondary_medical_area,42,4208,,壱岐,302,2023,112024710,外来診療料（情報通信機器を用いた再診を行った場合）,0.0
secondary_medical_area,42,4209,,対馬,303,2023,112024710,外来診療料（情報通信機器を用いた再診を行った場合）,
secondary_medical_area,43,4302,,宇城,304,2023,112024710,外来診療料（情報通信機器を用いた再診を行った場合）,0.0
secondary_medical_area,43,4303,,有明,305,2023,112024710,外来診療料（情報通信機器を用いた再診を行った場合）,
secondary_medical_area,43,4304,,鹿本,306,2023,112024710,外来診療料（情報通信機器を用いた再診を行った場合）,0.0
secondary_medical_area,43,4305,,菊池,307,2023,112024710,外来診療料（情報通信機器を用いた再診を行った場合）,0.0
secondary_medical_area,43,4306,,阿蘇,308,2023,112024710,外来診療料（情報通信機器を用いた再診を行った場合）,0.0
secondary_medical_area,43,4308,,八代,309,2023,112024710,外来診療料（情報通信機器を用いた再診を行った場合）,0.0
secondary_medical_area,43,4309,,芦北,310,2023,112024710,外来診療料（情報通信機器を用いた再診を行った場合）,217.0
secondary_medical_area,43,4310,,球磨,311,2023,112024710,外来診療料（情報通信機器を用いた再診を行った場合）,0.0
secondary_medical_area,43,4311,,天草,312,2023,112024710,外来診療料（情報通信機器を用いた再診を行った場合）,0.0
secondary_medical_area,43,4312,,熊本・上益城,313,2023,112024710,外来診療料（情報通信機器を用いた再診を行った場合）,
secondary_medical_area,44,4401,,東部,314,2023,112024710,外来診療料（情報通信機器を用いた再診を行った場合）,0.0
secondary_medical_area,44,4403,,中部,315,2023,112024710,外来診療料（情報通信機器を用いた再診を行った場合）,0.0
secondary_medical_area,44,4405,,南部,316,2023,112024710,外来診療料（情報通信機器を用いた再診を行った場合）,0.0
secondary_medical_area,44,4406,,豊肥,317,2023,112024710,外来診療料（情報通信機器を用いた再診を行った場合）,0.0
secondary_medical_area,44,4408,,西部,318,2023,112024710,外来診療料（情報通信機器を用いた再診を行った場合）,0.0
secondary_medical_area,44,4409,,北部,319,2023,112024710,外来診療料（情報通信機器を用いた再診を行った場合）,0.0
secondary_medical_area,45,4501,,宮崎東諸県,320,2023,112024710,外来診療料（情報通信機器を用いた再診を行った場合）,102.0
secondary_medical_area,45,4502,,都城北諸県,321,2023,112024710,外来診療料（情報通信機器を用いた再診を行った場合）,0.0
secondary_medical_area,45,4503,,延岡西臼杵,322,2023,112024710,外来診療料（情報通信機器を用いた再診を行った場合）,0.0
secondary_medical_area,45,4504,,日南串間,323,2023,112024710,外来診療料（情報通信機器を用いた再診を行った場合）,0.0
secondary_medical_area,45,4505,,西諸,324,2023,112024710,外来診療料（情報通信機器を用いた再診を行った場合）,0.0
secondary_medical_area,45,4506,,西都児湯,325,2023,112024710,外来診療料（情報通信機器を用いた再診を行った場合）,0.0
secondary_medical_area,45,4507,,日向入郷,326,2023,112024710,外来診療料（情報通信機器を用いた再診を行った場合）,0.0
secondary_medical_area,46,4601,,鹿児島,327,2023,112024710,外来診療料（情報通信機器を用いた再診を行った場合）,0.0
secondary_medical_area,46,4603,,南薩,328,2023,112024710,外来診療料（情報通信機器を用いた再診を行った場合）,0.0
secondary_medical_area,46,4605,,川薩,329,2023,112024710,外来診療料（情報通信機器を用いた再診を行った場合）,0.0
secondary_medical_area,46,4606,,出水,330,2023,112024710,外来診療料（情報通信機器を用いた再診を行った場合）,0.0
secondary_medical_area,46,4607,,姶良・伊佐,331,2023,112024710,外来診療料（情報通信機器を用いた再診を行った場合）,0.0
secondary_medical_area,46,4609,,曽於,332,2023,112024710,外来診療料（情報通信機器を用いた再診を行った場合）,0.0
secondary_medical_area,46,4610,,肝属,333,2023,112024710,外来診療料（情報通信機器を用いた再診を行った場合）,0.0
secondary_medical_area,46,4611,,熊毛,334,2023,112024710,外来診療料（情報通信機器を用いた再診を行った場合）,0.0
secondary_medical_area,46,4612,,奄美,335,2023,112024710,外来診療料（情報通信機器を用いた再診を行った場合）,0.0
secondary_medical_area,47,4701,,北部,336,2023,112024710,外来診療料（情報通信機器を用いた再診を行った場合）,
secondary_medical_area,47,4702,,中部,337,2023,112024710,外来診療料（情報通信機器を用いた再診を行った場合）,
secondary_medical_area,47,4703,,南部,338,2023,112024710,外来診療料（情報通信機器を用いた再診を行った場合）,
secondary_medical_area,47,4704,,宮古,339,2023,112024710,外来診療料（情報通信機器を用いた再診を行った場合）,
secondary_medical_area,47,4705,,八重山,340,2023,112024710,外来診療料（情報通信機器を用いた再診を行った場合）,
secondary_medical_area,01,0101,,南渡島,6,2024,111014210,初診料（情報通信機器を用いた初診を行った場合）,65.0
secondary_medical_area,01,0102,,南檜山,7,2024,111014210,初診料（情報通信機器を用いた初診を行った場合）,0.0
secondary_medical_area,01,0103,,北渡島檜山,8,2024,111014210,初診料（情報通信機器を用いた初診を行った場合）,0.0
secondary_medical_area,01,0104,,札幌,9,2024,111014210,初診料（情報通信機器を用いた初診を行った場合）,1388.0
secondary_medical_area,01,0105,,後志,10,2024,111014210,初診料（情報通信機器を用いた初診を行った場合）,73.0
secondary_medical_area,01,0106,,南空知,11,2024,111014210,初診料（情報通信機器を用いた初診を行った場合）,
secondary_medical_area,01,0107,,中空知,12,2024,111014210,初診料（情報通信機器を用いた初診を行った場合）,45.0
secondary_medical_area,01,0108,,北空知,13,2024,111014210,初診料（情報通信機器を用いた初診を行った場合）,0.0
secondary_medical_area,01,0109,,西胆振,14,2024,111014210,初診料（情報通信機器を用いた初診を行った場合）,353.0
secondary_medical_area,01,0110,,東胆振,15,2024,111014210,初診料（情報通信機器を用いた初診を行った場合）,0.0
secondary_medical_area,01,0111,,日高,16,2024,111014210,初診料（情報通信機器を用いた初診を行った場合）,
secondary_medical_area,01,0112,,上川中部,17,2024,111014210,初診料（情報通信機器を用いた初診を行った場合）,180.0
secondary_medical_area,01,0113,,上川北部,18,2024,111014210,初診料（情報通信機器を用いた初診を行った場合）,0.0
secondary_medical_area,01,0114,,富良野,19,2024,111014210,初診料（情報通信機器を用いた初診を行った場合）,0.0
secondary_medical_area,01,0115,,留萌,20,2024,111014210,初診料（情報通信機器を用いた初診を行った場合）,0.0
secondary_medical_area,01,0116,,宗谷,21,2024,111014210,初診料（情報通信機器を用いた初診を行った場合）,
secondary_medical_area,01,0117,,北網,22,2024,111014210,初診料（情報通信機器を用いた初診を行った場合）,42.0
secondary_medical_area,01,0118,,遠紋,23,2024,111014210,初診料（情報通信機器を用いた初診を行った場合）,
secondary_medical_area,01,0119,,十勝,24,2024,111014210,初診料（情報通信機器を用いた初診を行った場合）,305.0
secondary_medical_area,01,0120,,釧路,25,2024,111014210,初診料（情報通信機器を用いた初診を行った場合）,16.0
secondary_medical_area,01,0121,,根室,26,2024,111014210,初診料（情報通信機器を用いた初診を行った場合）,0.0
secondary_medical_area,02,0201,,津軽地域,27,2024,111014210,初診料（情報通信機器を用いた初診を行った場合）,61.0
secondary_medical_area,02,0202,,八戸地域,28,2024,111014210,初診料（情報通信機器を用いた初診を行った場合）,1320.0
secondary_medical_area,02,0203,,青森地域,29,2024,111014210,初診料（情報通信機器を用いた初診を行った場合）,31.0
secondary_medical_area,02,0204,,西北五地域,30,2024,111014210,初診料（情報通信機器を用いた初診を行った場合）,111.0
secondary_medical_area,02,0205,,上十三地域,31,2024,111014210,初診料（情報通信機器を用いた初診を行った場合）,122.0
secondary_medical_area,02,0206,,下北地域,32,2024,111014210,初診料（情報通信機器を用いた初診を行った場合）,0.0
secondary_medical_area,03,0301,,盛岡,33,2024,111014210,初診料（情報通信機器を用いた初診を行った場合）,256.0
secondary_medical_area,03,0302,,岩手中部,34,2024,111014210,初診料（情報通信機器を用いた初診を行った場合）,12.0
secondary_medical_area,03,0303,,胆江,35,2024,111014210,初診料（情報通信機器を用いた初診を行った場合）,0.0
secondary_medical_area,03,0304,,両磐,36,2024,111014210,初診料（情報通信機器を用いた初診を行った場合）,
secondary_medical_area,03,0305,,気仙,37,2024,111014210,初診料（情報通信機器を用いた初診を行った場合）,
secondary_medical_area,03,0306,,釜石,38,2024,111014210,初診料（情報通信機器を用いた初診を行った場合）,0.0
secondary_medical_area,03,0307,,宮古,39,2024,111014210,初診料（情報通信機器を用いた初診を行った場合）,
secondary_medical_area,03,0308,,久慈,40,2024,111014210,初診料（情報通信機器を用いた初診を行った場合）,
secondary_medical_area,03,0309,,二戸,41,2024,111014210,初診料（情報通信機器を用いた初診を行った場合）,
secondary_medical_area,04,0401,,仙南,42,2024,111014210,初診料（情報通信機器を用いた初診を行った場合）,30.0
secondary_medical_area,04,0403,,仙台,43,2024,111014210,初診料（情報通信機器を用いた初診を行った場合）,871.0
secondary_medical_area,04,0406,,大崎・栗原,44,2024,111014210,初診料（情報通信機器を用いた初診を行った場合）,598.0
secondary_medical_area,04,0409,,石巻・登米・気仙沼,45,2024,111014210,初診料（情報通信機器を用いた初診を行った場合）,15.0
secondary_medical_area,05,0501,,大館・鹿角,46,2024,111014210,初診料（情報通信機器を用いた初診を行った場合）,0.0
secondary_medical_area,05,0502,,北秋田,47,2024,111014210,初診料（情報通信機器を用いた初診を行った場合）,0.0
secondary_medical_area,05,0503,,能代・山本,48,2024,111014210,初診料（情報通信機器を用いた初診を行った場合）,503.0
secondary_medical_area,05,0504,,秋田周辺,49,2024,111014210,初診料（情報通信機器を用いた初診を行った場合）,51.0
secondary_medical_area,05,0505,,由利本荘・にかほ,50,2024,111014210,初診料（情報通信機器を用いた初診を行った場合）,0.0
secondary_medical_area,05,0506,,大仙・仙北,51,2024,111014210,初診料（情報通信機器を用いた初診を行った場合）,0.0
secondary_medical_area,05,0507,,横手,52,2024,111014210,初診料（情報通信機器を用いた初診を行った場合）,358.0
secondary_medical_area,05,0508,,湯沢・雄勝,53,2024,111014210,初診料（情報通信機器を用いた初診を行った場合）,0.0
secondary_medical_area,06,0601,,村山,54,2024,111014210,初診料（情報通信機器を用いた初診を行った場合）,
secondary_medical_area,06,0602,,最上,55,2024,111014210,初診料（情報通信機器を用いた初診を行った場合）,0.0
secondary_medical_area,06,0603,,置賜,56,2024,111014210,初診料（情報通信機器を用いた初診を行った場合）,453.0
secondary_medical_area,06,0604,,庄内,57,2024,111014210,初診料（情報通信機器を用いた初診を行った場合）,
secondary_medical_area,07,0701,,県北,58,2024,111014210,初診料（情報通信機器を用いた初診を行った場合）,243.0
secondary_medical_area,07,0702,,県中,59,2024,111014210,初診料（情報通信機器を用いた初診を行った場合）,2460.0
secondary_medical_area,07,0703,,県南,60,2024,111014210,初診料（情報通信機器を用いた初診を行った場合）,0.0
secondary_medical_area,07,0706,,相双,61,2024,111014210,初診料（情報通信機器を用いた初診を行った場合）,
secondary_medical_area,07,0707,,いわき,62,2024,111014210,初診料（情報通信機器を用いた初診を行った場合）,1253.0
secondary_medical_area,07,0708,,会津・南会津,63,2024,111014210,初診料（情報通信機器を用いた初診を行った場合）,
secondary_medical_area,08,0801,,水戸,64,2024,111014210,初診料（情報通信機器を用いた初診を行った場合）,57.0
secondary_medical_area,08,0802,,日立,65,2024,111014210,初診料（情報通信機器を用いた初診を行った場合）,
secondary_medical_area,08,0803,,常陸太田・ひたちなか,66,2024,111014210,初診料（情報通信機器を用いた初診を行った場合）,10.0
secondary_medical_area,08,0804,,鹿行,67,2024,111014210,初診料（情報通信機器を用いた初診を行った場合）,118.0
secondary_medical_area,08,0805,,土浦,68,2024,111014210,初診料（情報通信機器を用いた初診を行った場合）,91.0
secondary_medical_area,08,0806,,つくば,69,2024,111014210,初診料（情報通信機器を用いた初診を行った場合）,845.0
secondary_medical_area,08,0807,,取手・竜ヶ崎,70,2024,111014210,初診料（情報通信機器を用いた初診を行った場合）,89.0
secondary_medical_area,08,0808,,筑西・下妻,71,2024,111014210,初診料（情報通信機器を用いた初診を行った場合）,61.0
secondary_medical_area,08,0809,,古河・坂東,72,2024,111014210,初診料（情報通信機器を用いた初診を行った場合）,
secondary_medical_area,09,0901,,県北,73,2024,111014210,初診料（情報通信機器を用いた初診を行った場合）,
secondary_medical_area,09,0902,,県西,74,2024,111014210,初診料（情報通信機器を用いた初診を行った場合）,
secondary_medical_area,09,0903,,宇都宮,75,2024,111014210,初診料（情報通信機器を用いた初診を行った場合）,177.0
secondary_medical_area,09,0904,,県東,76,2024,111014210,初診料（情報通信機器を用いた初診を行った場合）,
secondary_medical_area,09,0905,,県南,77,2024,111014210,初診料（情報通信機器を用いた初診を行った場合）,328.0
secondary_medical_area,09,0906,,両毛,78,2024,111014210,初診料（情報通信機器を用いた初診を行った場合）,11.0
secondary_medical_area,10,1001,,前橋,79,2024,111014210,初診料（情報通信機器を用いた初診を行った場合）,178.0
secondary_medical_area,10,1002,,渋川,80,2024,111014210,初診料（情報通信機器を用いた初診を行った場合）,312.0
secondary_medical_area,10,1003,,伊勢崎,81,2024,111014210,初診料（情報通信機器を用いた初診を行った場合）,
secondary_medical_area,10,1004,,高崎・安中,82,2024,111014210,初診料（情報通信機器を用いた初診を行った場合）,41.0
secondary_medical_area,10,1005,,藤岡,83,2024,111014210,初診料（情報通信機器を用いた初診を行った場合）,
secondary_medical_area,10,1006,,富岡,84,2024,111014210,初診料（情報通信機器を用いた初診を行った場合）,22.0
secondary_medical_area,10,1007,,吾妻,85,2024,111014210,初診料（情報通信機器を用いた初診を行った場合）,0.0
secondary_medical_area,10,1008,,沼田,86,2024,111014210,初診料（情報通信機器を用いた初診を行った場合）,
secondary_medical_area,10,1009,,桐生,87,2024,111014210,初診料（情報通信機器を用いた初診を行った場合）,0.0
secondary_medical_area,10,1010,,太田・館林,88,2024,111014210,初診料（情報通信機器を用いた初診を行った場合）,20.0
secondary_medical_area,11,1101,,南部,89,2024,111014210,初診料（情報通信機器を用いた初診を行った場合）,13712.0
secondary_medical_area,11,1102,,南西部,90,2024,111014210,初診料（情報通信機器を用いた初診を行った場合）,694.0
secondary_medical_area,11,1103,,東部,91,2024,111014210,初診料（情報通信機器を用いた初診を行った場合）,2213.0
secondary_medical_area,11,1104,,さいたま,92,2024,111014210,初診料（情報通信機器を用いた初診を行った場合）,1443.0
secondary_medical_area,11,1105,,県央,93,2024,111014210,初診料（情報通信機器を用いた初診を行った場合）,192.0
secondary_medical_area,11,1106,,川越比企,94,2024,111014210,初診料（情報通信機器を用いた初診を行った場合）,423.0
secondary_medical_area,11,1107,,西部,95,2024,111014210,初診料（情報通信機器を用いた初診を行った場合）,1065.0
secondary_medical_area,11,1108,,利根,96,2024,111014210,初診料（情報通信機器を用いた初診を行った場合）,72.0
secondary_medical_area,11,1109,,北部,97,2024,111014210,初診料（情報通信機器を用いた初診を行った場合）,
secondary_medical_area,11,1110,,秩父,98,2024,111014210,初診料（情報通信機器を用いた初診を行った場合）,
secondary_medical_area,12,1201,,千葉,99,2024,111014210,初診料（情報通信機器を用いた初診を行った場合）,5285.0
secondary_medical_area,12,1202,,東葛南部,100,2024,111014210,初診料（情報通信機器を用いた初診を行った場合）,11640.0
secondary_medical_area,12,1203,,東葛北部,101,2024,111014210,初診料（情報通信機器を用いた初診を行った場合）,1444.0
secondary_medical_area,12,1204,,印旛,102,2024,111014210,初診料（情報通信機器を用いた初診を行った場合）,1289.0
secondary_medical_area,12,1205,,香取海匝,103,2024,111014210,初診料（情報通信機器を用いた初診を行った場合）,
secondary_medical_area,12,1206,,山武長生夷隅,104,2024,111014210,初診料（情報通信機器を用いた初診を行った場合）,47.0
secondary_medical_area,12,1207,,安房,105,2024,111014210,初診料（情報通信機器を用いた初診を行った場合）,
secondary_medical_area,12,1208,,君津,106,2024,111014210,初診料（情報通信機器を用いた初診を行った場合）,56.0
secondary_medical_area,12,1209,,市原,107,2024,111014210,初診料（情報通信機器を用いた初診を行った場合）,1231.0
secondary_medical_area,13,1301,,区中央部,108,2024,111014210,初診料（情報通信機器を用いた初診を行った場合）,261388.0
secondary_medical_area,13,1302,,区南部,109,2024,111014210,初診料（情報通信機器を用いた初診を行った場合）,1567.0
secondary_medical_area,13,1303,,区西南部,110,2024,111014210,初診料（情報通信機器を用いた初診を行った場合）,17840.0
secondary_medical_area,13,1304,,区西部,111,2024,111014210,初診料（情報通信機器を用いた初診を行った場合）,238033.0
secondary_medical_area,13,1305,,区西北部,112,2024,111014210,初診料（情報通信機器を用いた初診を行った場合）,11014.0
secondary_medical_area,13,1306,,区東北部,113,2024,111014210,初診料（情報通信機器を用いた初診を行った場合）,9073.0
secondary_medical_area,13,1307,,区東部,114,2024,111014210,初診料（情報通信機器を用いた初診を行った場合）,2460.0
secondary_medical_area,13,1308,,西多摩,115,2024,111014210,初診料（情報通信機器を用いた初診を行った場合）,686.0
secondary_medical_area,13,1309,,南多摩,116,2024,111014210,初診料（情報通信機器を用いた初診を行った場合）,12964.0
secondary_medical_area,13,1310,,北多摩西部,117,2024,111014210,初診料（情報通信機器を用いた初診を行った場合）,1659.0
secondary_medical_area,13,1311,,北多摩南部,118,2024,111014210,初診料（情報通信機器を用いた初診を行った場合）,4536.0
secondary_medical_area,13,1312,,北多摩北部,119,2024,111014210,初診料（情報通信機器を用いた初診を行った場合）,171.0
secondary_medical_area,13,1313,,島しょ,120,2024,111014210,初診料（情報通信機器を用いた初診を行った場合）,0.0
secondary_medical_area,14,1404,,川崎北部,121,2024,111014210,初診料（情報通信機器を用いた初診を行った場合）,1098.0
secondary_medical_area,14,1405,,川崎南部,122,2024,111014210,初診料（情報通信機器を用いた初診を行った場合）,470.0
secondary_medical_area,14,1406,,横須賀・三浦,123,2024,111014210,初診料（情報通信機器を用いた初診を行った場合）,600.0
secondary_medical_area,14,1407,,湘南東部,124,2024,111014210,初診料（情報通信機器を用いた初診を行った場合）,1372.0
secondary_medical_area,14,1408,,湘南西部,125,2024,111014210,初診料（情報通信機器を用いた初診を行った場合）,1363.0
secondary_medical_area,14,1409,,県央,126,2024,111014210,初診料（情報通信機器を用いた初診を行った場合）,745.0
secondary_medical_area,14,1410,,相模原,127,2024,111014210,初診料（情報通信機器を用いた初診を行った場合）,1112.0
secondary_medical_area,14,1411,,県西,128,2024,111014210,初診料（情報通信機器を用いた初診を行った場合）,44.0
secondary_medical_area,14,1412,,横浜,129,2024,111014210,初診料（情報通信機器を用いた初診を行った場合）,33742.0
secondary_medical_area,15,1501,,下越,130,2024,111014210,初診料（情報通信機器を用いた初診を行った場合）,
secondary_medical_area,15,1502,,新潟,131,2024,111014210,初診料（情報通信機器を用いた初診を行った場合）,239.0
secondary_medical_area,15,1503,,県央,132,2024,111014210,初診料（情報通信機器を用いた初診を行った場合）,363.0
secondary_medical_area,15,1504,,中越,133,2024,111014210,初診料（情報通信機器を用いた初診を行った場合）,25.0
secondary_medical_area,15,1505,,魚沼,134,2024,111014210,初診料（情報通信機器を用いた初診を行った場合）,17.0
secondary_medical_area,15,1506,,上越,135,2024,111014210,初診料（情報通信機器を用いた初診を行った場合）,95.0
secondary_medical_area,15,1507,,佐渡,136,2024,111014210,初診料（情報通信機器を用いた初診を行った場合）,
secondary_medical_area,16,1601,,新川,137,2024,111014210,初診料（情報通信機器を用いた初診を行った場合）,0.0
secondary_medical_area,16,1602,,富山,138,2024,111014210,初診料（情報通信機器を用いた初診を行った場合）,26.0
secondary_medical_area,16,1603,,高岡,139,2024,111014210,初診料（情報通信機器を用いた初診を行った場合）,23.0
secondary_medical_area,16,1604,,砺波,140,2024,111014210,初診料（情報通信機器を用いた初診を行った場合）,88.0
secondary_medical_area,17,1701,,南加賀,141,2024,111014210,初診料（情報通信機器を用いた初診を行った場合）,
secondary_medical_area,17,1702,,石川中央,142,2024,111014210,初診料（情報通信機器を用いた初診を行った場合）,228.0
secondary_medical_area,17,1703,,能登中部,143,2024,111014210,初診料（情報通信機器を用いた初診を行った場合）,19.0
secondary_medical_area,17,1704,,能登北部,144,2024,111014210,初診料（情報通信機器を用いた初診を行った場合）,
secondary_medical_area,18,1801,,福井・坂井,145,2024,111014210,初診料（情報通信機器を用いた初診を行った場合）,65.0
secondary_medical_area,18,1802,,奥越,146,2024,111014210,初診料（情報通信機器を用いた初診を行った場合）,0.0
secondary_medical_area,18,1803,,丹南,147,2024,111014210,初診料（情報通信機器を用いた初診を行った場合）,
secondary_medical_area,18,1804,,嶺南,148,2024,111014210,初診料（情報通信機器を用いた初診を行った場合）,
secondary_medical_area,19,1901,,中北,149,2024,111014210,初診料（情報通信機器を用いた初診を行った場合）,23.0
secondary_medical_area,19,1902,,峡東,150,2024,111014210,初診料（情報通信機器を用いた初診を行った場合）,13.0
secondary_medical_area,19,1903,,峡南,151,2024,111014210,初診料（情報通信機器を用いた初診を行った場合）,0.0
secondary_medical_area,19,1904,,富士・東部,152,2024,111014210,初診料（情報通信機器を用いた初診を行った場合）,601.0
secondary_medical_area,20,2001,,佐久,153,2024,111014210,初診料（情報通信機器を用いた初診を行った場合）,43.0
secondary_medical_area,20,2002,,上小,154,2024,111014210,初診料（情報通信機器を用いた初診を行った場合）,
secondary_medical_area,20,2003,,諏訪,155,2024,111014210,初診料（情報通信機器を用いた初診を行った場合）,14.0
secondary_medical_area,20,2004,,上伊那,156,2024,111014210,初診料（情報通信機器を用いた初診を行った場合）,0.0
secondary_medical_area,20,2005,,飯伊,157,2024,111014210,初診料（情報通信機器を用いた初診を行った場合）,
secondary_medical_area,20,2006,,木曽,158,2024,111014210,初診料（情報通信機器を用いた初診を行った場合）,0.0
secondary_medical_area,20,2007,,松本,159,2024,111014210,初診料（情報通信機器を用いた初診を行った場合）,110.0
secondary_medical_area,20,2008,,大北,160,2024,111014210,初診料（情報通信機器を用いた初診を行った場合）,0.0
secondary_medical_area,20,2009,,長野,161,2024,111014210,初診料（情報通信機器を用いた初診を行った場合）,59.0
secondary_medical_area,20,2010,,北信,162,2024,111014210,初診料（情報通信機器を用いた初診を行った場合）,0.0
secondary_medical_area,21,2101,,岐阜,163,2024,111014210,初診料（情報通信機器を用いた初診を行った場合）,1539.0
secondary_medical_area,21,2102,,西濃,164,2024,111014210,初診料（情報通信機器を用いた初診を行った場合）,0.0
secondary_medical_area,21,2103,,中濃,165,2024,111014210,初診料（情報通信機器を用いた初診を行った場合）,115.0
secondary_medical_area,21,2104,,東濃,166,2024,111014210,初診料（情報通信機器を用いた初診を行った場合）,
secondary_medical_area,21,2105,,飛騨,167,2024,111014210,初診料（情報通信機器を用いた初診を行った場合）,
secondary_medical_area,22,2201,,賀茂,168,2024,111014210,初診料（情報通信機器を用いた初診を行った場合）,232.0
secondary_medical_area,22,2202,,熱海伊東,169,2024,111014210,初診料（情報通信機器を用いた初診を行った場合）,
secondary_medical_area,22,2203,,駿東田方,170,2024,111014210,初診料（情報通信機器を用いた初診を行った場合）,535.0
secondary_medical_area,22,2204,,富士,171,2024,111014210,初診料（情報通信機器を用いた初診を行った場合）,
secondary_medical_area,22,2205,,静岡,172,2024,111014210,初診料（情報通信機器を用いた初診を行った場合）,369.0
secondary_medical_area,22,2206,,志太榛原,173,2024,111014210,初診料（情報通信機器を用いた初診を行った場合）,114.0
secondary_medical_area,22,2207,,中東遠,174,2024,111014210,初診料（情報通信機器を用いた初診を行った場合）,481.0
secondary_medical_area,22,2208,,西部,175,2024,111014210,初診料（情報通信機器を用いた初診を行った場合）,1078.0
secondary_medical_area,23,2302,,海部,176,2024,111014210,初診料（情報通信機器を用いた初診を行った場合）,120.0
secondary_medical_area,23,2304,,尾張東部,177,2024,111014210,初診料（情報通信機器を用いた初診を行った場合）,216.0
secondary_medical_area,23,2305,,尾張西部,178,2024,111014210,初診料（情報通信機器を用いた初診を行った場合）,124.0
secondary_medical_area,23,2306,,尾張北部,179,2024,111014210,初診料（情報通信機器を用いた初診を行った場合）,283.0
secondary_medical_area,23,2307,,知多半島,180,2024,111014210,初診料（情報通信機器を用いた初診を行った場合）,115.0
secondary_medical_area,23,2308,,西三河北部,181,2024,111014210,初診料（情報通信機器を用いた初診を行った場合）,86.0
secondary_medical_area,23,2309,,西三河南部西,182,2024,111014210,初診料（情報通信機器を用いた初診を行った場合）,
secondary_medical_area,23,2310,,西三河南部東,183,2024,111014210,初診料（情報通信機器を用いた初診を行った場合）,276.0
secondary_medical_area,23,2311,,東三河北部,184,2024,111014210,初診料（情報通信機器を用いた初診を行った場合）,
secondary_medical_area,23,2312,,東三河南部,185,2024,111014210,初診料（情報通信機器を用いた初診を行った場合）,154.0
secondary_medical_area,23,2313,,名古屋・尾張中部,186,2024,111014210,初診料（情報通信機器を用いた初診を行った場合）,44430.0
secondary_medical_area,24,2401,,北勢,187,2024,111014210,初診料（情報通信機器を用いた初診を行った場合）,91.0
secondary_medical_area,24,2402,,中勢伊賀,188,2024,111014210,初診料（情報通信機器を用いた初診を行った場合）,50.0
secondary_medical_area,24,2403,,南勢志摩,189,2024,111014210,初診料（情報通信機器を用いた初診を行った場合）,305.0
secondary_medical_area,24,2404,,東紀州,190,2024,111014210,初診料（情報通信機器を用いた初診を行った場合）,12.0
secondary_medical_area,25,2501,,大津,191,2024,111014210,初診料（情報通信機器を用いた初診を行った場合）,86.0
secondary_medical_area,25,2502,,湖南,192,2024,111014210,初診料（情報通信機器を用いた初診を行った場合）,89.0
secondary_medical_area,25,2503,,甲賀,193,2024,111014210,初診料（情報通信機器を用いた初診を行った場合）,
secondary_medical_area,25,2504,,東近江,194,2024,111014210,初診料（情報通信機器を用いた初診を行った場合）,
secondary_medical_area,25,2505,,湖東,195,2024,111014210,初診料（情報通信機器を用いた初診を行った場合）,33.0
secondary_medical_area,25,2506,,湖北,196,2024,111014210,初診料（情報通信機器を用いた初診を行った場合）,219.0
secondary_medical_area,25,2507,,湖西,197,2024,111014210,初診料（情報通信機器を用いた初診を行った場合）,0.0
secondary_medical_area,26,2601,,丹後,198,2024,111014210,初診料（情報通信機器を用いた初診を行った場合）,75.0
secondary_medical_area,26,2602,,中丹,199,2024,111014210,初診料（情報通信機器を用いた初診を行った場合）,
secondary_medical_area,26,2603,,南丹,200,2024,111014210,初診料（情報通信機器を用いた初診を行った場合）,0.0
secondary_medical_area,26,2604,,京都・乙訓,201,2024,111014210,初診料（情報通信機器を用いた初診を行った場合）,3357.0
secondary_medical_area,26,2605,,山城北,202,2024,111014210,初診料（情報通信機器を用いた初診を行った場合）,
secondary_medical_area,26,2606,,山城南,203,2024,111014210,初診料（情報通信機器を用いた初診を行った場合）,104.0
secondary_medical_area,27,2701,,豊能,204,2024,111014210,初診料（情報通信機器を用いた初診を行った場合）,403.0
secondary_medical_area,27,2702,,三島,205,2024,111014210,初診料（情報通信機器を用いた初診を行った場合）,530.0
secondary_medical_area,27,2703,,北河内,206,2024,111014210,初診料（情報通信機器を用いた初診を行った場合）,1255.0
secondary_medical_area,27,2704,,中河内,207,2024,111014210,初診料（情報通信機器を用いた初診を行った場合）,137.0
secondary_medical_area,27,2705,,南河内,208,2024,111014210,初診料（情報通信機器を用いた初診を行った場合）,85.0
secondary_medical_area,27,2706,,堺市,209,2024,111014210,初診料（情報通信機器を用いた初診を行った場合）,1525.0
secondary_medical_area,27,2707,,泉州,210,2024,111014210,初診料（情報通信機器を用いた初診を行った場合）,453.0
secondary_medical_area,27,2708,,大阪市,211,2024,111014210,初診料（情報通信機器を用いた初診を行った場合）,5841.0
secondary_medical_area,28,2801,,神戸,212,2024,111014210,初診料（情報通信機器を用いた初診を行った場合）,1197.0
secondary_medical_area,28,2804,,東播磨,213,2024,111014210,初診料（情報通信機器を用いた初診を行った場合）,873.0
secondary_medical_area,28,2805,,北播磨,214,2024,111014210,初診料（情報通信機器を用いた初診を行った場合）,
secondary_medical_area,28,2808,,但馬,215,2024,111014210,初診料（情報通信機器を用いた初診を行った場合）,0.0
secondary_medical_area,28,2809,,丹波,216,2024,111014210,初診料（情報通信機器を用いた初診を行った場合）,0.0
secondary_medical_area,28,2810,,淡路,217,2024,111014210,初診料（情報通信機器を用いた初診を行った場合）,
secondary_medical_area,28,2811,,阪神,218,2024,111014210,初診料（情報通信機器を用いた初診を行った場合）,2193.0
secondary_medical_area,28,2812,,播磨姫路,219,2024,111014210,初診料（情報通信機器を用いた初診を行った場合）,3047.0
secondary_medical_area,29,2901,,奈良,220,2024,111014210,初診料（情報通信機器を用いた初診を行った場合）,114.0
secondary_medical_area,29,2902,,東和,221,2024,111014210,初診料（情報通信機器を用いた初診を行った場合）,370.0
secondary_medical_area,29,2903,,西和,222,2024,111014210,初診料（情報通信機器を用いた初診を行った場合）,308.0
secondary_medical_area,29,2904,,中和,223,2024,111014210,初診料（情報通信機器を用いた初診を行った場合）,
secondary_medical_area,29,2905,,南和,224,2024,111014210,初診料（情報通信機器を用いた初診を行った場合）,
secondary_medical_area,30,3001,,和歌山,225,2024,111014210,初診料（情報通信機器を用いた初診を行った場合）,53.0
secondary_medical_area,30,3002,,那賀,226,2024,111014210,初診料（情報通信機器を用いた初診を行った場合）,
secondary_medical_area,30,3003,,橋本,227,2024,111014210,初診料（情報通信機器を用いた初診を行った場合）,0.0
secondary_medical_area,30,3004,,有田,228,2024,111014210,初診料（情報通信機器を用いた初診を行った場合）,0.0
secondary_medical_area,30,3005,,御坊,229,2024,111014210,初診料（情報通信機器を用いた初診を行った場合）,0.0
secondary_medical_area,30,3006,,田辺,230,2024,111014210,初診料（情報通信機器を用いた初診を行った場合）,
secondary_medical_area,30,3007,,新宮,231,2024,111014210,初診料（情報通信機器を用いた初診を行った場合）,46.0
secondary_medical_area,31,3101,,東部,232,2024,111014210,初診料（情報通信機器を用いた初診を行った場合）,
secondary_medical_area,31,3102,,中部,233,2024,111014210,初診料（情報通信機器を用いた初診を行った場合）,48.0
secondary_medical_area,31,3103,,西部,234,2024,111014210,初診料（情報通信機器を用いた初診を行った場合）,
secondary_medical_area,32,3201,,松江,235,2024,111014210,初診料（情報通信機器を用いた初診を行った場合）,63.0
secondary_medical_area,32,3202,,雲南,236,2024,111014210,初診料（情報通信機器を用いた初診を行った場合）,0.0
secondary_medical_area,32,3203,,出雲,237,2024,111014210,初診料（情報通信機器を用いた初診を行った場合）,1107.0
secondary_medical_area,32,3204,,大田,238,2024,111014210,初診料（情報通信機器を用いた初診を行った場合）,
secondary_medical_area,32,3205,,浜田,239,2024,111014210,初診料（情報通信機器を用いた初診を行った場合）,
secondary_medical_area,32,3206,,益田,240,2024,111014210,初診料（情報通信機器を用いた初診を行った場合）,0.0
secondary_medical_area,32,3207,,隠岐,241,2024,111014210,初診料（情報通信機器を用いた初診を行った場合）,0.0
secondary_medical_area,33,3301,,県南東部,242,2024,111014210,初診料（情報通信機器を用いた初診を行った場合）,135.0
secondary_medical_area,33,3302,,県南西部,243,2024,111014210,初診料（情報通信機器を用いた初診を行った場合）,52.0
secondary_medical_area,33,3303,,高梁・新見,244,2024,111014210,初診料（情報通信機器を用いた初診を行った場合）,
secondary_medical_area,33,3304,,真庭,245,2024,111014210,初診料（情報通信機器を用いた初診を行った場合）,0.0
secondary_medical_area,33,3305,,津山・英田,246,2024,111014210,初診料（情報通信機器を用いた初診を行った場合）,
secondary_medical_area,34,3401,,広島,247,2024,111014210,初診料（情報通信機器を用いた初診を行った場合）,192.0
secondary_medical_area,34,3402,,広島西,248,2024,111014210,初診料（情報通信機器を用いた初診を行った場合）,18.0
secondary_medical_area,34,3403,,呉,249,2024,111014210,初診料（情報通信機器を用いた初診を行った場合）,31.0
secondary_medical_area,34,3404,,広島中央,250,2024,111014210,初診料（情報通信機器を用いた初診を行った場合）,
secondary_medical_area,34,3405,,尾三,251,2024,111014210,初診料（情報通信機器を用いた初診を行った場合）,
secondary_medical_area,34,3406,,福山・府中,252,2024,111014210,初診料（情報通信機器を用いた初診を行った場合）,579.0
secondary_medical_area,34,3407,,備北,253,2024,111014210,初診料（情報通信機器を用いた初診を行った場合）,0.0
secondary_medical_area,35,3501,,岩国,254,2024,111014210,初診料（情報通信機器を用いた初診を行った場合）,12.0
secondary_medical_area,35,3502,,柳井,255,2024,111014210,初診料（情報通信機器を用いた初診を行った場合）,20.0
secondary_medical_area,35,3503,,周南,256,2024,111014210,初診料（情報通信機器を用いた初診を行った場合）,22.0
secondary_medical_area,35,3504,,山口・防府,257,2024,111014210,初診料（情報通信機器を用いた初診を行った場合）,59.0
secondary_medical_area,35,3505,,宇部・小野田,258,2024,111014210,初診料（情報通信機器を用いた初診を行った場合）,
secondary_medical_area,35,3506,,下関,259,2024,111014210,初診料（情報通信機器を用いた初診を行った場合）,
secondary_medical_area,35,3507,,長門,260,2024,111014210,初診料（情報通信機器を用いた初診を行った場合）,0.0
secondary_medical_area,35,3508,,萩,261,2024,111014210,初診料（情報通信機器を用いた初診を行った場合）,0.0
secondary_medical_area,36,3601,,東部,262,2024,111014210,初診料（情報通信機器を用いた初診を行った場合）,507.0
secondary_medical_area,36,3603,,南部,263,2024,111014210,初診料（情報通信機器を用いた初診を行った場合）,0.0
secondary_medical_area,36,3605,,西部,264,2024,111014210,初診料（情報通信機器を用いた初診を行った場合）,0.0
secondary_medical_area,37,3702,,小豆,265,2024,111014210,初診料（情報通信機器を用いた初診を行った場合）,0.0
secondary_medical_area,37,3706,,東部,266,2024,111014210,初診料（情報通信機器を用いた初診を行った場合）,
secondary_medical_area,37,3707,,西部,267,2024,111014210,初診料（情報通信機器を用いた初診を行った場合）,
secondary_medical_area,38,3801,,宇摩,268,2024,111014210,初診料（情報通信機器を用いた初診を行った場合）,227.0
secondary_medical_area,38,3802,,新居浜・西条,269,2024,111014210,初診料（情報通信機器を用いた初診を行った場合）,0.0
secondary_medical_area,38,3803,,今治,270,2024,111014210,初診料（情報通信機器を用いた初診を行った場合）,
secondary_medical_area,38,3804,,松山,271,2024,111014210,初診料（情報通信機器を用いた初診を行った場合）,100.0
secondary_medical_area,38,3805,,八幡浜・大洲,272,2024,111014210,初診料（情報通信機器を用いた初診を行った場合）,27.0
secondary_medical_area,38,3806,,宇和島,273,2024,111014210,初診料（情報通信機器を用いた初診を行った場合）,
secondary_medical_area,39,3901,,安芸,274,2024,111014210,初診料（情報通信機器を用いた初診を行った場合）,0.0
secondary_medical_area,39,3902,,中央,275,2024,111014210,初診料（情報通信機器を用いた初診を行った場合）,104.0
secondary_medical_area,39,3903,,高幡,276,2024,111014210,初診料（情報通信機器を用いた初診を行った場合）,0.0
secondary_medical_area,39,3904,,幡多,277,2024,111014210,初診料（情報通信機器を用いた初診を行った場合）,38.0
secondary_medical_area,40,4001,,福岡・糸島,278,2024,111014210,初診料（情報通信機器を用いた初診を行った場合）,1012.0
secondary_medical_area,40,4002,,粕屋,279,2024,111014210,初診料（情報通信機器を用いた初診を行った場合）,153.0
secondary_medical_area,40,4003,,宗像,280,2024,111014210,初診料（情報通信機器を用いた初診を行った場合）,
secondary_medical_area,40,4004,,筑紫,281,2024,111014210,初診料（情報通信機器を用いた初診を行った場合）,498.0
secondary_medical_area,40,4005,,朝倉,282,2024,111014210,初診料（情報通信機器を用いた初診を行った場合）,0.0
secondary_medical_area,40,4006,,久留米,283,2024,111014210,初診料（情報通信機器を用いた初診を行った場合）,2060.0
secondary_medical_area,40,4007,,八女・筑後,284,2024,111014210,初診料（情報通信機器を用いた初診を行った場合）,0.0
secondary_medical_area,40,4008,,有明,285,2024,111014210,初診料（情報通信機器を用いた初診を行った場合）,25.0
secondary_medical_area,40,4009,,飯塚,286,2024,111014210,初診料（情報通信機器を用いた初診を行った場合）,
secondary_medical_area,40,4010,,直方・鞍手,287,2024,111014210,初診料（情報通信機器を用いた初診を行った場合）,0.0
secondary_medical_area,40,4011,,田川,288,2024,111014210,初診料（情報通信機器を用いた初診を行った場合）,0.0
secondary_medical_area,40,4012,,北九州,289,2024,111014210,初診料（情報通信機器を用いた初診を行った場合）,248.0
secondary_medical_area,40,4013,,京築,290,2024,111014210,初診料（情報通信機器を用いた初診を行った場合）,0.0
secondary_medical_area,41,4101,,中部,291,2024,111014210,初診料（情報通信機器を用いた初診を行った場合）,
secondary_medical_area,41,4102,,東部,292,2024,111014210,初診料（情報通信機器を用いた初診を行った場合）,
secondary_medical_area,41,4103,,北部,293,2024,111014210,初診料（情報通信機器を用いた初診を行った場合）,
secondary_medical_area,41,4104,,西部,294,2024,111014210,初診料（情報通信機器を用いた初診を行った場合）,347.0
secondary_medical_area,41,4105,,南部,295,2024,111014210,初診料（情報通信機器を用いた初診を行った場合）,12.0
secondary_medical_area,42,4201,,長崎,296,2024,111014210,初診料（情報通信機器を用いた初診を行った場合）,42.0
secondary_medical_area,42,4202,,佐世保県北,297,2024,111014210,初診料（情報通信機器を用いた初診を行った場合）,53.0
secondary_medical_area,42,4203,,県央,298,2024,111014210,初診料（情報通信機器を用いた初診を行った場合）,
secondary_medical_area,42,4204,,県南,299,2024,111014210,初診料（情報通信機器を用いた初診を行った場合）,0.0
secondary_medical_area,42,4206,,五島,300,2024,111014210,初診料（情報通信機器を用いた初診を行った場合）,
secondary_medical_area,42,4207,,上五島,301,2024,111014210,初診料（情報通信機器を用いた初診を行った場合）,0.0
secondary_medical_area,42,4208,,壱岐,302,2024,111014210,初診料（情報通信機器を用いた初診を行った場合）,0.0
secondary_medical_area,42,4209,,対馬,303,2024,111014210,初診料（情報通信機器を用いた初診を行った場合）,0.0
secondary_medical_area,43,4302,,宇城,304,2024,111014210,初診料（情報通信機器を用いた初診を行った場合）,12.0
secondary_medical_area,43,4303,,有明,305,2024,111014210,初診料（情報通信機器を用いた初診を行った場合）,0.0
secondary_medical_area,43,4304,,鹿本,306,2024,111014210,初診料（情報通信機器を用いた初診を行った場合）,0.0
secondary_medical_area,43,4305,,菊池,307,2024,111014210,初診料（情報通信機器を用いた初診を行った場合）,0.0
secondary_medical_area,43,4306,,阿蘇,308,2024,111014210,初診料（情報通信機器を用いた初診を行った場合）,
secondary_medical_area,43,4308,,八代,309,2024,111014210,初診料（情報通信機器を用いた初診を行った場合）,
secondary_medical_area,43,4309,,芦北,310,2024,111014210,初診料（情報通信機器を用いた初診を行った場合）,
secondary_medical_area,43,4310,,球磨,311,2024,111014210,初診料（情報通信機器を用いた初診を行った場合）,0.0
secondary_medical_area,43,4311,,天草,312,2024,111014210,初診料（情報通信機器を用いた初診を行った場合）,22.0
secondary_medical_area,43,4312,,熊本・上益城,313,2024,111014210,初診料（情報通信機器を用いた初診を行った場合）,917.0
secondary_medical_area,44,4401,,東部,314,2024,111014210,初診料（情報通信機器を用いた初診を行った場合）,
secondary_medical_area,44,4403,,中部,315,2024,111014210,初診料（情報通信機器を用いた初診を行った場合）,77.0
secondary_medical_area,44,4405,,南部,316,2024,111014210,初診料（情報通信機器を用いた初診を行った場合）,
secondary_medical_area,44,4406,,豊肥,317,2024,111014210,初診料（情報通信機器を用いた初診を行った場合）,13.0
secondary_medical_area,44,4408,,西部,318,2024,111014210,初診料（情報通信機器を用いた初診を行った場合）,0.0
secondary_medical_area,44,4409,,北部,319,2024,111014210,初診料（情報通信機器を用いた初診を行った場合）,34.0
secondary_medical_area,45,4501,,宮崎東諸県,320,2024,111014210,初診料（情報通信機器を用いた初診を行った場合）,59.0
secondary_medical_area,45,4502,,都城北諸県,321,2024,111014210,初診料（情報通信機器を用いた初診を行った場合）,464.0
secondary_medical_area,45,4503,,延岡西臼杵,322,2024,111014210,初診料（情報通信機器を用いた初診を行った場合）,0.0
secondary_medical_area,45,4504,,日南串間,323,2024,111014210,初診料（情報通信機器を用いた初診を行った場合）,
secondary_medical_area,45,4505,,西諸,324,2024,111014210,初診料（情報通信機器を用いた初診を行った場合）,
secondary_medical_area,45,4506,,西都児湯,325,2024,111014210,初診料（情報通信機器を用いた初診を行った場合）,0.0
secondary_medical_area,45,4507,,日向入郷,326,2024,111014210,初診料（情報通信機器を用いた初診を行った場合）,0.0
secondary_medical_area,46,4601,,鹿児島,327,2024,111014210,初診料（情報通信機器を用いた初診を行った場合）,42.0
secondary_medical_area,46,4603,,南薩,328,2024,111014210,初診料（情報通信機器を用いた初診を行った場合）,
secondary_medical_area,46,4605,,川薩,329,2024,111014210,初診料（情報通信機器を用いた初診を行った場合）,0.0
secondary_medical_area,46,4606,,出水,330,2024,111014210,初診料（情報通信機器を用いた初診を行った場合）,
secondary_medical_area,46,4607,,姶良・伊佐,331,2024,111014210,初診料（情報通信機器を用いた初診を行った場合）,0.0
secondary_medical_area,46,4609,,曽於,332,2024,111014210,初診料（情報通信機器を用いた初診を行った場合）,0.0
secondary_medical_area,46,4610,,肝属,333,2024,111014210,初診料（情報通信機器を用いた初診を行った場合）,
secondary_medical_area,46,4611,,熊毛,334,2024,111014210,初診料（情報通信機器を用いた初診を行った場合）,
secondary_medical_area,46,4612,,奄美,335,2024,111014210,初診料（情報通信機器を用いた初診を行った場合）,13.0
secondary_medical_area,47,4701,,北部,336,2024,111014210,初診料（情報通信機器を用いた初診を行った場合）,862.0
secondary_medical_area,47,4702,,中部,337,2024,111014210,初診料（情報通信機器を用いた初診を行った場合）,2445.0
secondary_medical_area,47,4703,,南部,338,2024,111014210,初診料（情報通信機器を用いた初診を行った場合）,
secondary_medical_area,47,4704,,宮古,339,2024,111014210,初診料（情報通信機器を用いた初診を行った場合）,
secondary_medical_area,47,4705,,八重山,340,2024,111014210,初診料（情報通信機器を用いた初診を行った場合）,0.0
secondary_medical_area,01,0101,,南渡島,6,2024,112024210,再診料（一般病床２００床以上の病院を除く）（情報通信機器を用いた再診を行った場合）,694.0
secondary_medical_area,01,0102,,南檜山,7,2024,112024210,再診料（一般病床２００床以上の病院を除く）（情報通信機器を用いた再診を行った場合）,0.0
secondary_medical_area,01,0103,,北渡島檜山,8,2024,112024210,再診料（一般病床２００床以上の病院を除く）（情報通信機器を用いた再診を行った場合）,0.0
secondary_medical_area,01,0104,,札幌,9,2024,112024210,再診料（一般病床２００床以上の病院を除く）（情報通信機器を用いた再診を行った場合）,11002.0
secondary_medical_area,01,0105,,後志,10,2024,112024210,再診料（一般病床２００床以上の病院を除く）（情報通信機器を用いた再診を行った場合）,1086.0
secondary_medical_area,01,0106,,南空知,11,2024,112024210,再診料（一般病床２００床以上の病院を除く）（情報通信機器を用いた再診を行った場合）,135.0
secondary_medical_area,01,0107,,中空知,12,2024,112024210,再診料（一般病床２００床以上の病院を除く）（情報通信機器を用いた再診を行った場合）,857.0
secondary_medical_area,01,0108,,北空知,13,2024,112024210,再診料（一般病床２００床以上の病院を除く）（情報通信機器を用いた再診を行った場合）,52.0
secondary_medical_area,01,0109,,西胆振,14,2024,112024210,再診料（一般病床２００床以上の病院を除く）（情報通信機器を用いた再診を行った場合）,593.0
secondary_medical_area,01,0110,,東胆振,15,2024,112024210,再診料（一般病床２００床以上の病院を除く）（情報通信機器を用いた再診を行った場合）,68.0
secondary_medical_area,01,0111,,日高,16,2024,112024210,再診料（一般病床２００床以上の病院を除く）（情報通信機器を用いた再診を行った場合）,564.0
secondary_medical_area,01,0112,,上川中部,17,2024,112024210,再診料（一般病床２００床以上の病院を除く）（情報通信機器を用いた再診を行った場合）,409.0
secondary_medical_area,01,0113,,上川北部,18,2024,112024210,再診料（一般病床２００床以上の病院を除く）（情報通信機器を用いた再診を行った場合）,0.0
secondary_medical_area,01,0114,,富良野,19,2024,112024210,再診料（一般病床２００床以上の病院を除く）（情報通信機器を用いた再診を行った場合）,0.0
secondary_medical_area,01,0115,,留萌,20,2024,112024210,再診料（一般病床２００床以上の病院を除く）（情報通信機器を用いた再診を行った場合）,60.0
secondary_medical_area,01,0116,,宗谷,21,2024,112024210,再診料（一般病床２００床以上の病院を除く）（情報通信機器を用いた再診を行った場合）,12.0
secondary_medical_area,01,0117,,北網,22,2024,112024210,再診料（一般病床２００床以上の病院を除く）（情報通信機器を用いた再診を行った場合）,953.0
secondary_medical_area,01,0118,,遠紋,23,2024,112024210,再診料（一般病床２００床以上の病院を除く）（情報通信機器を用いた再診を行った場合）,54.0
secondary_medical_area,01,0119,,十勝,24,2024,112024210,再診料（一般病床２００床以上の病院を除く）（情報通信機器を用いた再診を行った場合）,955.0
secondary_medical_area,01,0120,,釧路,25,2024,112024210,再診料（一般病床２００床以上の病院を除く）（情報通信機器を用いた再診を行った場合）,1116.0
secondary_medical_area,01,0121,,根室,26,2024,112024210,再診料（一般病床２００床以上の病院を除く）（情報通信機器を用いた再診を行った場合）,961.0
secondary_medical_area,02,0201,,津軽地域,27,2024,112024210,再診料（一般病床２００床以上の病院を除く）（情報通信機器を用いた再診を行った場合）,515.0
secondary_medical_area,02,0202,,八戸地域,28,2024,112024210,再診料（一般病床２００床以上の病院を除く）（情報通信機器を用いた再診を行った場合）,1675.0
secondary_medical_area,02,0203,,青森地域,29,2024,112024210,再診料（一般病床２００床以上の病院を除く）（情報通信機器を用いた再診を行った場合）,96.0
secondary_medical_area,02,0204,,西北五地域,30,2024,112024210,再診料（一般病床２００床以上の病院を除く）（情報通信機器を用いた再診を行った場合）,383.0
secondary_medical_area,02,0205,,上十三地域,31,2024,112024210,再診料（一般病床２００床以上の病院を除く）（情報通信機器を用いた再診を行った場合）,89.0
secondary_medical_area,02,0206,,下北地域,32,2024,112024210,再診料（一般病床２００床以上の病院を除く）（情報通信機器を用いた再診を行った場合）,0.0
secondary_medical_area,03,0301,,盛岡,33,2024,112024210,再診料（一般病床２００床以上の病院を除く）（情報通信機器を用いた再診を行った場合）,1403.0
secondary_medical_area,03,0302,,岩手中部,34,2024,112024210,再診料（一般病床２００床以上の病院を除く）（情報通信機器を用いた再診を行った場合）,644.0
secondary_medical_area,03,0303,,胆江,35,2024,112024210,再診料（一般病床２００床以上の病院を除く）（情報通信機器を用いた再診を行った場合）,24.0
secondary_medical_area,03,0304,,両磐,36,2024,112024210,再診料（一般病床２００床以上の病院を除く）（情報通信機器を用いた再診を行った場合）,582.0
secondary_medical_area,03,0305,,気仙,37,2024,112024210,再診料（一般病床２００床以上の病院を除く）（情報通信機器を用いた再診を行った場合）,73.0
secondary_medical_area,03,0306,,釜石,38,2024,112024210,再診料（一般病床２００床以上の病院を除く）（情報通信機器を用いた再診を行った場合）,
secondary_medical_area,03,0307,,宮古,39,2024,112024210,再診料（一般病床２００床以上の病院を除く）（情報通信機器を用いた再診を行った場合）,1332.0
secondary_medical_area,03,0308,,久慈,40,2024,112024210,再診料（一般病床２００床以上の病院を除く）（情報通信機器を用いた再診を行った場合）,
secondary_medical_area,03,0309,,二戸,41,2024,112024210,再診料（一般病床２００床以上の病院を除く）（情報通信機器を用いた再診を行った場合）,205.0
secondary_medical_area,04,0401,,仙南,42,2024,112024210,再診料（一般病床２００床以上の病院を除く）（情報通信機器を用いた再診を行った場合）,1367.0
secondary_medical_area,04,0403,,仙台,43,2024,112024210,再診料（一般病床２００床以上の病院を除く）（情報通信機器を用いた再診を行った場合）,2437.0
secondary_medical_area,04,0406,,大崎・栗原,44,2024,112024210,再診料（一般病床２００床以上の病院を除く）（情報通信機器を用いた再診を行った場合）,1518.0
secondary_medical_area,04,0409,,石巻・登米・気仙沼,45,2024,112024210,再診料（一般病床２００床以上の病院を除く）（情報通信機器を用いた再診を行った場合）,328.0
secondary_medical_area,05,0501,,大館・鹿角,46,2024,112024210,再診料（一般病床２００床以上の病院を除く）（情報通信機器を用いた再診を行った場合）,78.0
secondary_medical_area,05,0502,,北秋田,47,2024,112024210,再診料（一般病床２００床以上の病院を除く）（情報通信機器を用いた再診を行った場合）,55.0
secondary_medical_area,05,0503,,能代・山本,48,2024,112024210,再診料（一般病床２００床以上の病院を除く）（情報通信機器を用いた再診を行った場合）,320.0
secondary_medical_area,05,0504,,秋田周辺,49,2024,112024210,再診料（一般病床２００床以上の病院を除く）（情報通信機器を用いた再診を行った場合）,442.0
secondary_medical_area,05,0505,,由利本荘・にかほ,50,2024,112024210,再診料（一般病床２００床以上の病院を除く）（情報通信機器を用いた再診を行った場合）,0.0
secondary_medical_area,05,0506,,大仙・仙北,51,2024,112024210,再診料（一般病床２００床以上の病院を除く）（情報通信機器を用いた再診を行った場合）,114.0
secondary_medical_area,05,0507,,横手,52,2024,112024210,再診料（一般病床２００床以上の病院を除く）（情報通信機器を用いた再診を行った場合）,301.0
secondary_medical_area,05,0508,,湯沢・雄勝,53,2024,112024210,再診料（一般病床２００床以上の病院を除く）（情報通信機器を用いた再診を行った場合）,0.0
secondary_medical_area,06,0601,,村山,54,2024,112024210,再診料（一般病床２００床以上の病院を除く）（情報通信機器を用いた再診を行った場合）,485.0
secondary_medical_area,06,0602,,最上,55,2024,112024210,再診料（一般病床２００床以上の病院を除く）（情報通信機器を用いた再診を行った場合）,26.0
secondary_medical_area,06,0603,,置賜,56,2024,112024210,再診料（一般病床２００床以上の病院を除く）（情報通信機器を用いた再診を行った場合）,155.0
secondary_medical_area,06,0604,,庄内,57,2024,112024210,再診料（一般病床２００床以上の病院を除く）（情報通信機器を用いた再診を行った場合）,5618.0
secondary_medical_area,07,0701,,県北,58,2024,112024210,再診料（一般病床２００床以上の病院を除く）（情報通信機器を用いた再診を行った場合）,1254.0
secondary_medical_area,07,0702,,県中,59,2024,112024210,再診料（一般病床２００床以上の病院を除く）（情報通信機器を用いた再診を行った場合）,3434.0
secondary_medical_area,07,0703,,県南,60,2024,112024210,再診料（一般病床２００床以上の病院を除く）（情報通信機器を用いた再診を行った場合）,324.0
secondary_medical_area,07,0706,,相双,61,2024,112024210,再診料（一般病床２００床以上の病院を除く）（情報通信機器を用いた再診を行った場合）,31.0
secondary_medical_area,07,0707,,いわき,62,2024,112024210,再診料（一般病床２００床以上の病院を除く）（情報通信機器を用いた再診を行った場合）,892.0
secondary_medical_area,07,0708,,会津・南会津,63,2024,112024210,再診料（一般病床２００床以上の病院を除く）（情報通信機器を用いた再診を行った場合）,35.0
secondary_medical_area,08,0801,,水戸,64,2024,112024210,再診料（一般病床２００床以上の病院を除く）（情報通信機器を用いた再診を行った場合）,2713.0
secondary_medical_area,08,0802,,日立,65,2024,112024210,再診料（一般病床２００床以上の病院を除く）（情報通信機器を用いた再診を行った場合）,132.0
secondary_medical_area,08,0803,,常陸太田・ひたちなか,66,2024,112024210,再診料（一般病床２００床以上の病院を除く）（情報通信機器を用いた再診を行った場合）,230.0
secondary_medical_area,08,0804,,鹿行,67,2024,112024210,再診料（一般病床２００床以上の病院を除く）（情報通信機器を用いた再診を行った場合）,427.0
secondary_medical_area,08,0805,,土浦,68,2024,112024210,再診料（一般病床２００床以上の病院を除く）（情報通信機器を用いた再診を行った場合）,1778.0
secondary_medical_area,08,0806,,つくば,69,2024,112024210,再診料（一般病床２００床以上の病院を除く）（情報通信機器を用いた再診を行った場合）,1914.0
secondary_medical_area,08,0807,,取手・竜ヶ崎,70,2024,112024210,再診料（一般病床２００床以上の病院を除く）（情報通信機器を用いた再診を行った場合）,1315.0
secondary_medical_area,08,0808,,筑西・下妻,71,2024,112024210,再診料（一般病床２００床以上の病院を除く）（情報通信機器を用いた再診を行った場合）,810.0
secondary_medical_area,08,0809,,古河・坂東,72,2024,112024210,再診料（一般病床２００床以上の病院を除く）（情報通信機器を用いた再診を行った場合）,16.0
secondary_medical_area,09,0901,,県北,73,2024,112024210,再診料（一般病床２００床以上の病院を除く）（情報通信機器を用いた再診を行った場合）,2020.0
secondary_medical_area,09,0902,,県西,74,2024,112024210,再診料（一般病床２００床以上の病院を除く）（情報通信機器を用いた再診を行った場合）,40.0
secondary_medical_area,09,0903,,宇都宮,75,2024,112024210,再診料（一般病床２００床以上の病院を除く）（情報通信機器を用いた再診を行った場合）,4154.0
secondary_medical_area,09,0904,,県東,76,2024,112024210,再診料（一般病床２００床以上の病院を除く）（情報通信機器を用いた再診を行った場合）,17.0
secondary_medical_area,09,0905,,県南,77,2024,112024210,再診料（一般病床２００床以上の病院を除く）（情報通信機器を用いた再診を行った場合）,2326.0
secondary_medical_area,09,0906,,両毛,78,2024,112024210,再診料（一般病床２００床以上の病院を除く）（情報通信機器を用いた再診を行った場合）,204.0
secondary_medical_area,10,1001,,前橋,79,2024,112024210,再診料（一般病床２００床以上の病院を除く）（情報通信機器を用いた再診を行った場合）,1168.0
secondary_medical_area,10,1002,,渋川,80,2024,112024210,再診料（一般病床２００床以上の病院を除く）（情報通信機器を用いた再診を行った場合）,
secondary_medical_area,10,1003,,伊勢崎,81,2024,112024210,再診料（一般病床２００床以上の病院を除く）（情報通信機器を用いた再診を行った場合）,61.0
secondary_medical_area,10,1004,,高崎・安中,82,2024,112024210,再診料（一般病床２００床以上の病院を除く）（情報通信機器を用いた再診を行った場合）,2135.0
secondary_medical_area,10,1005,,藤岡,83,2024,112024210,再診料（一般病床２００床以上の病院を除く）（情報通信機器を用いた再診を行った場合）,125.0
secondary_medical_area,10,1006,,富岡,84,2024,112024210,再診料（一般病床２００床以上の病院を除く）（情報通信機器を用いた再診を行った場合）,632.0
secondary_medical_area,10,1007,,吾妻,85,2024,112024210,再診料（一般病床２００床以上の病院を除く）（情報通信機器を用いた再診を行った場合）,
secondary_medical_area,10,1008,,沼田,86,2024,112024210,再診料（一般病床２００床以上の病院を除く）（情報通信機器を用いた再診を行った場合）,0.0
secondary_medical_area,10,1009,,桐生,87,2024,112024210,再診料（一般病床２００床以上の病院を除く）（情報通信機器を用いた再診を行った場合）,
secondary_medical_area,10,1010,,太田・館林,88,2024,112024210,再診料（一般病床２００床以上の病院を除く）（情報通信機器を用いた再診を行った場合）,1187.0
secondary_medical_area,11,1101,,南部,89,2024,112024210,再診料（一般病床２００床以上の病院を除く）（情報通信機器を用いた再診を行った場合）,7804.0
secondary_medical_area,11,1102,,南西部,90,2024,112024210,再診料（一般病床２００床以上の病院を除く）（情報通信機器を用いた再診を行った場合）,6122.0
secondary_medical_area,11,1103,,東部,91,2024,112024210,再診料（一般病床２００床以上の病院を除く）（情報通信機器を用いた再診を行った場合）,6518.0
secondary_medical_area,11,1104,,さいたま,92,2024,112024210,再診料（一般病床２００床以上の病院を除く）（情報通信機器を用いた再診を行った場合）,7371.0
secondary_medical_area,11,1105,,県央,93,2024,112024210,再診料（一般病床２００床以上の病院を除く）（情報通信機器を用いた再診を行った場合）,740.0
secondary_medical_area,11,1106,,川越比企,94,2024,112024210,再診料（一般病床２００床以上の病院を除く）（情報通信機器を用いた再診を行った場合）,1423.0
secondary_medical_area,11,1107,,西部,95,2024,112024210,再診料（一般病床２００床以上の病院を除く）（情報通信機器を用いた再診を行った場合）,2934.0
secondary_medical_area,11,1108,,利根,96,2024,112024210,再診料（一般病床２００床以上の病院を除く）（情報通信機器を用いた再診を行った場合）,1292.0
secondary_medical_area,11,1109,,北部,97,2024,112024210,再診料（一般病床２００床以上の病院を除く）（情報通信機器を用いた再診を行った場合）,733.0
secondary_medical_area,11,1110,,秩父,98,2024,112024210,再診料（一般病床２００床以上の病院を除く）（情報通信機器を用いた再診を行った場合）,29.0
secondary_medical_area,12,1201,,千葉,99,2024,112024210,再診料（一般病床２００床以上の病院を除く）（情報通信機器を用いた再診を行った場合）,12655.0
secondary_medical_area,12,1202,,東葛南部,100,2024,112024210,再診料（一般病床２００床以上の病院を除く）（情報通信機器を用いた再診を行った場合）,9021.0
secondary_medical_area,12,1203,,東葛北部,101,2024,112024210,再診料（一般病床２００床以上の病院を除く）（情報通信機器を用いた再診を行った場合）,5158.0
secondary_medical_area,12,1204,,印旛,102,2024,112024210,再診料（一般病床２００床以上の病院を除く）（情報通信機器を用いた再診を行った場合）,2428.0
secondary_medical_area,12,1205,,香取海匝,103,2024,112024210,再診料（一般病床２００床以上の病院を除く）（情報通信機器を用いた再診を行った場合）,153.0
secondary_medical_area,12,1206,,山武長生夷隅,104,2024,112024210,再診料（一般病床２００床以上の病院を除く）（情報通信機器を用いた再診を行った場合）,216.0
secondary_medical_area,12,1207,,安房,105,2024,112024210,再診料（一般病床２００床以上の病院を除く）（情報通信機器を用いた再診を行った場合）,110.0
secondary_medical_area,12,1208,,君津,106,2024,112024210,再診料（一般病床２００床以上の病院を除く）（情報通信機器を用いた再診を行った場合）,517.0
secondary_medical_area,12,1209,,市原,107,2024,112024210,再診料（一般病床２００床以上の病院を除く）（情報通信機器を用いた再診を行った場合）,860.0
secondary_medical_area,13,1301,,区中央部,108,2024,112024210,再診料（一般病床２００床以上の病院を除く）（情報通信機器を用いた再診を行った場合）,365942.0
secondary_medical_area,13,1302,,区南部,109,2024,112024210,再診料（一般病床２００床以上の病院を除く）（情報通信機器を用いた再診を行った場合）,12130.0
secondary_medical_area,13,1303,,区西南部,110,2024,112024210,再診料（一般病床２００床以上の病院を除く）（情報通信機器を用いた再診を行った場合）,55025.0
secondary_medical_area,13,1304,,区西部,111,2024,112024210,再診料（一般病床２００床以上の病院を除く）（情報通信機器を用いた再診を行った場合）,114862.0
secondary_medical_area,13,1305,,区西北部,112,2024,112024210,再診料（一般病床２００床以上の病院を除く）（情報通信機器を用いた再診を行った場合）,21832.0
secondary_medical_area,13,1306,,区東北部,113,2024,112024210,再診料（一般病床２００床以上の病院を除く）（情報通信機器を用いた再診を行った場合）,10142.0
secondary_medical_area,13,1307,,区東部,114,2024,112024210,再診料（一般病床２００床以上の病院を除く）（情報通信機器を用いた再診を行った場合）,11213.0
secondary_medical_area,13,1308,,西多摩,115,2024,112024210,再診料（一般病床２００床以上の病院を除く）（情報通信機器を用いた再診を行った場合）,371.0
secondary_medical_area,13,1309,,南多摩,116,2024,112024210,再診料（一般病床２００床以上の病院を除く）（情報通信機器を用いた再診を行った場合）,6450.0
secondary_medical_area,13,1310,,北多摩西部,117,2024,112024210,再診料（一般病床２００床以上の病院を除く）（情報通信機器を用いた再診を行った場合）,2490.0
secondary_medical_area,13,1311,,北多摩南部,118,2024,112024210,再診料（一般病床２００床以上の病院を除く）（情報通信機器を用いた再診を行った場合）,4724.0
secondary_medical_area,13,1312,,北多摩北部,119,2024,112024210,再診料（一般病床２００床以上の病院を除く）（情報通信機器を用いた再診を行った場合）,3548.0
secondary_medical_area,13,1313,,島しょ,120,2024,112024210,再診料（一般病床２００床以上の病院を除く）（情報通信機器を用いた再診を行った場合）,0.0
secondary_medical_area,14,1404,,川崎北部,121,2024,112024210,再診料（一般病床２００床以上の病院を除く）（情報通信機器を用いた再診を行った場合）,2861.0
secondary_medical_area,14,1405,,川崎南部,122,2024,112024210,再診料（一般病床２００床以上の病院を除く）（情報通信機器を用いた再診を行った場合）,2861.0
secondary_medical_area,14,1406,,横須賀・三浦,123,2024,112024210,再診料（一般病床２００床以上の病院を除く）（情報通信機器を用いた再診を行った場合）,2550.0
secondary_medical_area,14,1407,,湘南東部,124,2024,112024210,再診料（一般病床２００床以上の病院を除く）（情報通信機器を用いた再診を行った場合）,6442.0
secondary_medical_area,14,1408,,湘南西部,125,2024,112024210,再診料（一般病床２００床以上の病院を除く）（情報通信機器を用いた再診を行った場合）,2934.0
secondary_medical_area,14,1409,,県央,126,2024,112024210,再診料（一般病床２００床以上の病院を除く）（情報通信機器を用いた再診を行った場合）,4429.0
secondary_medical_area,14,1410,,相模原,127,2024,112024210,再診料（一般病床２００床以上の病院を除く）（情報通信機器を用いた再診を行った場合）,17123.0
secondary_medical_area,14,1411,,県西,128,2024,112024210,再診料（一般病床２００床以上の病院を除く）（情報通信機器を用いた再診を行った場合）,878.0
secondary_medical_area,14,1412,,横浜,129,2024,112024210,再診料（一般病床２００床以上の病院を除く）（情報通信機器を用いた再診を行った場合）,32482.0
secondary_medical_area,15,1501,,下越,130,2024,112024210,再診料（一般病床２００床以上の病院を除く）（情報通信機器を用いた再診を行った場合）,49.0
secondary_medical_area,15,1502,,新潟,131,2024,112024210,再診料（一般病床２００床以上の病院を除く）（情報通信機器を用いた再診を行った場合）,998.0
secondary_medical_area,15,1503,,県央,132,2024,112024210,再診料（一般病床２００床以上の病院を除く）（情報通信機器を用いた再診を行った場合）,342.0
secondary_medical_area,15,1504,,中越,133,2024,112024210,再診料（一般病床２００床以上の病院を除く）（情報通信機器を用いた再診を行った場合）,1010.0
secondary_medical_area,15,1505,,魚沼,134,2024,112024210,再診料（一般病床２００床以上の病院を除く）（情報通信機器を用いた再診を行った場合）,715.0
secondary_medical_area,15,1506,,上越,135,2024,112024210,再診料（一般病床２００床以上の病院を除く）（情報通信機器を用いた再診を行った場合）,532.0
secondary_medical_area,15,1507,,佐渡,136,2024,112024210,再診料（一般病床２００床以上の病院を除く）（情報通信機器を用いた再診を行った場合）,103.0
secondary_medical_area,16,1601,,新川,137,2024,112024210,再診料（一般病床２００床以上の病院を除く）（情報通信機器を用いた再診を行った場合）,15.0
secondary_medical_area,16,1602,,富山,138,2024,112024210,再診料（一般病床２００床以上の病院を除く）（情報通信機器を用いた再診を行った場合）,1866.0
secondary_medical_area,16,1603,,高岡,139,2024,112024210,再診料（一般病床２００床以上の病院を除く）（情報通信機器を用いた再診を行った場合）,1248.0
secondary_medical_area,16,1604,,砺波,140,2024,112024210,再診料（一般病床２００床以上の病院を除く）（情報通信機器を用いた再診を行った場合）,31.0
secondary_medical_area,17,1701,,南加賀,141,2024,112024210,再診料（一般病床２００床以上の病院を除く）（情報通信機器を用いた再診を行った場合）,316.0
secondary_medical_area,17,1702,,石川中央,142,2024,112024210,再診料（一般病床２００床以上の病院を除く）（情報通信機器を用いた再診を行った場合）,3411.0
secondary_medical_area,17,1703,,能登中部,143,2024,112024210,再診料（一般病床２００床以上の病院を除く）（情報通信機器を用いた再診を行った場合）,1248.0
secondary_medical_area,17,1704,,能登北部,144,2024,112024210,再診料（一般病床２００床以上の病院を除く）（情報通信機器を用いた再診を行った場合）,224.0
secondary_medical_area,18,1801,,福井・坂井,145,2024,112024210,再診料（一般病床２００床以上の病院を除く）（情報通信機器を用いた再診を行った場合）,4244.0
secondary_medical_area,18,1802,,奥越,146,2024,112024210,再診料（一般病床２００床以上の病院を除く）（情報通信機器を用いた再診を行った場合）,17.0
secondary_medical_area,18,1803,,丹南,147,2024,112024210,再診料（一般病床２００床以上の病院を除く）（情報通信機器を用いた再診を行った場合）,84.0
secondary_medical_area,18,1804,,嶺南,148,2024,112024210,再診料（一般病床２００床以上の病院を除く）（情報通信機器を用いた再診を行った場合）,79.0
secondary_medical_area,19,1901,,中北,149,2024,112024210,再診料（一般病床２００床以上の病院を除く）（情報通信機器を用いた再診を行った場合）,612.0
secondary_medical_area,19,1902,,峡東,150,2024,112024210,再診料（一般病床２００床以上の病院を除く）（情報通信機器を用いた再診を行った場合）,301.0
secondary_medical_area,19,1903,,峡南,151,2024,112024210,再診料（一般病床２００床以上の病院を除く）（情報通信機器を用いた再診を行った場合）,0.0
secondary_medical_area,19,1904,,富士・東部,152,2024,112024210,再診料（一般病床２００床以上の病院を除く）（情報通信機器を用いた再診を行った場合）,1480.0
secondary_medical_area,20,2001,,佐久,153,2024,112024210,再診料（一般病床２００床以上の病院を除く）（情報通信機器を用いた再診を行った場合）,718.0
secondary_medical_area,20,2002,,上小,154,2024,112024210,再診料（一般病床２００床以上の病院を除く）（情報通信機器を用いた再診を行った場合）,85.0
secondary_medical_area,20,2003,,諏訪,155,2024,112024210,再診料（一般病床２００床以上の病院を除く）（情報通信機器を用いた再診を行った場合）,437.0
secondary_medical_area,20,2004,,上伊那,156,2024,112024210,再診料（一般病床２００床以上の病院を除く）（情報通信機器を用いた再診を行った場合）,89.0
secondary_medical_area,20,2005,,飯伊,157,2024,112024210,再診料（一般病床２００床以上の病院を除く）（情報通信機器を用いた再診を行った場合）,133.0
secondary_medical_area,20,2006,,木曽,158,2024,112024210,再診料（一般病床２００床以上の病院を除く）（情報通信機器を用いた再診を行った場合）,
secondary_medical_area,20,2007,,松本,159,2024,112024210,再診料（一般病床２００床以上の病院を除く）（情報通信機器を用いた再診を行った場合）,437.0
secondary_medical_area,20,2008,,大北,160,2024,112024210,再診料（一般病床２００床以上の病院を除く）（情報通信機器を用いた再診を行った場合）,
secondary_medical_area,20,2009,,長野,161,2024,112024210,再診料（一般病床２００床以上の病院を除く）（情報通信機器を用いた再診を行った場合）,2383.0
secondary_medical_area,20,2010,,北信,162,2024,112024210,再診料（一般病床２００床以上の病院を除く）（情報通信機器を用いた再診を行った場合）,0.0
secondary_medical_area,21,2101,,岐阜,163,2024,112024210,再診料（一般病床２００床以上の病院を除く）（情報通信機器を用いた再診を行った場合）,4686.0
secondary_medical_area,21,2102,,西濃,164,2024,112024210,再診料（一般病床２００床以上の病院を除く）（情報通信機器を用いた再診を行った場合）,288.0
secondary_medical_area,21,2103,,中濃,165,2024,112024210,再診料（一般病床２００床以上の病院を除く）（情報通信機器を用いた再診を行った場合）,743.0
secondary_medical_area,21,2104,,東濃,166,2024,112024210,再診料（一般病床２００床以上の病院を除く）（情報通信機器を用いた再診を行った場合）,94.0
secondary_medical_area,21,2105,,飛騨,167,2024,112024210,再診料（一般病床２００床以上の病院を除く）（情報通信機器を用いた再診を行った場合）,25.0
secondary_medical_area,22,2201,,賀茂,168,2024,112024210,再診料（一般病床２００床以上の病院を除く）（情報通信機器を用いた再診を行った場合）,476.0
secondary_medical_area,22,2202,,熱海伊東,169,2024,112024210,再診料（一般病床２００床以上の病院を除く）（情報通信機器を用いた再診を行った場合）,82.0
secondary_medical_area,22,2203,,駿東田方,170,2024,112024210,再診料（一般病床２００床以上の病院を除く）（情報通信機器を用いた再診を行った場合）,984.0
secondary_medical_area,22,2204,,富士,171,2024,112024210,再診料（一般病床２００床以上の病院を除く）（情報通信機器を用いた再診を行った場合）,161.0
secondary_medical_area,22,2205,,静岡,172,2024,112024210,再診料（一般病床２００床以上の病院を除く）（情報通信機器を用いた再診を行った場合）,2631.0
secondary_medical_area,22,2206,,志太榛原,173,2024,112024210,再診料（一般病床２００床以上の病院を除く）（情報通信機器を用いた再診を行った場合）,745.0
secondary_medical_area,22,2207,,中東遠,174,2024,112024210,再診料（一般病床２００床以上の病院を除く）（情報通信機器を用いた再診を行った場合）,798.0
secondary_medical_area,22,2208,,西部,175,2024,112024210,再診料（一般病床２００床以上の病院を除く）（情報通信機器を用いた再診を行った場合）,1418.0
secondary_medical_area,23,2302,,海部,176,2024,112024210,再診料（一般病床２００床以上の病院を除く）（情報通信機器を用いた再診を行った場合）,560.0
secondary_medical_area,23,2304,,尾張東部,177,2024,112024210,再診料（一般病床２００床以上の病院を除く）（情報通信機器を用いた再診を行った場合）,362.0
secondary_medical_area,23,2305,,尾張西部,178,2024,112024210,再診料（一般病床２００床以上の病院を除く）（情報通信機器を用いた再診を行った場合）,977.0
secondary_medical_area,23,2306,,尾張北部,179,2024,112024210,再診料（一般病床２００床以上の病院を除く）（情報通信機器を用いた再診を行った場合）,1025.0
secondary_medical_area,23,2307,,知多半島,180,2024,112024210,再診料（一般病床２００床以上の病院を除く）（情報通信機器を用いた再診を行った場合）,481.0
secondary_medical_area,23,2308,,西三河北部,181,2024,112024210,再診料（一般病床２００床以上の病院を除く）（情報通信機器を用いた再診を行った場合）,520.0
secondary_medical_area,23,2309,,西三河南部西,182,2024,112024210,再診料（一般病床２００床以上の病院を除く）（情報通信機器を用いた再診を行った場合）,1531.0
secondary_medical_area,23,2310,,西三河南部東,183,2024,112024210,再診料（一般病床２００床以上の病院を除く）（情報通信機器を用いた再診を行った場合）,405.0
secondary_medical_area,23,2311,,東三河北部,184,2024,112024210,再診料（一般病床２００床以上の病院を除く）（情報通信機器を用いた再診を行った場合）,211.0
secondary_medical_area,23,2312,,東三河南部,185,2024,112024210,再診料（一般病床２００床以上の病院を除く）（情報通信機器を用いた再診を行った場合）,1052.0
secondary_medical_area,23,2313,,名古屋・尾張中部,186,2024,112024210,再診料（一般病床２００床以上の病院を除く）（情報通信機器を用いた再診を行った場合）,54630.0
secondary_medical_area,24,2401,,北勢,187,2024,112024210,再診料（一般病床２００床以上の病院を除く）（情報通信機器を用いた再診を行った場合）,2106.0
secondary_medical_area,24,2402,,中勢伊賀,188,2024,112024210,再診料（一般病床２００床以上の病院を除く）（情報通信機器を用いた再診を行った場合）,1815.0
secondary_medical_area,24,2403,,南勢志摩,189,2024,112024210,再診料（一般病床２００床以上の病院を除く）（情報通信機器を用いた再診を行った場合）,825.0
secondary_medical_area,24,2404,,東紀州,190,2024,112024210,再診料（一般病床２００床以上の病院を除く）（情報通信機器を用いた再診を行った場合）,513.0
secondary_medical_area,25,2501,,大津,191,2024,112024210,再診料（一般病床２００床以上の病院を除く）（情報通信機器を用いた再診を行った場合）,715.0
secondary_medical_area,25,2502,,湖南,192,2024,112024210,再診料（一般病床２００床以上の病院を除く）（情報通信機器を用いた再診を行った場合）,1120.0
secondary_medical_area,25,2503,,甲賀,193,2024,112024210,再診料（一般病床２００床以上の病院を除く）（情報通信機器を用いた再診を行った場合）,17.0
secondary_medical_area,25,2504,,東近江,194,2024,112024210,再診料（一般病床２００床以上の病院を除く）（情報通信機器を用いた再診を行った場合）,78.0
secondary_medical_area,25,2505,,湖東,195,2024,112024210,再診料（一般病床２００床以上の病院を除く）（情報通信機器を用いた再診を行った場合）,101.0
secondary_medical_area,25,2506,,湖北,196,2024,112024210,再診料（一般病床２００床以上の病院を除く）（情報通信機器を用いた再診を行った場合）,1012.0
secondary_medical_area,25,2507,,湖西,197,2024,112024210,再診料（一般病床２００床以上の病院を除く）（情報通信機器を用いた再診を行った場合）,159.0
secondary_medical_area,26,2601,,丹後,198,2024,112024210,再診料（一般病床２００床以上の病院を除く）（情報通信機器を用いた再診を行った場合）,116.0
secondary_medical_area,26,2602,,中丹,199,2024,112024210,再診料（一般病床２００床以上の病院を除く）（情報通信機器を用いた再診を行った場合）,224.0
secondary_medical_area,26,2603,,南丹,200,2024,112024210,再診料（一般病床２００床以上の病院を除く）（情報通信機器を用いた再診を行った場合）,71.0
secondary_medical_area,26,2604,,京都・乙訓,201,2024,112024210,再診料（一般病床２００床以上の病院を除く）（情報通信機器を用いた再診を行った場合）,6529.0
secondary_medical_area,26,2605,,山城北,202,2024,112024210,再診料（一般病床２００床以上の病院を除く）（情報通信機器を用いた再診を行った場合）,760.0
secondary_medical_area,26,2606,,山城南,203,2024,112024210,再診料（一般病床２００床以上の病院を除く）（情報通信機器を用いた再診を行った場合）,281.0
secondary_medical_area,27,2701,,豊能,204,2024,112024210,再診料（一般病床２００床以上の病院を除く）（情報通信機器を用いた再診を行った場合）,4600.0
secondary_medical_area,27,2702,,三島,205,2024,112024210,再診料（一般病床２００床以上の病院を除く）（情報通信機器を用いた再診を行った場合）,4921.0
secondary_medical_area,27,2703,,北河内,206,2024,112024210,再診料（一般病床２００床以上の病院を除く）（情報通信機器を用いた再診を行った場合）,5843.0
secondary_medical_area,27,2704,,中河内,207,2024,112024210,再診料（一般病床２００床以上の病院を除く）（情報通信機器を用いた再診を行った場合）,1416.0
secondary_medical_area,27,2705,,南河内,208,2024,112024210,再診料（一般病床２００床以上の病院を除く）（情報通信機器を用いた再診を行った場合）,861.0
secondary_medical_area,27,2706,,堺市,209,2024,112024210,再診料（一般病床２００床以上の病院を除く）（情報通信機器を用いた再診を行った場合）,6258.0
secondary_medical_area,27,2707,,泉州,210,2024,112024210,再診料（一般病床２００床以上の病院を除く）（情報通信機器を用いた再診を行った場合）,3811.0
secondary_medical_area,27,2708,,大阪市,211,2024,112024210,再診料（一般病床２００床以上の病院を除く）（情報通信機器を用いた再診を行った場合）,36772.0
secondary_medical_area,28,2801,,神戸,212,2024,112024210,再診料（一般病床２００床以上の病院を除く）（情報通信機器を用いた再診を行った場合）,13195.0
secondary_medical_area,28,2804,,東播磨,213,2024,112024210,再診料（一般病床２００床以上の病院を除く）（情報通信機器を用いた再診を行った場合）,3411.0
secondary_medical_area,28,2805,,北播磨,214,2024,112024210,再診料（一般病床２００床以上の病院を除く）（情報通信機器を用いた再診を行った場合）,286.0
secondary_medical_area,28,2808,,但馬,215,2024,112024210,再診料（一般病床２００床以上の病院を除く）（情報通信機器を用いた再診を行った場合）,310.0
secondary_medical_area,28,2809,,丹波,216,2024,112024210,再診料（一般病床２００床以上の病院を除く）（情報通信機器を用いた再診を行った場合）,0.0
secondary_medical_area,28,2810,,淡路,217,2024,112024210,再診料（一般病床２００床以上の病院を除く）（情報通信機器を用いた再診を行った場合）,52.0
secondary_medical_area,28,2811,,阪神,218,2024,112024210,再診料（一般病床２００床以上の病院を除く）（情報通信機器を用いた再診を行った場合）,13415.0
secondary_medical_area,28,2812,,播磨姫路,219,2024,112024210,再診料（一般病床２００床以上の病院を除く）（情報通信機器を用いた再診を行った場合）,1553.0
secondary_medical_area,29,2901,,奈良,220,2024,112024210,再診料（一般病床２００床以上の病院を除く）（情報通信機器を用いた再診を行った場合）,1686.0
secondary_medical_area,29,2902,,東和,221,2024,112024210,再診料（一般病床２００床以上の病院を除く）（情報通信機器を用いた再診を行った場合）,1214.0
secondary_medical_area,29,2903,,西和,222,2024,112024210,再診料（一般病床２００床以上の病院を除く）（情報通信機器を用いた再診を行った場合）,500.0
secondary_medical_area,29,2904,,中和,223,2024,112024210,再診料（一般病床２００床以上の病院を除く）（情報通信機器を用いた再診を行った場合）,299.0
secondary_medical_area,29,2905,,南和,224,2024,112024210,再診料（一般病床２００床以上の病院を除く）（情報通信機器を用いた再診を行った場合）,0.0
secondary_medical_area,30,3001,,和歌山,225,2024,112024210,再診料（一般病床２００床以上の病院を除く）（情報通信機器を用いた再診を行った場合）,548.0
secondary_medical_area,30,3002,,那賀,226,2024,112024210,再診料（一般病床２００床以上の病院を除く）（情報通信機器を用いた再診を行った場合）,368.0
secondary_medical_area,30,3003,,橋本,227,2024,112024210,再診料（一般病床２００床以上の病院を除く）（情報通信機器を用いた再診を行った場合）,
secondary_medical_area,30,3004,,有田,228,2024,112024210,再診料（一般病床２００床以上の病院を除く）（情報通信機器を用いた再診を行った場合）,25.0
secondary_medical_area,30,3005,,御坊,229,2024,112024210,再診料（一般病床２００床以上の病院を除く）（情報通信機器を用いた再診を行った場合）,13.0
secondary_medical_area,30,3006,,田辺,230,2024,112024210,再診料（一般病床２００床以上の病院を除く）（情報通信機器を用いた再診を行った場合）,92.0
secondary_medical_area,30,3007,,新宮,231,2024,112024210,再診料（一般病床２００床以上の病院を除く）（情報通信機器を用いた再診を行った場合）,
secondary_medical_area,31,3101,,東部,232,2024,112024210,再診料（一般病床２００床以上の病院を除く）（情報通信機器を用いた再診を行った場合）,218.0
secondary_medical_area,31,3102,,中部,233,2024,112024210,再診料（一般病床２００床以上の病院を除く）（情報通信機器を用いた再診を行った場合）,264.0
secondary_medical_area,31,3103,,西部,234,2024,112024210,再診料（一般病床２００床以上の病院を除く）（情報通信機器を用いた再診を行った場合）,105.0
secondary_medical_area,32,3201,,松江,235,2024,112024210,再診料（一般病床２００床以上の病院を除く）（情報通信機器を用いた再診を行った場合）,379.0
secondary_medical_area,32,3202,,雲南,236,2024,112024210,再診料（一般病床２００床以上の病院を除く）（情報通信機器を用いた再診を行った場合）,
secondary_medical_area,32,3203,,出雲,237,2024,112024210,再診料（一般病床２００床以上の病院を除く）（情報通信機器を用いた再診を行った場合）,7875.0
secondary_medical_area,32,3204,,大田,238,2024,112024210,再診料（一般病床２００床以上の病院を除く）（情報通信機器を用いた再診を行った場合）,230.0
secondary_medical_area,32,3205,,浜田,239,2024,112024210,再診料（一般病床２００床以上の病院を除く）（情報通信機器を用いた再診を行った場合）,
secondary_medical_area,32,3206,,益田,240,2024,112024210,再診料（一般病床２００床以上の病院を除く）（情報通信機器を用いた再診を行った場合）,127.0
secondary_medical_area,32,3207,,隠岐,241,2024,112024210,再診料（一般病床２００床以上の病院を除く）（情報通信機器を用いた再診を行った場合）,0.0
secondary_medical_area,33,3301,,県南東部,242,2024,112024210,再診料（一般病床２００床以上の病院を除く）（情報通信機器を用いた再診を行った場合）,2452.0
secondary_medical_area,33,3302,,県南西部,243,2024,112024210,再診料（一般病床２００床以上の病院を除く）（情報通信機器を用いた再診を行った場合）,667.0
secondary_medical_area,33,3303,,高梁・新見,244,2024,112024210,再診料（一般病床２００床以上の病院を除く）（情報通信機器を用いた再診を行った場合）,
secondary_medical_area,33,3304,,真庭,245,2024,112024210,再診料（一般病床２００床以上の病院を除く）（情報通信機器を用いた再診を行った場合）,
secondary_medical_area,33,3305,,津山・英田,246,2024,112024210,再診料（一般病床２００床以上の病院を除く）（情報通信機器を用いた再診を行った場合）,100.0
secondary_medical_area,34,3401,,広島,247,2024,112024210,再診料（一般病床２００床以上の病院を除く）（情報通信機器を用いた再診を行った場合）,5456.0
secondary_medical_area,34,3402,,広島西,248,2024,112024210,再診料（一般病床２００床以上の病院を除く）（情報通信機器を用いた再診を行った場合）,1091.0
secondary_medical_area,34,3403,,呉,249,2024,112024210,再診料（一般病床２００床以上の病院を除く）（情報通信機器を用いた再診を行った場合）,177.0
secondary_medical_area,34,3404,,広島中央,250,2024,112024210,再診料（一般病床２００床以上の病院を除く）（情報通信機器を用いた再診を行った場合）,264.0
secondary_medical_area,34,3405,,尾三,251,2024,112024210,再診料（一般病床２００床以上の病院を除く）（情報通信機器を用いた再診を行った場合）,71.0
secondary_medical_area,34,3406,,福山・府中,252,2024,112024210,再診料（一般病床２００床以上の病院を除く）（情報通信機器を用いた再診を行った場合）,818.0
secondary_medical_area,34,3407,,備北,253,2024,112024210,再診料（一般病床２００床以上の病院を除く）（情報通信機器を用いた再診を行った場合）,46.0
secondary_medical_area,35,3501,,岩国,254,2024,112024210,再診料（一般病床２００床以上の病院を除く）（情報通信機器を用いた再診を行った場合）,179.0
secondary_medical_area,35,3502,,柳井,255,2024,112024210,再診料（一般病床２００床以上の病院を除く）（情報通信機器を用いた再診を行った場合）,117.0
secondary_medical_area,35,3503,,周南,256,2024,112024210,再診料（一般病床２００床以上の病院を除く）（情報通信機器を用いた再診を行った場合）,431.0
secondary_medical_area,35,3504,,山口・防府,257,2024,112024210,再診料（一般病床２００床以上の病院を除く）（情報通信機器を用いた再診を行った場合）,204.0
secondary_medical_area,35,3505,,宇部・小野田,258,2024,112024210,再診料（一般病床２００床以上の病院を除く）（情報通信機器を用いた再診を行った場合）,400.0
secondary_medical_area,35,3506,,下関,259,2024,112024210,再診料（一般病床２００床以上の病院を除く）（情報通信機器を用いた再診を行った場合）,194.0
secondary_medical_area,35,3507,,長門,260,2024,112024210,再診料（一般病床２００床以上の病院を除く）（情報通信機器を用いた再診を行った場合）,
secondary_medical_area,35,3508,,萩,261,2024,112024210,再診料（一般病床２００床以上の病院を除く）（情報通信機器を用いた再診を行った場合）,
secondary_medical_area,36,3601,,東部,262,2024,112024210,再診料（一般病床２００床以上の病院を除く）（情報通信機器を用いた再診を行った場合）,1094.0
secondary_medical_area,36,3603,,南部,263,2024,112024210,再診料（一般病床２００床以上の病院を除く）（情報通信機器を用いた再診を行った場合）,152.0
secondary_medical_area,36,3605,,西部,264,2024,112024210,再診料（一般病床２００床以上の病院を除く）（情報通信機器を用いた再診を行った場合）,0.0
secondary_medical_area,37,3702,,小豆,265,2024,112024210,再診料（一般病床２００床以上の病院を除く）（情報通信機器を用いた再診を行った場合）,0.0
secondary_medical_area,37,3706,,東部,266,2024,112024210,再診料（一般病床２００床以上の病院を除く）（情報通信機器を用いた再診を行った場合）,232.0
secondary_medical_area,37,3707,,西部,267,2024,112024210,再診料（一般病床２００床以上の病院を除く）（情報通信機器を用いた再診を行った場合）,330.0
secondary_medical_area,38,3801,,宇摩,268,2024,112024210,再診料（一般病床２００床以上の病院を除く）（情報通信機器を用いた再診を行った場合）,53.0
secondary_medical_area,38,3802,,新居浜・西条,269,2024,112024210,再診料（一般病床２００床以上の病院を除く）（情報通信機器を用いた再診を行った場合）,94.0
secondary_medical_area,38,3803,,今治,270,2024,112024210,再診料（一般病床２００床以上の病院を除く）（情報通信機器を用いた再診を行った場合）,99.0
secondary_medical_area,38,3804,,松山,271,2024,112024210,再診料（一般病床２００床以上の病院を除く）（情報通信機器を用いた再診を行った場合）,1789.0
secondary_medical_area,38,3805,,八幡浜・大洲,272,2024,112024210,再診料（一般病床２００床以上の病院を除く）（情報通信機器を用いた再診を行った場合）,14.0
secondary_medical_area,38,3806,,宇和島,273,2024,112024210,再診料（一般病床２００床以上の病院を除く）（情報通信機器を用いた再診を行った場合）,286.0
secondary_medical_area,39,3901,,安芸,274,2024,112024210,再診料（一般病床２００床以上の病院を除く）（情報通信機器を用いた再診を行った場合）,0.0
secondary_medical_area,39,3902,,中央,275,2024,112024210,再診料（一般病床２００床以上の病院を除く）（情報通信機器を用いた再診を行った場合）,1063.0
secondary_medical_area,39,3903,,高幡,276,2024,112024210,再診料（一般病床２００床以上の病院を除く）（情報通信機器を用いた再診を行った場合）,44.0
secondary_medical_area,39,3904,,幡多,277,2024,112024210,再診料（一般病床２００床以上の病院を除く）（情報通信機器を用いた再診を行った場合）,528.0
secondary_medical_area,40,4001,,福岡・糸島,278,2024,112024210,再診料（一般病床２００床以上の病院を除く）（情報通信機器を用いた再診を行った場合）,16483.0
secondary_medical_area,40,4002,,粕屋,279,2024,112024210,再診料（一般病床２００床以上の病院を除く）（情報通信機器を用いた再診を行った場合）,827.0
secondary_medical_area,40,4003,,宗像,280,2024,112024210,再診料（一般病床２００床以上の病院を除く）（情報通信機器を用いた再診を行った場合）,352.0
secondary_medical_area,40,4004,,筑紫,281,2024,112024210,再診料（一般病床２００床以上の病院を除く）（情報通信機器を用いた再診を行った場合）,2240.0
secondary_medical_area,40,4005,,朝倉,282,2024,112024210,再診料（一般病床２００床以上の病院を除く）（情報通信機器を用いた再診を行った場合）,185.0
secondary_medical_area,40,4006,,久留米,283,2024,112024210,再診料（一般病床２００床以上の病院を除く）（情報通信機器を用いた再診を行った場合）,1038.0
secondary_medical_area,40,4007,,八女・筑後,284,2024,112024210,再診料（一般病床２００床以上の病院を除く）（情報通信機器を用いた再診を行った場合）,101.0
secondary_medical_area,40,4008,,有明,285,2024,112024210,再診料（一般病床２００床以上の病院を除く）（情報通信機器を用いた再診を行った場合）,380.0
secondary_medical_area,40,4009,,飯塚,286,2024,112024210,再診料（一般病床２００床以上の病院を除く）（情報通信機器を用いた再診を行った場合）,
secondary_medical_area,40,4010,,直方・鞍手,287,2024,112024210,再診料（一般病床２００床以上の病院を除く）（情報通信機器を用いた再診を行った場合）,0.0
secondary_medical_area,40,4011,,田川,288,2024,112024210,再診料（一般病床２００床以上の病院を除く）（情報通信機器を用いた再診を行った場合）,
secondary_medical_area,40,4012,,北九州,289,2024,112024210,再診料（一般病床２００床以上の病院を除く）（情報通信機器を用いた再診を行った場合）,2099.0
secondary_medical_area,40,4013,,京築,290,2024,112024210,再診料（一般病床２００床以上の病院を除く）（情報通信機器を用いた再診を行った場合）,0.0
secondary_medical_area,41,4101,,中部,291,2024,112024210,再診料（一般病床２００床以上の病院を除く）（情報通信機器を用いた再診を行った場合）,384.0
secondary_medical_area,41,4102,,東部,292,2024,112024210,再診料（一般病床２００床以上の病院を除く）（情報通信機器を用いた再診を行った場合）,239.0
secondary_medical_area,41,4103,,北部,293,2024,112024210,再診料（一般病床２００床以上の病院を除く）（情報通信機器を用いた再診を行った場合）,81.0
secondary_medical_area,41,4104,,西部,294,2024,112024210,再診料（一般病床２００床以上の病院を除く）（情報通信機器を用いた再診を行った場合）,95.0
secondary_medical_area,41,4105,,南部,295,2024,112024210,再診料（一般病床２００床以上の病院を除く）（情報通信機器を用いた再診を行った場合）,2328.0
secondary_medical_area,42,4201,,長崎,296,2024,112024210,再診料（一般病床２００床以上の病院を除く）（情報通信機器を用いた再診を行った場合）,1301.0
secondary_medical_area,42,4202,,佐世保県北,297,2024,112024210,再診料（一般病床２００床以上の病院を除く）（情報通信機器を用いた再診を行った場合）,220.0
secondary_medical_area,42,4203,,県央,298,2024,112024210,再診料（一般病床２００床以上の病院を除く）（情報通信機器を用いた再診を行った場合）,262.0
secondary_medical_area,42,4204,,県南,299,2024,112024210,再診料（一般病床２００床以上の病院を除く）（情報通信機器を用いた再診を行った場合）,
secondary_medical_area,42,4206,,五島,300,2024,112024210,再診料（一般病床２００床以上の病院を除く）（情報通信機器を用いた再診を行った場合）,369.0
secondary_medical_area,42,4207,,上五島,301,2024,112024210,再診料（一般病床２００床以上の病院を除く）（情報通信機器を用いた再診を行った場合）,0.0
secondary_medical_area,42,4208,,壱岐,302,2024,112024210,再診料（一般病床２００床以上の病院を除く）（情報通信機器を用いた再診を行った場合）,
secondary_medical_area,42,4209,,対馬,303,2024,112024210,再診料（一般病床２００床以上の病院を除く）（情報通信機器を用いた再診を行った場合）,0.0
secondary_medical_area,43,4302,,宇城,304,2024,112024210,再診料（一般病床２００床以上の病院を除く）（情報通信機器を用いた再診を行った場合）,253.0
secondary_medical_area,43,4303,,有明,305,2024,112024210,再診料（一般病床２００床以上の病院を除く）（情報通信機器を用いた再診を行った場合）,21.0
secondary_medical_area,43,4304,,鹿本,306,2024,112024210,再診料（一般病床２００床以上の病院を除く）（情報通信機器を用いた再診を行った場合）,
secondary_medical_area,43,4305,,菊池,307,2024,112024210,再診料（一般病床２００床以上の病院を除く）（情報通信機器を用いた再診を行った場合）,38.0
secondary_medical_area,43,4306,,阿蘇,308,2024,112024210,再診料（一般病床２００床以上の病院を除く）（情報通信機器を用いた再診を行った場合）,133.0
secondary_medical_area,43,4308,,八代,309,2024,112024210,再診料（一般病床２００床以上の病院を除く）（情報通信機器を用いた再診を行った場合）,161.0
secondary_medical_area,43,4309,,芦北,310,2024,112024210,再診料（一般病床２００床以上の病院を除く）（情報通信機器を用いた再診を行った場合）,
secondary_medical_area,43,4310,,球磨,311,2024,112024210,再診料（一般病床２００床以上の病院を除く）（情報通信機器を用いた再診を行った場合）,43.0
secondary_medical_area,43,4311,,天草,312,2024,112024210,再診料（一般病床２００床以上の病院を除く）（情報通信機器を用いた再診を行った場合）,265.0
secondary_medical_area,43,4312,,熊本・上益城,313,2024,112024210,再診料（一般病床２００床以上の病院を除く）（情報通信機器を用いた再診を行った場合）,11097.0
secondary_medical_area,44,4401,,東部,314,2024,112024210,再診料（一般病床２００床以上の病院を除く）（情報通信機器を用いた再診を行った場合）,490.0
secondary_medical_area,44,4403,,中部,315,2024,112024210,再診料（一般病床２００床以上の病院を除く）（情報通信機器を用いた再診を行った場合）,1877.0
secondary_medical_area,44,4405,,南部,316,2024,112024210,再診料（一般病床２００床以上の病院を除く）（情報通信機器を用いた再診を行った場合）,
secondary_medical_area,44,4406,,豊肥,317,2024,112024210,再診料（一般病床２００床以上の病院を除く）（情報通信機器を用いた再診を行った場合）,145.0
secondary_medical_area,44,4408,,西部,318,2024,112024210,再診料（一般病床２００床以上の病院を除く）（情報通信機器を用いた再診を行った場合）,
secondary_medical_area,44,4409,,北部,319,2024,112024210,再診料（一般病床２００床以上の病院を除く）（情報通信機器を用いた再診を行った場合）,103.0
secondary_medical_area,45,4501,,宮崎東諸県,320,2024,112024210,再診料（一般病床２００床以上の病院を除く）（情報通信機器を用いた再診を行った場合）,2300.0
secondary_medical_area,45,4502,,都城北諸県,321,2024,112024210,再診料（一般病床２００床以上の病院を除く）（情報通信機器を用いた再診を行った場合）,460.0
secondary_medical_area,45,4503,,延岡西臼杵,322,2024,112024210,再診料（一般病床２００床以上の病院を除く）（情報通信機器を用いた再診を行った場合）,28.0
secondary_medical_area,45,4504,,日南串間,323,2024,112024210,再診料（一般病床２００床以上の病院を除く）（情報通信機器を用いた再診を行った場合）,0.0
secondary_medical_area,45,4505,,西諸,324,2024,112024210,再診料（一般病床２００床以上の病院を除く）（情報通信機器を用いた再診を行った場合）,237.0
secondary_medical_area,45,4506,,西都児湯,325,2024,112024210,再診料（一般病床２００床以上の病院を除く）（情報通信機器を用いた再診を行った場合）,249.0
secondary_medical_area,45,4507,,日向入郷,326,2024,112024210,再診料（一般病床２００床以上の病院を除く）（情報通信機器を用いた再診を行った場合）,0.0
secondary_medical_area,46,4601,,鹿児島,327,2024,112024210,再診料（一般病床２００床以上の病院を除く）（情報通信機器を用いた再診を行った場合）,2200.0
secondary_medical_area,46,4603,,南薩,328,2024,112024210,再診料（一般病床２００床以上の病院を除く）（情報通信機器を用いた再診を行った場合）,870.0
secondary_medical_area,46,4605,,川薩,329,2024,112024210,再診料（一般病床２００床以上の病院を除く）（情報通信機器を用いた再診を行った場合）,13.0
secondary_medical_area,46,4606,,出水,330,2024,112024210,再診料（一般病床２００床以上の病院を除く）（情報通信機器を用いた再診を行った場合）,17.0
secondary_medical_area,46,4607,,姶良・伊佐,331,2024,112024210,再診料（一般病床２００床以上の病院を除く）（情報通信機器を用いた再診を行った場合）,413.0
secondary_medical_area,46,4609,,曽於,332,2024,112024210,再診料（一般病床２００床以上の病院を除く）（情報通信機器を用いた再診を行った場合）,59.0
secondary_medical_area,46,4610,,肝属,333,2024,112024210,再診料（一般病床２００床以上の病院を除く）（情報通信機器を用いた再診を行った場合）,325.0
secondary_medical_area,46,4611,,熊毛,334,2024,112024210,再診料（一般病床２００床以上の病院を除く）（情報通信機器を用いた再診を行った場合）,254.0
secondary_medical_area,46,4612,,奄美,335,2024,112024210,再診料（一般病床２００床以上の病院を除く）（情報通信機器を用いた再診を行った場合）,385.0
secondary_medical_area,47,4701,,北部,336,2024,112024210,再診料（一般病床２００床以上の病院を除く）（情報通信機器を用いた再診を行った場合）,155.0
secondary_medical_area,47,4702,,中部,337,2024,112024210,再診料（一般病床２００床以上の病院を除く）（情報通信機器を用いた再診を行った場合）,1404.0
secondary_medical_area,47,4703,,南部,338,2024,112024210,再診料（一般病床２００床以上の病院を除く）（情報通信機器を用いた再診を行った場合）,2357.0
secondary_medical_area,47,4704,,宮古,339,2024,112024210,再診料（一般病床２００床以上の病院を除く）（情報通信機器を用いた再診を行った場合）,191.0
secondary_medical_area,47,4705,,八重山,340,2024,112024210,再診料（一般病床２００床以上の病院を除く）（情報通信機器を用いた再診を行った場合）,86.0
secondary_medical_area,01,0101,,南渡島,6,2024,112024710,外来診療料（情報通信機器を用いた再診を行った場合）,77.0
secondary_medical_area,01,0102,,南檜山,7,2024,112024710,外来診療料（情報通信機器を用いた再診を行った場合）,0.0
secondary_medical_area,01,0103,,北渡島檜山,8,2024,112024710,外来診療料（情報通信機器を用いた再診を行った場合）,0.0
secondary_medical_area,01,0104,,札幌,9,2024,112024710,外来診療料（情報通信機器を用いた再診を行った場合）,893.0
secondary_medical_area,01,0105,,後志,10,2024,112024710,外来診療料（情報通信機器を用いた再診を行った場合）,27.0
secondary_medical_area,01,0106,,南空知,11,2024,112024710,外来診療料（情報通信機器を用いた再診を行った場合）,0.0
secondary_medical_area,01,0107,,中空知,12,2024,112024710,外来診療料（情報通信機器を用いた再診を行った場合）,0.0
secondary_medical_area,01,0108,,北空知,13,2024,112024710,外来診療料（情報通信機器を用いた再診を行った場合）,0.0
secondary_medical_area,01,0109,,西胆振,14,2024,112024710,外来診療料（情報通信機器を用いた再診を行った場合）,0.0
secondary_medical_area,01,0110,,東胆振,15,2024,112024710,外来診療料（情報通信機器を用いた再診を行った場合）,30.0
secondary_medical_area,01,0111,,日高,16,2024,112024710,外来診療料（情報通信機器を用いた再診を行った場合）,0.0
secondary_medical_area,01,0112,,上川中部,17,2024,112024710,外来診療料（情報通信機器を用いた再診を行った場合）,
secondary_medical_area,01,0113,,上川北部,18,2024,112024710,外来診療料（情報通信機器を用いた再診を行った場合）,0.0
secondary_medical_area,01,0114,,富良野,19,2024,112024710,外来診療料（情報通信機器を用いた再診を行った場合）,0.0
secondary_medical_area,01,0115,,留萌,20,2024,112024710,外来診療料（情報通信機器を用いた再診を行った場合）,0.0
secondary_medical_area,01,0116,,宗谷,21,2024,112024710,外来診療料（情報通信機器を用いた再診を行った場合）,0.0
secondary_medical_area,01,0117,,北網,22,2024,112024710,外来診療料（情報通信機器を用いた再診を行った場合）,
secondary_medical_area,01,0118,,遠紋,23,2024,112024710,外来診療料（情報通信機器を用いた再診を行った場合）,0.0
secondary_medical_area,01,0119,,十勝,24,2024,112024710,外来診療料（情報通信機器を用いた再診を行った場合）,0.0
secondary_medical_area,01,0120,,釧路,25,2024,112024710,外来診療料（情報通信機器を用いた再診を行った場合）,0.0
secondary_medical_area,01,0121,,根室,26,2024,112024710,外来診療料（情報通信機器を用いた再診を行った場合）,0.0
secondary_medical_area,02,0201,,津軽地域,27,2024,112024710,外来診療料（情報通信機器を用いた再診を行った場合）,
secondary_medical_area,02,0202,,八戸地域,28,2024,112024710,外来診療料（情報通信機器を用いた再診を行った場合）,
secondary_medical_area,02,0203,,青森地域,29,2024,112024710,外来診療料（情報通信機器を用いた再診を行った場合）,
secondary_medical_area,02,0204,,西北五地域,30,2024,112024710,外来診療料（情報通信機器を用いた再診を行った場合）,
secondary_medical_area,02,0205,,上十三地域,31,2024,112024710,外来診療料（情報通信機器を用いた再診を行った場合）,
secondary_medical_area,02,0206,,下北地域,32,2024,112024710,外来診療料（情報通信機器を用いた再診を行った場合）,
secondary_medical_area,03,0301,,盛岡,33,2024,112024710,外来診療料（情報通信機器を用いた再診を行った場合）,998.0
secondary_medical_area,03,0302,,岩手中部,34,2024,112024710,外来診療料（情報通信機器を用いた再診を行った場合）,
secondary_medical_area,03,0303,,胆江,35,2024,112024710,外来診療料（情報通信機器を用いた再診を行った場合）,0.0
secondary_medical_area,03,0304,,両磐,36,2024,112024710,外来診療料（情報通信機器を用いた再診を行った場合）,
secondary_medical_area,03,0305,,気仙,37,2024,112024710,外来診療料（情報通信機器を用いた再診を行った場合）,0.0
secondary_medical_area,03,0306,,釜石,38,2024,112024710,外来診療料（情報通信機器を用いた再診を行った場合）,0.0
secondary_medical_area,03,0307,,宮古,39,2024,112024710,外来診療料（情報通信機器を用いた再診を行った場合）,
secondary_medical_area,03,0308,,久慈,40,2024,112024710,外来診療料（情報通信機器を用いた再診を行った場合）,0.0
secondary_medical_area,03,0309,,二戸,41,2024,112024710,外来診療料（情報通信機器を用いた再診を行った場合）,0.0
secondary_medical_area,04,0401,,仙南,42,2024,112024710,外来診療料（情報通信機器を用いた再診を行った場合）,0.0
secondary_medical_area,04,0403,,仙台,43,2024,112024710,外来診療料（情報通信機器を用いた再診を行った場合）,21.0
secondary_medical_area,04,0406,,大崎・栗原,44,2024,112024710,外来診療料（情報通信機器を用いた再診を行った場合）,0.0
secondary_medical_area,04,0409,,石巻・登米・気仙沼,45,2024,112024710,外来診療料（情報通信機器を用いた再診を行った場合）,0.0
secondary_medical_area,05,0501,,大館・鹿角,46,2024,112024710,外来診療料（情報通信機器を用いた再診を行った場合）,0.0
secondary_medical_area,05,0502,,北秋田,47,2024,112024710,外来診療料（情報通信機器を用いた再診を行った場合）,0.0
secondary_medical_area,05,0503,,能代・山本,48,2024,112024710,外来診療料（情報通信機器を用いた再診を行った場合）,0.0
secondary_medical_area,05,0504,,秋田周辺,49,2024,112024710,外来診療料（情報通信機器を用いた再診を行った場合）,
secondary_medical_area,05,0505,,由利本荘・にかほ,50,2024,112024710,外来診療料（情報通信機器を用いた再診を行った場合）,
secondary_medical_area,05,0506,,大仙・仙北,51,2024,112024710,外来診療料（情報通信機器を用いた再診を行った場合）,0.0
secondary_medical_area,05,0507,,横手,52,2024,112024710,外来診療料（情報通信機器を用いた再診を行った場合）,0.0
secondary_medical_area,05,0508,,湯沢・雄勝,53,2024,112024710,外来診療料（情報通信機器を用いた再診を行った場合）,0.0
secondary_medical_area,06,0601,,村山,54,2024,112024710,外来診療料（情報通信機器を用いた再診を行った場合）,0.0
secondary_medical_area,06,0602,,最上,55,2024,112024710,外来診療料（情報通信機器を用いた再診を行った場合）,0.0
secondary_medical_area,06,0603,,置賜,56,2024,112024710,外来診療料（情報通信機器を用いた再診を行った場合）,0.0
secondary_medical_area,06,0604,,庄内,57,2024,112024710,外来診療料（情報通信機器を用いた再診を行った場合）,457.0
secondary_medical_area,07,0701,,県北,58,2024,112024710,外来診療料（情報通信機器を用いた再診を行った場合）,0.0
secondary_medical_area,07,0702,,県中,59,2024,112024710,外来診療料（情報通信機器を用いた再診を行った場合）,0.0
secondary_medical_area,07,0703,,県南,60,2024,112024710,外来診療料（情報通信機器を用いた再診を行った場合）,0.0
secondary_medical_area,07,0706,,相双,61,2024,112024710,外来診療料（情報通信機器を用いた再診を行った場合）,0.0
secondary_medical_area,07,0707,,いわき,62,2024,112024710,外来診療料（情報通信機器を用いた再診を行った場合）,0.0
secondary_medical_area,07,0708,,会津・南会津,63,2024,112024710,外来診療料（情報通信機器を用いた再診を行った場合）,539.0
secondary_medical_area,08,0801,,水戸,64,2024,112024710,外来診療料（情報通信機器を用いた再診を行った場合）,0.0
secondary_medical_area,08,0802,,日立,65,2024,112024710,外来診療料（情報通信機器を用いた再診を行った場合）,0.0
secondary_medical_area,08,0803,,常陸太田・ひたちなか,66,2024,112024710,外来診療料（情報通信機器を用いた再診を行った場合）,0.0
secondary_medical_area,08,0804,,鹿行,67,2024,112024710,外来診療料（情報通信機器を用いた再診を行った場合）,0.0
secondary_medical_area,08,0805,,土浦,68,2024,112024710,外来診療料（情報通信機器を用いた再診を行った場合）,0.0
secondary_medical_area,08,0806,,つくば,69,2024,112024710,外来診療料（情報通信機器を用いた再診を行った場合）,0.0
secondary_medical_area,08,0807,,取手・竜ヶ崎,70,2024,112024710,外来診療料（情報通信機器を用いた再診を行った場合）,55.0
secondary_medical_area,08,0808,,筑西・下妻,71,2024,112024710,外来診療料（情報通信機器を用いた再診を行った場合）,0.0
secondary_medical_area,08,0809,,古河・坂東,72,2024,112024710,外来診療料（情報通信機器を用いた再診を行った場合）,0.0
secondary_medical_area,09,0901,,県北,73,2024,112024710,外来診療料（情報通信機器を用いた再診を行った場合）,0.0
secondary_medical_area,09,0902,,県西,74,2024,112024710,外来診療料（情報通信機器を用いた再診を行った場合）,0.0
secondary_medical_area,09,0903,,宇都宮,75,2024,112024710,外来診療料（情報通信機器を用いた再診を行った場合）,0.0
secondary_medical_area,09,0904,,県東,76,2024,112024710,外来診療料（情報通信機器を用いた再診を行った場合）,0.0
secondary_medical_area,09,0905,,県南,77,2024,112024710,外来診療料（情報通信機器を用いた再診を行った場合）,
secondary_medical_area,09,0906,,両毛,78,2024,112024710,外来診療料（情報通信機器を用いた再診を行った場合）,
secondary_medical_area,10,1001,,前橋,79,2024,112024710,外来診療料（情報通信機器を用いた再診を行った場合）,0.0
secondary_medical_area,10,1002,,渋川,80,2024,112024710,外来診療料（情報通信機器を用いた再診を行った場合）,0.0
secondary_medical_area,10,1003,,伊勢崎,81,2024,112024710,外来診療料（情報通信機器を用いた再診を行った場合）,0.0
secondary_medical_area,10,1004,,高崎・安中,82,2024,112024710,外来診療料（情報通信機器を用いた再診を行った場合）,0.0
secondary_medical_area,10,1005,,藤岡,83,2024,112024710,外来診療料（情報通信機器を用いた再診を行った場合）,0.0
secondary_medical_area,10,1006,,富岡,84,2024,112024710,外来診療料（情報通信機器を用いた再診を行った場合）,0.0
secondary_medical_area,10,1007,,吾妻,85,2024,112024710,外来診療料（情報通信機器を用いた再診を行った場合）,0.0
secondary_medical_area,10,1008,,沼田,86,2024,112024710,外来診療料（情報通信機器を用いた再診を行った場合）,0.0
secondary_medical_area,10,1009,,桐生,87,2024,112024710,外来診療料（情報通信機器を用いた再診を行った場合）,0.0
secondary_medical_area,10,1010,,太田・館林,88,2024,112024710,外来診療料（情報通信機器を用いた再診を行った場合）,0.0
secondary_medical_area,11,1101,,南部,89,2024,112024710,外来診療料（情報通信機器を用いた再診を行った場合）,0.0
secondary_medical_area,11,1102,,南西部,90,2024,112024710,外来診療料（情報通信機器を用いた再診を行った場合）,
secondary_medical_area,11,1103,,東部,91,2024,112024710,外来診療料（情報通信機器を用いた再診を行った場合）,55.0
secondary_medical_area,11,1104,,さいたま,92,2024,112024710,外来診療料（情報通信機器を用いた再診を行った場合）,0.0
secondary_medical_area,11,1105,,県央,93,2024,112024710,外来診療料（情報通信機器を用いた再診を行った場合）,0.0
secondary_medical_area,11,1106,,川越比企,94,2024,112024710,外来診療料（情報通信機器を用いた再診を行った場合）,156.0
secondary_medical_area,11,1107,,西部,95,2024,112024710,外来診療料（情報通信機器を用いた再診を行った場合）,0.0
secondary_medical_area,11,1108,,利根,96,2024,112024710,外来診療料（情報通信機器を用いた再診を行った場合）,0.0
secondary_medical_area,11,1109,,北部,97,2024,112024710,外来診療料（情報通信機器を用いた再診を行った場合）,
secondary_medical_area,11,1110,,秩父,98,2024,112024710,外来診療料（情報通信機器を用いた再診を行った場合）,0.0
secondary_medical_area,12,1201,,千葉,99,2024,112024710,外来診療料（情報通信機器を用いた再診を行った場合）,42.0
secondary_medical_area,12,1202,,東葛南部,100,2024,112024710,外来診療料（情報通信機器を用いた再診を行った場合）,293.0
secondary_medical_area,12,1203,,東葛北部,101,2024,112024710,外来診療料（情報通信機器を用いた再診を行った場合）,202.0
secondary_medical_area,12,1204,,印旛,102,2024,112024710,外来診療料（情報通信機器を用いた再診を行った場合）,
secondary_medical_area,12,1205,,香取海匝,103,2024,112024710,外来診療料（情報通信機器を用いた再診を行った場合）,0.0
secondary_medical_area,12,1206,,山武長生夷隅,104,2024,112024710,外来診療料（情報通信機器を用いた再診を行った場合）,0.0
secondary_medical_area,12,1207,,安房,105,2024,112024710,外来診療料（情報通信機器を用いた再診を行った場合）,0.0
secondary_medical_area,12,1208,,君津,106,2024,112024710,外来診療料（情報通信機器を用いた再診を行った場合）,0.0
secondary_medical_area,12,1209,,市原,107,2024,112024710,外来診療料（情報通信機器を用いた再診を行った場合）,
secondary_medical_area,13,1301,,区中央部,108,2024,112024710,外来診療料（情報通信機器を用いた再診を行った場合）,1434.0
secondary_medical_area,13,1302,,区南部,109,2024,112024710,外来診療料（情報通信機器を用いた再診を行った場合）,0.0
secondary_medical_area,13,1303,,区西南部,110,2024,112024710,外来診療料（情報通信機器を用いた再診を行った場合）,0.0
secondary_medical_area,13,1304,,区西部,111,2024,112024710,外来診療料（情報通信機器を用いた再診を行った場合）,120.0
secondary_medical_area,13,1305,,区西北部,112,2024,112024710,外来診療料（情報通信機器を用いた再診を行った場合）,451.0
secondary_medical_area,13,1306,,区東北部,113,2024,112024710,外来診療料（情報通信機器を用いた再診を行った場合）,69.0
secondary_medical_area,13,1307,,区東部,114,2024,112024710,外来診療料（情報通信機器を用いた再診を行った場合）,0.0
secondary_medical_area,13,1308,,西多摩,115,2024,112024710,外来診療料（情報通信機器を用いた再診を行った場合）,0.0
secondary_medical_area,13,1309,,南多摩,116,2024,112024710,外来診療料（情報通信機器を用いた再診を行った場合）,0.0
secondary_medical_area,13,1310,,北多摩西部,117,2024,112024710,外来診療料（情報通信機器を用いた再診を行った場合）,
secondary_medical_area,13,1311,,北多摩南部,118,2024,112024710,外来診療料（情報通信機器を用いた再診を行った場合）,
secondary_medical_area,13,1312,,北多摩北部,119,2024,112024710,外来診療料（情報通信機器を用いた再診を行った場合）,651.0
secondary_medical_area,13,1313,,島しょ,120,2024,112024710,外来診療料（情報通信機器を用いた再診を行った場合）,0.0
secondary_medical_area,14,1404,,川崎北部,121,2024,112024710,外来診療料（情報通信機器を用いた再診を行った場合）,122.0
secondary_medical_area,14,1405,,川崎南部,122,2024,112024710,外来診療料（情報通信機器を用いた再診を行った場合）,
secondary_medical_area,14,1406,,横須賀・三浦,123,2024,112024710,外来診療料（情報通信機器を用いた再診を行った場合）,157.0
secondary_medical_area,14,1407,,湘南東部,124,2024,112024710,外来診療料（情報通信機器を用いた再診を行った場合）,
secondary_medical_area,14,1408,,湘南西部,125,2024,112024710,外来診療料（情報通信機器を用いた再診を行った場合）,0.0
secondary_medical_area,14,1409,,県央,126,2024,112024710,外来診療料（情報通信機器を用いた再診を行った場合）,488.0
secondary_medical_area,14,1410,,相模原,127,2024,112024710,外来診療料（情報通信機器を用いた再診を行った場合）,86.0
secondary_medical_area,14,1411,,県西,128,2024,112024710,外来診療料（情報通信機器を用いた再診を行った場合）,0.0
secondary_medical_area,14,1412,,横浜,129,2024,112024710,外来診療料（情報通信機器を用いた再診を行った場合）,67.0
secondary_medical_area,15,1501,,下越,130,2024,112024710,外来診療料（情報通信機器を用いた再診を行った場合）,0.0
secondary_medical_area,15,1502,,新潟,131,2024,112024710,外来診療料（情報通信機器を用いた再診を行った場合）,0.0
secondary_medical_area,15,1503,,県央,132,2024,112024710,外来診療料（情報通信機器を用いた再診を行った場合）,0.0
secondary_medical_area,15,1504,,中越,133,2024,112024710,外来診療料（情報通信機器を用いた再診を行った場合）,31.0
secondary_medical_area,15,1505,,魚沼,134,2024,112024710,外来診療料（情報通信機器を用いた再診を行った場合）,0.0
secondary_medical_area,15,1506,,上越,135,2024,112024710,外来診療料（情報通信機器を用いた再診を行った場合）,0.0
secondary_medical_area,15,1507,,佐渡,136,2024,112024710,外来診療料（情報通信機器を用いた再診を行った場合）,13.0
secondary_medical_area,16,1601,,新川,137,2024,112024710,外来診療料（情報通信機器を用いた再診を行った場合）,0.0
secondary_medical_area,16,1602,,富山,138,2024,112024710,外来診療料（情報通信機器を用いた再診を行った場合）,0.0
secondary_medical_area,16,1603,,高岡,139,2024,112024710,外来診療料（情報通信機器を用いた再診を行った場合）,0.0
secondary_medical_area,16,1604,,砺波,140,2024,112024710,外来診療料（情報通信機器を用いた再診を行った場合）,0.0
secondary_medical_area,17,1701,,南加賀,141,2024,112024710,外来診療料（情報通信機器を用いた再診を行った場合）,0.0
secondary_medical_area,17,1702,,石川中央,142,2024,112024710,外来診療料（情報通信機器を用いた再診を行った場合）,
secondary_medical_area,17,1703,,能登中部,143,2024,112024710,外来診療料（情報通信機器を用いた再診を行った場合）,
secondary_medical_area,17,1704,,能登北部,144,2024,112024710,外来診療料（情報通信機器を用いた再診を行った場合）,0.0
secondary_medical_area,18,1801,,福井・坂井,145,2024,112024710,外来診療料（情報通信機器を用いた再診を行った場合）,71.0
secondary_medical_area,18,1802,,奥越,146,2024,112024710,外来診療料（情報通信機器を用いた再診を行った場合）,0.0
secondary_medical_area,18,1803,,丹南,147,2024,112024710,外来診療料（情報通信機器を用いた再診を行った場合）,0.0
secondary_medical_area,18,1804,,嶺南,148,2024,112024710,外来診療料（情報通信機器を用いた再診を行った場合）,0.0
secondary_medical_area,19,1901,,中北,149,2024,112024710,外来診療料（情報通信機器を用いた再診を行った場合）,14.0
secondary_medical_area,19,1902,,峡東,150,2024,112024710,外来診療料（情報通信機器を用いた再診を行った場合）,0.0
secondary_medical_area,19,1903,,峡南,151,2024,112024710,外来診療料（情報通信機器を用いた再診を行った場合）,0.0
secondary_medical_area,19,1904,,富士・東部,152,2024,112024710,外来診療料（情報通信機器を用いた再診を行った場合）,0.0
secondary_medical_area,20,2001,,佐久,153,2024,112024710,外来診療料（情報通信機器を用いた再診を行った場合）,
secondary_medical_area,20,2002,,上小,154,2024,112024710,外来診療料（情報通信機器を用いた再診を行った場合）,0.0
secondary_medical_area,20,2003,,諏訪,155,2024,112024710,外来診療料（情報通信機器を用いた再診を行った場合）,0.0
secondary_medical_area,20,2004,,上伊那,156,2024,112024710,外来診療料（情報通信機器を用いた再診を行った場合）,0.0
secondary_medical_area,20,2005,,飯伊,157,2024,112024710,外来診療料（情報通信機器を用いた再診を行った場合）,0.0
secondary_medical_area,20,2006,,木曽,158,2024,112024710,外来診療料（情報通信機器を用いた再診を行った場合）,0.0
secondary_medical_area,20,2007,,松本,159,2024,112024710,外来診療料（情報通信機器を用いた再診を行った場合）,
secondary_medical_area,20,2008,,大北,160,2024,112024710,外来診療料（情報通信機器を用いた再診を行った場合）,0.0
secondary_medical_area,20,2009,,長野,161,2024,112024710,外来診療料（情報通信機器を用いた再診を行った場合）,0.0
secondary_medical_area,20,2010,,北信,162,2024,112024710,外来診療料（情報通信機器を用いた再診を行った場合）,0.0
secondary_medical_area,21,2101,,岐阜,163,2024,112024710,外来診療料（情報通信機器を用いた再診を行った場合）,
secondary_medical_area,21,2102,,西濃,164,2024,112024710,外来診療料（情報通信機器を用いた再診を行った場合）,0.0
secondary_medical_area,21,2103,,中濃,165,2024,112024710,外来診療料（情報通信機器を用いた再診を行った場合）,0.0
secondary_medical_area,21,2104,,東濃,166,2024,112024710,外来診療料（情報通信機器を用いた再診を行った場合）,
secondary_medical_area,21,2105,,飛騨,167,2024,112024710,外来診療料（情報通信機器を用いた再診を行った場合）,0.0
secondary_medical_area,22,2201,,賀茂,168,2024,112024710,外来診療料（情報通信機器を用いた再診を行った場合）,0.0
secondary_medical_area,22,2202,,熱海伊東,169,2024,112024710,外来診療料（情報通信機器を用いた再診を行った場合）,0.0
secondary_medical_area,22,2203,,駿東田方,170,2024,112024710,外来診療料（情報通信機器を用いた再診を行った場合）,116.0
secondary_medical_area,22,2204,,富士,171,2024,112024710,外来診療料（情報通信機器を用いた再診を行った場合）,0.0
secondary_medical_area,22,2205,,静岡,172,2024,112024710,外来診療料（情報通信機器を用いた再診を行った場合）,320.0
secondary_medical_area,22,2206,,志太榛原,173,2024,112024710,外来診療料（情報通信機器を用いた再診を行った場合）,
secondary_medical_area,22,2207,,中東遠,174,2024,112024710,外来診療料（情報通信機器を用いた再診を行った場合）,226.0
secondary_medical_area,22,2208,,西部,175,2024,112024710,外来診療料（情報通信機器を用いた再診を行った場合）,
secondary_medical_area,23,2302,,海部,176,2024,112024710,外来診療料（情報通信機器を用いた再診を行った場合）,0.0
secondary_medical_area,23,2304,,尾張東部,177,2024,112024710,外来診療料（情報通信機器を用いた再診を行った場合）,0.0
secondary_medical_area,23,2305,,尾張西部,178,2024,112024710,外来診療料（情報通信機器を用いた再診を行った場合）,
secondary_medical_area,23,2306,,尾張北部,179,2024,112024710,外来診療料（情報通信機器を用いた再診を行った場合）,0.0
secondary_medical_area,23,2307,,知多半島,180,2024,112024710,外来診療料（情報通信機器を用いた再診を行った場合）,205.0
secondary_medical_area,23,2308,,西三河北部,181,2024,112024710,外来診療料（情報通信機器を用いた再診を行った場合）,
secondary_medical_area,23,2309,,西三河南部西,182,2024,112024710,外来診療料（情報通信機器を用いた再診を行った場合）,183.0
secondary_medical_area,23,2310,,西三河南部東,183,2024,112024710,外来診療料（情報通信機器を用いた再診を行った場合）,31.0
secondary_medical_area,23,2311,,東三河北部,184,2024,112024710,外来診療料（情報通信機器を用いた再診を行った場合）,0.0
secondary_medical_area,23,2312,,東三河南部,185,2024,112024710,外来診療料（情報通信機器を用いた再診を行った場合）,0.0
secondary_medical_area,23,2313,,名古屋・尾張中部,186,2024,112024710,外来診療料（情報通信機器を用いた再診を行った場合）,66.0
secondary_medical_area,24,2401,,北勢,187,2024,112024710,外来診療料（情報通信機器を用いた再診を行った場合）,180.0
secondary_medical_area,24,2402,,中勢伊賀,188,2024,112024710,外来診療料（情報通信機器を用いた再診を行った場合）,558.0
secondary_medical_area,24,2403,,南勢志摩,189,2024,112024710,外来診療料（情報通信機器を用いた再診を行った場合）,0.0
secondary_medical_area,24,2404,,東紀州,190,2024,112024710,外来診療料（情報通信機器を用いた再診を行った場合）,0.0
secondary_medical_area,25,2501,,大津,191,2024,112024710,外来診療料（情報通信機器を用いた再診を行った場合）,0.0
secondary_medical_area,25,2502,,湖南,192,2024,112024710,外来診療料（情報通信機器を用いた再診を行った場合）,0.0
secondary_medical_area,25,2503,,甲賀,193,2024,112024710,外来診療料（情報通信機器を用いた再診を行った場合）,0.0
secondary_medical_area,25,2504,,東近江,194,2024,112024710,外来診療料（情報通信機器を用いた再診を行った場合）,0.0
secondary_medical_area,25,2505,,湖東,195,2024,112024710,外来診療料（情報通信機器を用いた再診を行った場合）,0.0
secondary_medical_area,25,2506,,湖北,196,2024,112024710,外来診療料（情報通信機器を用いた再診を行った場合）,0.0
secondary_medical_area,25,2507,,湖西,197,2024,112024710,外来診療料（情報通信機器を用いた再診を行った場合）,0.0
secondary_medical_area,26,2601,,丹後,198,2024,112024710,外来診療料（情報通信機器を用いた再診を行った場合）,0.0
secondary_medical_area,26,2602,,中丹,199,2024,112024710,外来診療料（情報通信機器を用いた再診を行った場合）,0.0
secondary_medical_area,26,2603,,南丹,200,2024,112024710,外来診療料（情報通信機器を用いた再診を行った場合）,0.0
secondary_medical_area,26,2604,,京都・乙訓,201,2024,112024710,外来診療料（情報通信機器を用いた再診を行った場合）,954.0
secondary_medical_area,26,2605,,山城北,202,2024,112024710,外来診療料（情報通信機器を用いた再診を行った場合）,0.0
secondary_medical_area,26,2606,,山城南,203,2024,112024710,外来診療料（情報通信機器を用いた再診を行った場合）,0.0
secondary_medical_area,27,2701,,豊能,204,2024,112024710,外来診療料（情報通信機器を用いた再診を行った場合）,164.0
secondary_medical_area,27,2702,,三島,205,2024,112024710,外来診療料（情報通信機器を用いた再診を行った場合）,34.0
secondary_medical_area,27,2703,,北河内,206,2024,112024710,外来診療料（情報通信機器を用いた再診を行った場合）,24.0
secondary_medical_area,27,2704,,中河内,207,2024,112024710,外来診療料（情報通信機器を用いた再診を行った場合）,0.0
secondary_medical_area,27,2705,,南河内,208,2024,112024710,外来診療料（情報通信機器を用いた再診を行った場合）,54.0
secondary_medical_area,27,2706,,堺市,209,2024,112024710,外来診療料（情報通信機器を用いた再診を行った場合）,0.0
secondary_medical_area,27,2707,,泉州,210,2024,112024710,外来診療料（情報通信機器を用いた再診を行った場合）,323.0
secondary_medical_area,27,2708,,大阪市,211,2024,112024710,外来診療料（情報通信機器を用いた再診を行った場合）,574.0
secondary_medical_area,28,2801,,神戸,212,2024,112024710,外来診療料（情報通信機器を用いた再診を行った場合）,48.0
secondary_medical_area,28,2804,,東播磨,213,2024,112024710,外来診療料（情報通信機器を用いた再診を行った場合）,0.0
secondary_medical_area,28,2805,,北播磨,214,2024,112024710,外来診療料（情報通信機器を用いた再診を行った場合）,116.0
secondary_medical_area,28,2808,,但馬,215,2024,112024710,外来診療料（情報通信機器を用いた再診を行った場合）,0.0
secondary_medical_area,28,2809,,丹波,216,2024,112024710,外来診療料（情報通信機器を用いた再診を行った場合）,0.0
secondary_medical_area,28,2810,,淡路,217,2024,112024710,外来診療料（情報通信機器を用いた再診を行った場合）,0.0
secondary_medical_area,28,2811,,阪神,218,2024,112024710,外来診療料（情報通信機器を用いた再診を行った場合）,
secondary_medical_area,28,2812,,播磨姫路,219,2024,112024710,外来診療料（情報通信機器を用いた再診を行った場合）,
secondary_medical_area,29,2901,,奈良,220,2024,112024710,外来診療料（情報通信機器を用いた再診を行った場合）,28.0
secondary_medical_area,29,2902,,東和,221,2024,112024710,外来診療料（情報通信機器を用いた再診を行った場合）,0.0
secondary_medical_area,29,2903,,西和,222,2024,112024710,外来診療料（情報通信機器を用いた再診を行った場合）,0.0
secondary_medical_area,29,2904,,中和,223,2024,112024710,外来診療料（情報通信機器を用いた再診を行った場合）,0.0
secondary_medical_area,29,2905,,南和,224,2024,112024710,外来診療料（情報通信機器を用いた再診を行った場合）,0.0
secondary_medical_area,30,3001,,和歌山,225,2024,112024710,外来診療料（情報通信機器を用いた再診を行った場合）,0.0
secondary_medical_area,30,3002,,那賀,226,2024,112024710,外来診療料（情報通信機器を用いた再診を行った場合）,0.0
secondary_medical_area,30,3003,,橋本,227,2024,112024710,外来診療料（情報通信機器を用いた再診を行った場合）,0.0
secondary_medical_area,30,3004,,有田,228,2024,112024710,外来診療料（情報通信機器を用いた再診を行った場合）,0.0
secondary_medical_area,30,3005,,御坊,229,2024,112024710,外来診療料（情報通信機器を用いた再診を行った場合）,0.0
secondary_medical_area,30,3006,,田辺,230,2024,112024710,外来診療料（情報通信機器を用いた再診を行った場合）,0.0
secondary_medical_area,30,3007,,新宮,231,2024,112024710,外来診療料（情報通信機器を用いた再診を行った場合）,0.0
secondary_medical_area,31,3101,,東部,232,2024,112024710,外来診療料（情報通信機器を用いた再診を行った場合）,
secondary_medical_area,31,3102,,中部,233,2024,112024710,外来診療料（情報通信機器を用いた再診を行った場合）,0.0
secondary_medical_area,31,3103,,西部,234,2024,112024710,外来診療料（情報通信機器を用いた再診を行った場合）,
secondary_medical_area,32,3201,,松江,235,2024,112024710,外来診療料（情報通信機器を用いた再診を行った場合）,
secondary_medical_area,32,3202,,雲南,236,2024,112024710,外来診療料（情報通信機器を用いた再診を行った場合）,
secondary_medical_area,32,3203,,出雲,237,2024,112024710,外来診療料（情報通信機器を用いた再診を行った場合）,
secondary_medical_area,32,3204,,大田,238,2024,112024710,外来診療料（情報通信機器を用いた再診を行った場合）,
secondary_medical_area,32,3205,,浜田,239,2024,112024710,外来診療料（情報通信機器を用いた再診を行った場合）,
secondary_medical_area,32,3206,,益田,240,2024,112024710,外来診療料（情報通信機器を用いた再診を行った場合）,
secondary_medical_area,32,3207,,隠岐,241,2024,112024710,外来診療料（情報通信機器を用いた再診を行った場合）,
secondary_medical_area,33,3301,,県南東部,242,2024,112024710,外来診療料（情報通信機器を用いた再診を行った場合）,21.0
secondary_medical_area,33,3302,,県南西部,243,2024,112024710,外来診療料（情報通信機器を用いた再診を行った場合）,62.0
secondary_medical_area,33,3303,,高梁・新見,244,2024,112024710,外来診療料（情報通信機器を用いた再診を行った場合）,0.0
secondary_medical_area,33,3304,,真庭,245,2024,112024710,外来診療料（情報通信機器を用いた再診を行った場合）,0.0
secondary_medical_area,33,3305,,津山・英田,246,2024,112024710,外来診療料（情報通信機器を用いた再診を行った場合）,0.0
secondary_medical_area,34,3401,,広島,247,2024,112024710,外来診療料（情報通信機器を用いた再診を行った場合）,62.0
secondary_medical_area,34,3402,,広島西,248,2024,112024710,外来診療料（情報通信機器を用いた再診を行った場合）,0.0
secondary_medical_area,34,3403,,呉,249,2024,112024710,外来診療料（情報通信機器を用いた再診を行った場合）,56.0
secondary_medical_area,34,3404,,広島中央,250,2024,112024710,外来診療料（情報通信機器を用いた再診を行った場合）,0.0
secondary_medical_area,34,3405,,尾三,251,2024,112024710,外来診療料（情報通信機器を用いた再診を行った場合）,168.0
secondary_medical_area,34,3406,,福山・府中,252,2024,112024710,外来診療料（情報通信機器を用いた再診を行った場合）,0.0
secondary_medical_area,34,3407,,備北,253,2024,112024710,外来診療料（情報通信機器を用いた再診を行った場合）,0.0
secondary_medical_area,35,3501,,岩国,254,2024,112024710,外来診療料（情報通信機器を用いた再診を行った場合）,0.0
secondary_medical_area,35,3502,,柳井,255,2024,112024710,外来診療料（情報通信機器を用いた再診を行った場合）,0.0
secondary_medical_area,35,3503,,周南,256,2024,112024710,外来診療料（情報通信機器を用いた再診を行った場合）,0.0
secondary_medical_area,35,3504,,山口・防府,257,2024,112024710,外来診療料（情報通信機器を用いた再診を行った場合）,11.0
secondary_medical_area,35,3505,,宇部・小野田,258,2024,112024710,外来診療料（情報通信機器を用いた再診を行った場合）,0.0
secondary_medical_area,35,3506,,下関,259,2024,112024710,外来診療料（情報通信機器を用いた再診を行った場合）,0.0
secondary_medical_area,35,3507,,長門,260,2024,112024710,外来診療料（情報通信機器を用いた再診を行った場合）,0.0
secondary_medical_area,35,3508,,萩,261,2024,112024710,外来診療料（情報通信機器を用いた再診を行った場合）,0.0
secondary_medical_area,36,3601,,東部,262,2024,112024710,外来診療料（情報通信機器を用いた再診を行った場合）,33.0
secondary_medical_area,36,3603,,南部,263,2024,112024710,外来診療料（情報通信機器を用いた再診を行った場合）,0.0
secondary_medical_area,36,3605,,西部,264,2024,112024710,外来診療料（情報通信機器を用いた再診を行った場合）,171.0
secondary_medical_area,37,3702,,小豆,265,2024,112024710,外来診療料（情報通信機器を用いた再診を行った場合）,0.0
secondary_medical_area,37,3706,,東部,266,2024,112024710,外来診療料（情報通信機器を用いた再診を行った場合）,0.0
secondary_medical_area,37,3707,,西部,267,2024,112024710,外来診療料（情報通信機器を用いた再診を行った場合）,0.0
secondary_medical_area,38,3801,,宇摩,268,2024,112024710,外来診療料（情報通信機器を用いた再診を行った場合）,18.0
secondary_medical_area,38,3802,,新居浜・西条,269,2024,112024710,外来診療料（情報通信機器を用いた再診を行った場合）,0.0
secondary_medical_area,38,3803,,今治,270,2024,112024710,外来診療料（情報通信機器を用いた再診を行った場合）,0.0
secondary_medical_area,38,3804,,松山,271,2024,112024710,外来診療料（情報通信機器を用いた再診を行った場合）,0.0
secondary_medical_area,38,3805,,八幡浜・大洲,272,2024,112024710,外来診療料（情報通信機器を用いた再診を行った場合）,0.0
secondary_medical_area,38,3806,,宇和島,273,2024,112024710,外来診療料（情報通信機器を用いた再診を行った場合）,0.0
secondary_medical_area,39,3901,,安芸,274,2024,112024710,外来診療料（情報通信機器を用いた再診を行った場合）,0.0
secondary_medical_area,39,3902,,中央,275,2024,112024710,外来診療料（情報通信機器を用いた再診を行った場合）,49.0
secondary_medical_area,39,3903,,高幡,276,2024,112024710,外来診療料（情報通信機器を用いた再診を行った場合）,0.0
secondary_medical_area,39,3904,,幡多,277,2024,112024710,外来診療料（情報通信機器を用いた再診を行った場合）,0.0
secondary_medical_area,40,4001,,福岡・糸島,278,2024,112024710,外来診療料（情報通信機器を用いた再診を行った場合）,39.0
secondary_medical_area,40,4002,,粕屋,279,2024,112024710,外来診療料（情報通信機器を用いた再診を行った場合）,0.0
secondary_medical_area,40,4003,,宗像,280,2024,112024710,外来診療料（情報通信機器を用いた再診を行った場合）,0.0
secondary_medical_area,40,4004,,筑紫,281,2024,112024710,外来診療料（情報通信機器を用いた再診を行った場合）,0.0
secondary_medical_area,40,4005,,朝倉,282,2024,112024710,外来診療料（情報通信機器を用いた再診を行った場合）,0.0
secondary_medical_area,40,4006,,久留米,283,2024,112024710,外来診療料（情報通信機器を用いた再診を行った場合）,0.0
secondary_medical_area,40,4007,,八女・筑後,284,2024,112024710,外来診療料（情報通信機器を用いた再診を行った場合）,0.0
secondary_medical_area,40,4008,,有明,285,2024,112024710,外来診療料（情報通信機器を用いた再診を行った場合）,
secondary_medical_area,40,4009,,飯塚,286,2024,112024710,外来診療料（情報通信機器を用いた再診を行った場合）,
secondary_medical_area,40,4010,,直方・鞍手,287,2024,112024710,外来診療料（情報通信機器を用いた再診を行った場合）,0.0
secondary_medical_area,40,4011,,田川,288,2024,112024710,外来診療料（情報通信機器を用いた再診を行った場合）,0.0
secondary_medical_area,40,4012,,北九州,289,2024,112024710,外来診療料（情報通信機器を用いた再診を行った場合）,0.0
secondary_medical_area,40,4013,,京築,290,2024,112024710,外来診療料（情報通信機器を用いた再診を行った場合）,0.0
secondary_medical_area,41,4101,,中部,291,2024,112024710,外来診療料（情報通信機器を用いた再診を行った場合）,0.0
secondary_medical_area,41,4102,,東部,292,2024,112024710,外来診療料（情報通信機器を用いた再診を行った場合）,0.0
secondary_medical_area,41,4103,,北部,293,2024,112024710,外来診療料（情報通信機器を用いた再診を行った場合）,0.0
secondary_medical_area,41,4104,,西部,294,2024,112024710,外来診療料（情報通信機器を用いた再診を行った場合）,0.0
secondary_medical_area,41,4105,,南部,295,2024,112024710,外来診療料（情報通信機器を用いた再診を行った場合）,0.0
secondary_medical_area,42,4201,,長崎,296,2024,112024710,外来診療料（情報通信機器を用いた再診を行った場合）,299.0
secondary_medical_area,42,4202,,佐世保県北,297,2024,112024710,外来診療料（情報通信機器を用いた再診を行った場合）,34.0
secondary_medical_area,42,4203,,県央,298,2024,112024710,外来診療料（情報通信機器を用いた再診を行った場合）,
secondary_medical_area,42,4204,,県南,299,2024,112024710,外来診療料（情報通信機器を用いた再診を行った場合）,0.0
secondary_medical_area,42,4206,,五島,300,2024,112024710,外来診療料（情報通信機器を用いた再診を行った場合）,
secondary_medical_area,42,4207,,上五島,301,2024,112024710,外来診療料（情報通信機器を用いた再診を行った場合）,0.0
secondary_medical_area,42,4208,,壱岐,302,2024,112024710,外来診療料（情報通信機器を用いた再診を行った場合）,0.0
secondary_medical_area,42,4209,,対馬,303,2024,112024710,外来診療料（情報通信機器を用いた再診を行った場合）,147.0
secondary_medical_area,43,4302,,宇城,304,2024,112024710,外来診療料（情報通信機器を用いた再診を行った場合）,0.0
secondary_medical_area,43,4303,,有明,305,2024,112024710,外来診療料（情報通信機器を用いた再診を行った場合）,
secondary_medical_area,43,4304,,鹿本,306,2024,112024710,外来診療料（情報通信機器を用いた再診を行った場合）,0.0
secondary_medical_area,43,4305,,菊池,307,2024,112024710,外来診療料（情報通信機器を用いた再診を行った場合）,0.0
secondary_medical_area,43,4306,,阿蘇,308,2024,112024710,外来診療料（情報通信機器を用いた再診を行った場合）,0.0
secondary_medical_area,43,4308,,八代,309,2024,112024710,外来診療料（情報通信機器を用いた再診を行った場合）,0.0
secondary_medical_area,43,4309,,芦北,310,2024,112024710,外来診療料（情報通信機器を用いた再診を行った場合）,
secondary_medical_area,43,4310,,球磨,311,2024,112024710,外来診療料（情報通信機器を用いた再診を行った場合）,0.0
secondary_medical_area,43,4311,,天草,312,2024,112024710,外来診療料（情報通信機器を用いた再診を行った場合）,0.0
secondary_medical_area,43,4312,,熊本・上益城,313,2024,112024710,外来診療料（情報通信機器を用いた再診を行った場合）,12.0
secondary_medical_area,44,4401,,東部,314,2024,112024710,外来診療料（情報通信機器を用いた再診を行った場合）,0.0
secondary_medical_area,44,4403,,中部,315,2024,112024710,外来診療料（情報通信機器を用いた再診を行った場合）,0.0
secondary_medical_area,44,4405,,南部,316,2024,112024710,外来診療料（情報通信機器を用いた再診を行った場合）,0.0
secondary_medical_area,44,4406,,豊肥,317,2024,112024710,外来診療料（情報通信機器を用いた再診を行った場合）,0.0
secondary_medical_area,44,4408,,西部,318,2024,112024710,外来診療料（情報通信機器を用いた再診を行った場合）,0.0
secondary_medical_area,44,4409,,北部,319,2024,112024710,外来診療料（情報通信機器を用いた再診を行った場合）,0.0
secondary_medical_area,45,4501,,宮崎東諸県,320,2024,112024710,外来診療料（情報通信機器を用いた再診を行った場合）,91.0
secondary_medical_area,45,4502,,都城北諸県,321,2024,112024710,外来診療料（情報通信機器を用いた再診を行った場合）,0.0
secondary_medical_area,45,4503,,延岡西臼杵,322,2024,112024710,外来診療料（情報通信機器を用いた再診を行った場合）,0.0
secondary_medical_area,45,4504,,日南串間,323,2024,112024710,外来診療料（情報通信機器を用いた再診を行った場合）,0.0
secondary_medical_area,45,4505,,西諸,324,2024,112024710,外来診療料（情報通信機器を用いた再診を行った場合）,0.0
secondary_medical_area,45,4506,,西都児湯,325,2024,112024710,外来診療料（情報通信機器を用いた再診を行った場合）,0.0
secondary_medical_area,45,4507,,日向入郷,326,2024,112024710,外来診療料（情報通信機器を用いた再診を行った場合）,0.0
secondary_medical_area,46,4601,,鹿児島,327,2024,112024710,外来診療料（情報通信機器を用いた再診を行った場合）,0.0
secondary_medical_area,46,4603,,南薩,328,2024,112024710,外来診療料（情報通信機器を用いた再診を行った場合）,0.0
secondary_medical_area,46,4605,,川薩,329,2024,112024710,外来診療料（情報通信機器を用いた再診を行った場合）,0.0
secondary_medical_area,46,4606,,出水,330,2024,112024710,外来診療料（情報通信機器を用いた再診を行った場合）,0.0
secondary_medical_area,46,4607,,姶良・伊佐,331,2024,112024710,外来診療料（情報通信機器を用いた再診を行った場合）,0.0
secondary_medical_area,46,4609,,曽於,332,2024,112024710,外来診療料（情報通信機器を用いた再診を行った場合）,0.0
secondary_medical_area,46,4610,,肝属,333,2024,112024710,外来診療料（情報通信機器を用いた再診を行った場合）,0.0
secondary_medical_area,46,4611,,熊毛,334,2024,112024710,外来診療料（情報通信機器を用いた再診を行った場合）,0.0
secondary_medical_area,46,4612,,奄美,335,2024,112024710,外来診療料（情報通信機器を用いた再診を行った場合）,0.0
secondary_medical_area,47,4701,,北部,336,2024,112024710,外来診療料（情報通信機器を用いた再診を行った場合）,37.0
secondary_medical_area,47,4702,,中部,337,2024,112024710,外来診療料（情報通信機器を用いた再診を行った場合）,0.0
secondary_medical_area,47,4703,,南部,338,2024,112024710,外来診療料（情報通信機器を用いた再診を行った場合）,31.0
secondary_medical_area,47,4704,,宮古,339,2024,112024710,外来診療料（情報通信機器を用いた再診を行った場合）,0.0
secondary_medical_area,47,4705,,八重山,340,2024,112024710,外来診療料（情報通信機器を用いた再診を行った場合）,0.0
